letter,octave,velocity,time_on,time_off,duration,note_number
A,3,127,3480,3580,100,45
A,3,127,3600,3718,118,45
D,4,127,3840,3964,124,50
C#,4,127,3960,4092,132,49
G,3,127,4080,4193,113,43
A,3,127,4200,4317,117,45
A,3,127,4440,4544,104,45
A,3,127,4560,4669,109,45
D,4,127,4800,4928,128,50
C#,4,127,4920,5047,127,49
G,3,127,5040,5144,104,43
A,3,127,5160,5278,118,45
A,3,127,5400,5495,95,45
A,3,127,5520,5647,127,45
D,4,127,5760,5895,135,50
C#,4,127,5880,6016,136,49
G,3,127,6000,6103,103,43
A,3,127,6120,6226,106,45
A,3,127,6360,6434,74,45
A,3,127,6480,6601,121,45
G,3,127,6720,6837,117,43
G,3,127,7080,7201,121,43
F#,3,127,7560,7669,109,42
G,3,127,7691,7807,116,43
B,3,127,7920,8034,114,47
G,3,127,8042,8187,145,43
D,4,127,8640,8765,125,50
C#,4,127,8760,8907,147,49
G,3,127,8880,9003,123,43
A,3,127,9000,9095,95,45
A,3,127,9240,9340,100,45
A,3,127,9360,9478,118,45
D,4,127,9600,9724,124,50
C#,4,127,9720,9852,132,49
G,3,127,9840,9953,113,43
A,3,127,9960,10077,117,45
A,3,127,10200,10304,104,45
A,3,127,10320,10429,109,45
D,4,127,10560,10688,128,50
C#,4,127,10680,10807,127,49
G,3,127,10800,10904,104,43
A,3,127,10920,11038,118,45
A,3,127,11160,11255,95,45
A,3,127,11280,11407,127,45
D,4,127,11520,11655,135,50
C#,4,127,11640,11776,136,49
G,3,127,11760,11863,103,43
A,3,127,11880,11986,106,45
A,3,127,12120,12194,74,45
A,3,127,12240,12361,121,45
F#,3,127,12360,12466,106,42
G,3,127,12480,12597,117,43
B,3,127,12720,12834,114,47
G,3,127,12840,12961,121,43
F#,3,127,13320,13429,109,42
G,3,127,13451,13567,116,43
B,3,127,13680,13794,114,47
G,3,127,13802,13947,145,43
D,4,127,14400,14525,125,50
C#,4,127,14520,14667,147,49
G,3,127,14640,14763,123,43
A,3,127,14760,14855,95,45
A,3,127,15000,15100,100,45
A,3,127,15120,15238,118,45
D,4,127,15360,15484,124,50
C#,4,127,15480,15612,132,49
G,3,127,15600,15713,113,43
A,3,127,15720,15837,117,45
A,3,127,15960,16064,104,45
A,3,127,16080,16189,109,45
D,4,127,16320,16448,128,50
C#,4,127,16440,16567,127,49
G,3,127,16560,16664,104,43
A,3,127,16680,16798,118,45
A,3,127,16920,17015,95,45
A,3,127,17040,17167,127,45
D,4,127,17280,17415,135,50
C#,4,127,17400,17536,136,49
G,3,127,17520,17623,103,43
A,3,127,17640,17746,106,45
A,3,127,17880,17954,74,45
A,3,127,18000,18121,121,45
F#,3,127,18120,18226,106,42
G,3,127,18240,18357,117,43
B,3,127,18480,18594,114,47
G,3,127,18600,18721,121,43
F#,3,127,19080,19189,109,42
G,3,127,19211,19327,116,43
B,3,127,19440,19554,114,47
G,3,127,19562,19707,145,43
D,4,127,20160,20285,125,50
C#,4,127,20280,20427,147,49
G,3,127,20400,20523,123,43
A,3,127,20520,20615,95,45
A,3,127,20760,20860,100,45
A,3,127,20880,20998,118,45
D,4,127,21120,21244,124,50
C#,4,127,21240,21372,132,49
G,3,127,21360,21473,113,43
A,3,127,21480,21597,117,45
A,3,127,21720,21824,104,45
A,3,127,21840,21949,109,45
D,4,127,22080,22208,128,50
C#,4,127,22200,22327,127,49
G,3,127,22320,22424,104,43
A,3,127,22440,22558,118,45
A,3,127,22680,22775,95,45
A,3,127,22800,22927,127,45
D,4,127,23040,23175,135,50
C#,4,127,23160,23296,136,49
G,3,127,23280,23383,103,43
A,3,127,23400,23506,106,45
A,3,127,23640,23714,74,45
A,3,127,23760,23881,121,45
F#,3,127,23880,23986,106,42
G,3,127,24000,24117,117,43
B,3,127,24240,24354,114,47
G,3,127,24360,24481,121,43
F#,3,127,24840,24949,109,42
G,3,127,24971,25087,116,43
B,3,127,25200,25314,114,47
G,3,127,25322,25467,145,43
D,4,127,25920,26013,93,50
B,4,127,26760,26884,124,59
D,4,127,26880,26986,106,50
D,5,127,27120,27241,121,62
A,4,127,27240,27332,92,57
D,4,127,27840,27931,91,50
D,5,127,28080,28204,124,62
A,4,127,28200,28303,103,57
B,4,127,28440,28571,131,59
C,5,127,28560,28700,140,60
B,4,127,28680,28798,118,59
D,4,127,28800,28905,105,50
D,4,127,29146,29210,64,50
A,4,127,29424,29548,124,57
D,5,127,29515,29659,144,62
D,4,127,29760,29872,112,50
D,5,127,30000,30125,125,62
A,4,127,30120,30203,83,57
B,4,127,30360,30446,86,59
C,5,127,30480,30616,136,60
B,4,127,30600,30736,136,59
D,4,127,30720,30842,122,50
D,5,127,30960,31079,119,62
A,4,127,31080,31163,83,57
F,5,127,31320,31460,140,65
E,5,127,31440,31561,121,64
D,4,127,31680,31789,109,50
D,5,127,31920,32032,112,62
A,4,127,32040,32132,92,57
B,4,127,32280,32400,120,59
C,5,127,32400,32563,163,60
B,4,127,32520,32645,125,59
D,4,127,32640,32766,126,50
G,4,127,32760,32919,159,55
A,4,127,32880,32990,110,57
D,5,127,33000,33431,431,62
D,4,127,33600,33725,125,50
C#,4,127,33720,33867,147,49
G,3,127,33840,33963,123,43
A,3,127,33960,34055,95,45
A,3,127,34200,34300,100,45
A,3,127,34320,34438,118,45
D,4,127,34560,34684,124,50
C#,4,127,34680,34812,132,49
G,3,127,34800,34913,113,43
A,3,127,34920,35037,117,45
A,3,127,35160,35264,104,45
A,3,127,35280,35389,109,45
D,4,127,35520,35648,128,50
C#,4,127,35640,35767,127,49
G,3,127,35760,35864,104,43
A,3,127,35880,35998,118,45
A,3,127,36120,36215,95,45
A,3,127,36240,36367,127,45
D,4,127,36480,36615,135,50
C#,4,127,36600,36736,136,49
G,3,127,36720,36823,103,43
A,3,127,36840,36946,106,45
A,3,127,37080,37154,74,45
A,3,127,37200,37321,121,45
F#,3,127,37320,37426,106,42
G,3,127,37440,37557,117,43
B,3,127,37680,37794,114,47
G,3,127,37800,37921,121,43
F#,3,127,38280,38389,109,42
G,3,127,38411,38527,116,43
B,3,127,38640,38754,114,47
G,3,127,38762,38907,145,43
D,4,127,39360,39485,125,50
C#,4,127,39480,39627,147,49
G,3,127,39600,39723,123,43
A,3,127,39720,39815,95,45
A,3,127,39960,40060,100,45
A,3,127,40080,40198,118,45
D,4,127,40320,40444,124,50
C#,4,127,40440,40572,132,49
G,3,127,40560,40673,113,43
A,3,127,40680,40797,117,45
A,3,127,40920,41024,104,45
A,3,127,41040,41149,109,45
D,4,127,41280,41408,128,50
C#,4,127,41400,41527,127,49
G,3,127,41520,41624,104,43
A,3,127,41640,41758,118,45
A,3,127,41880,41975,95,45
A,3,127,42000,42127,127,45
D,4,127,42240,42375,135,50
C#,4,127,42360,42496,136,49
G,3,127,42480,42583,103,43
A,3,127,42600,42706,106,45
A,3,127,42840,42914,74,45
A,3,127,42960,43081,121,45
F#,3,127,43080,43186,106,42
G,3,127,43200,43317,117,43
B,3,127,43440,43554,114,47
G,3,127,43560,43681,121,43
F#,3,127,44040,44149,109,42
G,3,127,44171,44287,116,43
B,3,127,44400,44514,114,47
G,3,127,44522,44667,145,43
D,4,127,45120,45213,93,50
D,5,127,45360,45480,120,62
A,4,127,45480,45577,97,57
B,4,127,45720,45827,107,59
C,5,127,45840,45957,117,60
B,4,127,45960,46084,124,59
D,4,127,46080,46186,106,50
D,5,127,46320,46441,121,62
A,4,127,46440,46532,92,57
F,5,127,46680,46830,150,65
E,5,127,46800,46926,126,64
D,4,127,47040,47131,91,50
D,5,127,47280,47404,124,62
A,4,127,47400,47503,103,57
B,4,127,47640,47771,131,59
C,5,127,47760,47900,140,60
B,4,127,47880,47998,118,59
D,4,127,48000,48105,105,50
D,4,127,48346,48410,64,50
G,4,127,48593,48656,63,55
A,4,127,48624,48748,124,57
D,5,127,48715,48859,144,62
D,4,127,48960,49072,112,50
D,5,127,49200,49325,125,62
A,4,127,49320,49403,83,57
B,4,127,49560,49646,86,59
C,5,127,49680,49816,136,60
B,4,127,49800,49936,136,59
D,4,127,49920,50042,122,50
D,5,127,50160,50279,119,62
A,4,127,50280,50363,83,57
F,5,127,50520,50660,140,65
E,5,127,50640,50761,121,64
D,4,127,50880,50989,109,50
D,5,127,51120,51232,112,62
A,4,127,51240,51332,92,57
B,4,127,51480,51600,120,59
C,5,127,51600,51763,163,60
B,4,127,51720,51845,125,59
D,4,127,51840,51966,126,50
G,4,127,51960,52119,159,55
A,4,127,52080,52190,110,57
D,5,127,52200,52631,431,62
D,4,127,52800,52925,125,50
C#,4,127,52920,53067,147,49
G,3,127,53040,53163,123,43
A,3,127,53160,53255,95,45
A,3,127,53400,53500,100,45
A,3,127,53520,53638,118,45
D,4,127,53760,53884,124,50
C#,4,127,53880,54012,132,49
G,3,127,54000,54113,113,43
A,3,127,54120,54237,117,45
A,3,127,54360,54464,104,45
A,3,127,54480,54589,109,45
D,4,127,54720,54848,128,50
C#,4,127,54840,54967,127,49
G,3,127,54960,55064,104,43
A,3,127,55080,55198,118,45
A,3,127,55320,55415,95,45
A,3,127,55440,55567,127,45
D,4,127,55680,55815,135,50
C#,4,127,55800,55936,136,49
G,3,127,55920,56023,103,43
A,3,127,56040,56146,106,45
A,3,127,56280,56354,74,45
A,3,127,56400,56521,121,45
F#,3,127,56520,56626,106,42
G,3,127,56640,56757,117,43
B,3,127,56880,56994,114,47
G,3,127,57000,57121,121,43
F#,3,127,57480,57589,109,42
G,3,127,57611,57727,116,43
B,3,127,57840,57954,114,47
G,3,127,57962,58107,145,43
D,4,127,58560,58685,125,50
C#,4,127,58680,58827,147,49
G,3,127,58800,58923,123,43
A,3,127,58920,59015,95,45
A,3,127,59160,59260,100,45
A,3,127,59280,59398,118,45
D,4,127,59520,59644,124,50
C#,4,127,59640,59772,132,49
G,3,127,59760,59873,113,43
A,3,127,59880,59997,117,45
A,3,127,60120,60224,104,45
A,3,127,60240,60349,109,45
D,4,127,60480,60608,128,50
C#,4,127,60600,60727,127,49
G,3,127,60720,60824,104,43
A,3,127,60840,60958,118,45
A,3,127,61080,61175,95,45
A,3,127,61200,61327,127,45
D,4,127,61440,61575,135,50
C#,4,127,61560,61696,136,49
G,3,127,61680,61783,103,43
A,3,127,61800,61906,106,45
A,3,127,62040,62114,74,45
A,3,127,62160,62281,121,45
F#,3,127,62280,62386,106,42
G,3,127,62400,62517,117,43
B,3,127,62640,62754,114,47
G,3,127,62760,62881,121,43
F#,3,127,63240,63349,109,42
G,3,127,63371,63487,116,43
B,3,127,63600,63714,114,47
G,3,127,63722,63867,145,43
D,4,127,64320,64413,93,50
D,5,127,64560,64680,120,62
A,4,127,64680,64777,97,57
B,4,127,64920,65027,107,59
C,5,127,65040,65157,117,60
B,4,127,65160,65284,124,59
D,4,127,65280,65386,106,50
D,5,127,65520,65641,121,62
A,4,127,65640,65732,92,57
F,5,127,65880,66030,150,65
E,5,127,66000,66126,126,64
D,4,127,66240,66331,91,50
D,5,127,66480,66604,124,62
A,4,127,66600,66703,103,57
B,4,127,66840,66971,131,59
C,5,127,66960,67100,140,60
B,4,127,67080,67198,118,59
D,4,127,67200,67305,105,50
D,4,127,67546,67610,64,50
G,4,127,67793,67856,63,55
A,4,127,67824,67948,124,57
D,5,127,67915,68059,144,62
D,4,127,68160,68272,112,50
D,5,127,68400,68525,125,62
A,4,127,68520,68603,83,57
B,4,127,68760,68846,86,59
C,5,127,68880,69016,136,60
B,4,127,69000,69136,136,59
D,4,127,69120,69242,122,50
D,5,127,69360,69479,119,62
A,4,127,69480,69563,83,57
F,5,127,69720,69860,140,65
E,5,127,69840,69961,121,64
D,4,127,70080,70189,109,50
D,5,127,70320,70432,112,62
A,4,127,70440,70532,92,57
B,4,127,70680,70800,120,59
C,5,127,70800,70963,163,60
B,4,127,70920,71045,125,59
D,4,127,71040,71166,126,50
G,4,127,71160,71319,159,55
A,4,127,71280,71390,110,57
D,5,127,71400,71831,431,62
D,4,127,72000,72125,125,50
C#,4,127,72120,72267,147,49
G,3,127,72240,72363,123,43
A,3,127,72360,72455,95,45
A,3,127,72600,72700,100,45
A,3,127,72720,72838,118,45
D,4,127,72960,73084,124,50
C#,4,127,73080,73212,132,49
G,3,127,73200,73313,113,43
A,3,127,73320,73437,117,45
A,3,127,73560,73664,104,45
A,3,127,73680,73789,109,45
D,4,127,73920,74048,128,50
C#,4,127,74040,74167,127,49
G,3,127,74160,74264,104,43
A,3,127,74280,74398,118,45
A,3,127,74520,74615,95,45
A,3,127,74640,74767,127,45
D,4,127,74880,75015,135,50
C#,4,127,75000,75136,136,49
G,3,127,75120,75223,103,43
A,3,127,75240,75346,106,45
A,3,127,75480,75554,74,45
A,3,127,75600,75721,121,45
F#,3,127,75720,75826,106,42
G,3,127,75840,75957,117,43
B,3,127,76080,76194,114,47
G,3,127,76200,76321,121,43
F#,3,127,76680,76789,109,42
G,3,127,76811,76927,116,43
B,3,127,77040,77154,114,47
G,3,127,77162,77307,145,43
D,4,127,77760,77885,125,50
C#,4,127,77880,78027,147,49
G,3,127,78000,78123,123,43
A,3,127,78120,78215,95,45
A,3,127,78360,78460,100,45
A,3,127,78480,78598,118,45
D,4,127,78720,78844,124,50
C#,4,127,78840,78972,132,49
G,3,127,78960,79073,113,43
A,3,127,79080,79197,117,45
A,3,127,79320,79424,104,45
A,3,127,79440,79549,109,45
D,4,127,79680,79808,128,50
C#,4,127,79800,79927,127,49
G,3,127,79920,80024,104,43
A,3,127,80040,80158,118,45
A,3,127,80280,80375,95,45
A,3,127,80400,80527,127,45
D,4,127,80640,80775,135,50
C#,4,127,80760,80896,136,49
G,3,127,80880,80983,103,43
A,3,127,81000,81106,106,45
A,3,127,81240,81314,74,45
A,3,127,81360,81481,121,45
F#,3,127,81480,81586,106,42
G,3,127,81600,81717,117,43
B,3,127,81840,81954,114,47
G,3,127,81960,82081,121,43
F#,3,127,82440,82549,109,42
G,3,127,82571,82687,116,43
B,3,127,82800,82914,114,47
G,3,127,82922,83067,145,43
D,4,127,83520,83645,125,50
C#,4,127,83640,83787,147,49
G,3,127,83760,83883,123,43
A,3,127,83880,83975,95,45
A,3,127,84120,84220,100,45
A,3,127,84240,84358,118,45
D,4,127,84480,84604,124,50
C#,4,127,84600,84732,132,49
G,3,127,84720,84833,113,43
A,3,127,84840,84957,117,45
A,3,127,85080,85184,104,45
A,3,127,85200,85309,109,45
D,4,127,85440,85568,128,50
C#,4,127,85560,85687,127,49
G,3,127,85680,85784,104,43
A,3,127,85800,85918,118,45
A,3,127,86040,86135,95,45
A,3,127,86160,86287,127,45
D,4,127,86400,86535,135,50
C#,4,127,86520,86656,136,49
G,3,127,86640,86743,103,43
A,3,127,86760,86866,106,45
A,3,127,87000,87074,74,45
A,3,127,87120,87241,121,45
F#,3,127,87240,87346,106,42
G,3,127,87360,87477,117,43
B,3,127,87600,87714,114,47
G,3,127,87720,87841,121,43
F#,3,127,88200,88309,109,42
G,3,127,88331,88447,116,43
B,3,127,88560,88674,114,47
G,3,127,88682,88827,145,43
D,4,127,89280,89405,125,50
C#,4,127,89400,89547,147,49
G,3,127,89520,89643,123,43
A,3,127,89640,89735,95,45
A,3,127,89880,89980,100,45
A,3,127,90000,90118,118,45
D,4,127,90240,90364,124,50
C#,4,127,90360,90492,132,49
G,3,127,90480,90593,113,43
A,3,127,90600,90717,117,45
A,3,127,90840,90944,104,45
A,3,127,90960,91069,109,45
D,4,127,91200,91328,128,50
C#,4,127,91320,91447,127,49
G,3,127,91440,91544,104,43
A,3,127,91560,91678,118,45
A,3,127,91800,91895,95,45
A,3,127,91920,92047,127,45
D,4,127,92160,92295,135,50
C#,4,127,92280,92416,136,49
G,3,127,92400,92503,103,43
A,3,127,92520,92626,106,45
A,3,127,92760,92834,74,45
A,3,127,92880,93001,121,45
F#,3,127,93000,93106,106,42
G,3,127,93120,93237,117,43
B,3,127,93360,93474,114,47
G,3,127,93480,93601,121,43
F#,3,127,93960,94069,109,42
G,3,127,94091,94207,116,43
B,3,127,94320,94434,114,47
G,3,127,94442,94587,145,43
D,4,127,95040,95165,125,50
C#,4,127,95160,95307,147,49
G,3,127,95280,95403,123,43
A,3,127,95400,95495,95,45
A,3,127,95640,95740,100,45
A,3,127,95760,95878,118,45
D,4,127,96000,96124,124,50
C#,4,127,96120,96252,132,49
G,3,127,96240,96353,113,43
A,3,127,96360,96477,117,45
A,3,127,96600,96704,104,45
A,3,127,96720,96829,109,45
D,4,127,96960,97088,128,50
C#,4,127,97080,97207,127,49
G,3,127,97200,97304,104,43
A,3,127,97320,97438,118,45
A,3,127,97560,97655,95,45
A,3,127,97680,97807,127,45
D,4,127,97920,98055,135,50
C#,4,127,98040,98176,136,49
G,3,127,98160,98263,103,43
A,3,127,98280,98386,106,45
A,3,127,98520,98594,74,45
A,3,127,98640,98761,121,45
F#,3,127,98760,98866,106,42
G,3,127,98880,98997,117,43
B,3,127,99120,99234,114,47
G,3,127,99240,99361,121,43
F#,3,127,99720,99829,109,42
G,3,127,99851,99967,116,43
B,3,127,100080,100194,114,47
G,3,127,100202,100347,145,43
D,4,127,100800,100925,125,50
C#,4,127,100920,101067,147,49
G,3,127,101040,101163,123,43
A,3,127,101160,101255,95,45
A,3,127,101400,101500,100,45
A,3,127,101520,101638,118,45
D,4,127,101760,101884,124,50
C#,4,127,101880,102012,132,49
G,3,127,102000,102113,113,43
A,3,127,102120,102237,117,45
A,3,127,102360,102464,104,45
A,3,127,102480,102589,109,45
D,4,127,102720,102848,128,50
C#,4,127,102840,102967,127,49
G,3,127,102960,103064,104,43
A,3,127,103080,103198,118,45
A,3,127,103320,103415,95,45
A,3,127,103440,103567,127,45
D,4,127,103680,103815,135,50
C#,4,127,103800,103936,136,49
G,3,127,103920,104023,103,43
A,3,127,104040,104146,106,45
A,3,127,104280,104354,74,45
A,3,127,104400,104521,121,45
F#,3,127,104520,104626,106,42
G,3,127,104640,104757,117,43
B,3,127,104880,104994,114,47
G,3,127,105000,105121,121,43
F#,3,127,105480,105589,109,42
G,3,127,105611,105727,116,43
B,3,127,105840,105954,114,47
G,3,127,105962,106107,145,43
D,4,127,106560,106685,125,50
C#,4,127,106680,106827,147,49
G,3,127,106800,106923,123,43
A,3,127,106920,107015,95,45
A,3,127,107160,107260,100,45
A,3,127,107280,107398,118,45
D,4,127,107520,107644,124,50
C#,4,127,107640,107772,132,49
G,3,127,107760,107873,113,43
A,3,127,107880,107997,117,45
A,3,127,108120,108224,104,45
A,3,127,108240,108349,109,45
D,4,127,108480,108608,128,50
C#,4,127,108600,108727,127,49
G,3,127,108720,108824,104,43
A,3,127,108840,108958,118,45
A,3,127,109080,109175,95,45
A,3,127,109200,109327,127,45
D,4,127,109440,109575,135,50
C#,4,127,109560,109696,136,49
G,3,127,109680,109783,103,43
A,3,127,109800,109906,106,45
A,3,127,110040,110114,74,45
A,3,127,110160,110281,121,45
F#,3,127,110280,110386,106,42
G,3,127,110400,110517,117,43
B,3,127,110640,110754,114,47
G,3,127,110760,110881,121,43
F#,3,127,111240,111349,109,42
G,3,127,111371,111487,116,43
B,3,127,111600,111714,114,47
G,3,127,111722,111867,145,43
D,4,127,112320,112445,125,50
C#,4,127,112440,112587,147,49
G,3,127,112560,112683,123,43
A,3,127,112680,112775,95,45
A,3,127,112920,113020,100,45
A,3,127,113040,113158,118,45
D,4,127,113280,113404,124,50
C#,4,127,113400,113532,132,49
G,3,127,113520,113633,113,43
A,3,127,113640,113757,117,45
A,3,127,113880,113984,104,45
A,3,127,114000,114109,109,45
D,4,127,114240,114368,128,50
C#,4,127,114360,114487,127,49
G,3,127,114480,114584,104,43
A,3,127,114600,114718,118,45
A,3,127,114840,114935,95,45
A,3,127,114960,115087,127,45
D,4,127,115200,115335,135,50
C#,4,127,115320,115456,136,49
G,3,127,115440,115543,103,43
A,3,127,115560,115666,106,45
A,3,127,115800,115874,74,45
A,3,127,115920,116041,121,45
F#,3,127,116040,116146,106,42
G,3,127,116160,116277,117,43
B,3,127,116400,116514,114,47
G,3,127,116520,116641,121,43
F#,3,127,117000,117109,109,42
G,3,127,117131,117247,116,43
B,3,127,117360,117474,114,47
G,3,127,117482,117627,145,43
D,4,127,118080,118205,125,50
C#,4,127,118200,118347,147,49
G,3,127,118320,118443,123,43
A,3,127,118440,118535,95,45
A,3,127,118680,118780,100,45
A,3,127,118800,118918,118,45
D,4,127,119040,119164,124,50
C#,4,127,119160,119292,132,49
G,3,127,119280,119393,113,43
A,3,127,119400,119517,117,45
A,3,127,119640,119744,104,45
A,3,127,119760,119869,109,45
D,4,127,120000,120128,128,50
C#,4,127,120120,120247,127,49
G,3,127,120240,120344,104,43
A,3,127,120360,120478,118,45
A,3,127,120600,120695,95,45
A,3,127,120720,120847,127,45
D,4,127,120960,121095,135,50
C#,4,127,121080,121216,136,49
G,3,127,121200,121303,103,43
A,3,127,121320,121426,106,45
A,3,127,121560,121634,74,45
A,3,127,121680,121801,121,45
F#,3,127,121800,121906,106,42
G,3,127,121920,122037,117,43
B,3,127,122160,122274,114,47
G,3,127,122280,122401,121,43
F#,3,127,122760,122869,109,42
G,3,127,122891,123007,116,43
B,3,127,123120,123234,114,47
G,3,127,123242,123387,145,43
D,4,127,123840,123965,125,50
C#,4,127,123960,124107,147,49
G,3,127,124080,124203,123,43
A,3,127,124200,124295,95,45
A,3,127,124440,124540,100,45
A,3,127,124560,124678,118,45
D,4,127,124800,124924,124,50
C#,4,127,124920,125052,132,49
G,3,127,125040,125153,113,43
A,3,127,125160,125277,117,45
A,3,127,125400,125504,104,45
A,3,127,125520,125629,109,45
D,4,127,125760,125888,128,50
C#,4,127,125880,126007,127,49
G,3,127,126000,126104,104,43
A,3,127,126120,126238,118,45
A,3,127,126360,126455,95,45
A,3,127,126480,126607,127,45
D,4,127,126720,126855,135,50
C#,4,127,126840,126976,136,49
G,3,127,126960,127063,103,43
A,3,127,127080,127186,106,45
A,3,127,127320,127394,74,45
A,3,127,127440,127561,121,45
F#,3,127,127560,127666,106,42
G,3,127,127680,127797,117,43
B,3,127,127920,128034,114,47
G,3,127,128040,128161,121,43
F#,3,127,128520,128629,109,42
G,3,127,128651,128767,116,43
B,3,127,128880,128994,114,47
G,3,127,129002,129147,145,43
D,5,127,2880,3005,125,62
G,4,127,3120,3243,123,55
A,4,127,3240,3335,95,57
A,3,127,3480,3580,100,45
A,3,127,3600,3718,118,45
D,5,127,3840,3964,124,62
C#,5,127,3960,4092,132,61
G,4,127,4080,4193,113,55
A,4,127,4200,4317,117,57
A,3,127,4440,4544,104,45
A,3,127,4560,4669,109,45
D,5,127,4800,4928,128,62
C#,5,127,4920,5047,127,61
G,4,127,5040,5144,104,55
A,4,127,5160,5278,118,57
A,3,127,5400,5495,95,45
A,3,127,5520,5647,127,45
D,5,127,5760,5895,135,62
C#,5,127,5880,6016,136,61
G,4,127,6000,6103,103,55
A,4,127,6120,6226,106,57
A,3,127,6360,6434,74,45
A,3,127,6480,6601,121,45
G,4,127,6720,6837,117,55
B,4,127,6960,7074,114,59
G,4,127,7080,7201,121,55
F#,4,127,7560,7669,109,54
G,4,127,7691,7807,116,55
B,4,127,7920,8034,114,59
G,4,127,8042,8187,145,55
D,5,127,8640,8765,125,62
C#,5,127,8760,8907,147,61
G,4,127,8880,9003,123,55
A,4,127,9000,9095,95,57
A,3,127,9240,9340,100,45
A,3,127,9360,9478,118,45
D,5,127,9600,9724,124,62
C#,5,127,9720,9852,132,61
G,4,127,9840,9953,113,55
A,4,127,9960,10077,117,57
A,3,127,10200,10304,104,45
A,3,127,10320,10429,109,45
D,5,127,10560,10688,128,62
C#,5,127,10680,10807,127,61
G,4,127,10800,10904,104,55
A,4,127,10920,11038,118,57
A,3,127,11160,11255,95,45
A,3,127,11280,11407,127,45
D,5,127,11520,11655,135,62
C#,5,127,11640,11776,136,61
G,4,127,11760,11863,103,55
A,4,127,11880,11986,106,57
A,3,127,12120,12194,74,45
A,3,127,12240,12361,121,45
F#,4,127,12360,12466,106,54
G,4,127,12480,12597,117,55
B,4,127,12720,12834,114,59
G,4,127,12840,12961,121,55
F#,4,127,13320,13429,109,54
G,4,127,13451,13567,116,55
B,4,127,13680,13794,114,59
G,4,127,13802,13947,145,55
D,5,127,14400,14525,125,62
C#,5,127,14520,14667,147,61
G,4,127,14640,14763,123,55
A,4,127,14760,14855,95,57
A,3,127,15000,15100,100,45
A,3,127,15120,15238,118,45
D,5,127,15360,15484,124,62
C#,5,127,15480,15612,132,61
G,4,127,15600,15713,113,55
A,4,127,15720,15837,117,57
A,3,127,15960,16064,104,45
A,3,127,16080,16189,109,45
D,5,127,16320,16448,128,62
C#,5,127,16440,16567,127,61
G,4,127,16560,16664,104,55
A,4,127,16680,16798,118,57
A,3,127,16920,17015,95,45
A,3,127,17040,17167,127,45
D,5,127,17280,17415,135,62
C#,5,127,17400,17536,136,61
G,4,127,17520,17623,103,55
A,4,127,17640,17746,106,57
A,3,127,17880,17954,74,45
A,3,127,18000,18121,121,45
F#,4,127,18120,18226,106,54
G,4,127,18240,18357,117,55
B,4,127,18480,18594,114,59
G,4,127,18600,18721,121,55
F#,4,127,19080,19189,109,54
G,4,127,19211,19327,116,55
B,4,127,19440,19554,114,59
G,4,127,19562,19707,145,55
D,5,127,20160,20285,125,62
C#,5,127,20280,20427,147,61
G,4,127,20400,20523,123,55
A,4,127,20520,20615,95,57
A,3,127,20760,20860,100,45
A,3,127,20880,20998,118,45
D,5,127,21120,21244,124,62
C#,5,127,21240,21372,132,61
G,4,127,21360,21473,113,55
A,4,127,21480,21597,117,57
A,3,127,21720,21824,104,45
A,3,127,21840,21949,109,45
D,5,127,22080,22208,128,62
C#,5,127,22200,22327,127,61
G,4,127,22320,22424,104,55
A,4,127,22440,22558,118,57
A,3,127,22680,22775,95,45
A,3,127,22800,22927,127,45
D,5,127,23040,23175,135,62
C#,5,127,23160,23296,136,61
G,4,127,23280,23383,103,55
A,4,127,23400,23506,106,57
A,3,127,23640,23714,74,45
A,3,127,23760,23881,121,45
F#,4,127,23880,23986,106,54
G,4,127,24000,24117,117,55
B,4,127,24240,24354,114,59
G,4,127,24360,24481,121,55
F#,4,127,24840,24949,109,54
G,4,127,24971,25087,116,55
B,4,127,25200,25314,114,59
G,4,127,25322,25467,145,55
D,5,127,33600,33725,125,62
C#,5,127,33720,33867,147,61
G,4,127,33840,33963,123,55
A,4,127,33960,34055,95,57
A,3,127,34200,34300,100,45
A,3,127,34320,34438,118,45
D,5,127,34560,34684,124,62
C#,5,127,34680,34812,132,61
G,4,127,34800,34913,113,55
A,4,127,34920,35037,117,57
A,3,127,35160,35264,104,45
A,3,127,35280,35389,109,45
D,5,127,35520,35648,128,62
C#,5,127,35640,35767,127,61
G,4,127,35760,35864,104,55
A,4,127,35880,35998,118,57
A,3,127,36120,36215,95,45
A,3,127,36240,36367,127,45
D,5,127,36480,36615,135,62
C#,5,127,36600,36736,136,61
G,4,127,36720,36823,103,55
A,4,127,36840,36946,106,57
A,3,127,37080,37154,74,45
A,3,127,37200,37321,121,45
F#,4,127,37320,37426,106,54
G,4,127,37440,37557,117,55
B,4,127,37680,37794,114,59
G,4,127,37800,37921,121,55
F#,4,127,38280,38389,109,54
G,4,127,38411,38527,116,55
B,4,127,38640,38754,114,59
G,4,127,38762,38907,145,55
D,5,127,39360,39485,125,62
C#,5,127,39480,39627,147,61
G,4,127,39600,39723,123,55
A,4,127,39720,39815,95,57
A,3,127,39960,40060,100,45
A,3,127,40080,40198,118,45
D,5,127,40320,40444,124,62
C#,5,127,40440,40572,132,61
G,4,127,40560,40673,113,55
A,4,127,40680,40797,117,57
A,3,127,40920,41024,104,45
A,3,127,41040,41149,109,45
D,5,127,41280,41408,128,62
C#,5,127,41400,41527,127,61
G,4,127,41520,41624,104,55
A,4,127,41640,41758,118,57
A,3,127,41880,41975,95,45
A,3,127,42000,42127,127,45
D,5,127,42240,42375,135,62
C#,5,127,42360,42496,136,61
G,4,127,42480,42583,103,55
A,4,127,42600,42706,106,57
A,3,127,42840,42914,74,45
A,3,127,42960,43081,121,45
F#,4,127,43080,43186,106,54
G,4,127,43200,43317,117,55
B,4,127,43440,43554,114,59
G,4,127,43560,43681,121,55
F#,4,127,44040,44149,109,54
G,4,127,44171,44287,116,55
B,4,127,44400,44514,114,59
G,4,127,44522,44667,145,55
D,5,127,52800,52925,125,62
C#,5,127,52920,53067,147,61
G,4,127,53040,53163,123,55
A,4,127,53160,53255,95,57
A,3,127,53400,53500,100,45
A,3,127,53520,53638,118,45
D,5,127,53760,53884,124,62
C#,5,127,53880,54012,132,61
G,4,127,54000,54113,113,55
A,4,127,54120,54237,117,57
A,3,127,54360,54464,104,45
A,3,127,54480,54589,109,45
D,5,127,54720,54848,128,62
C#,5,127,54840,54967,127,61
G,4,127,54960,55064,104,55
A,4,127,55080,55198,118,57
A,3,127,55320,55415,95,45
A,3,127,55440,55567,127,45
D,5,127,55680,55815,135,62
C#,5,127,55800,55936,136,61
G,4,127,55920,56023,103,55
A,4,127,56040,56146,106,57
A,3,127,56280,56354,74,45
A,3,127,56400,56521,121,45
F#,4,127,56520,56626,106,54
G,4,127,56640,56757,117,55
B,4,127,56880,56994,114,59
G,4,127,57000,57121,121,55
F#,4,127,57480,57589,109,54
G,4,127,57611,57727,116,55
B,4,127,57840,57954,114,59
G,4,127,57962,58107,145,55
D,5,127,58560,58685,125,62
C#,5,127,58680,58827,147,61
G,4,127,58800,58923,123,55
A,4,127,58920,59015,95,57
A,3,127,59160,59260,100,45
A,3,127,59280,59398,118,45
D,5,127,59520,59644,124,62
C#,5,127,59640,59772,132,61
G,4,127,59760,59873,113,55
A,4,127,59880,59997,117,57
A,3,127,60120,60224,104,45
A,3,127,60240,60349,109,45
D,5,127,60480,60608,128,62
C#,5,127,60600,60727,127,61
G,4,127,60720,60824,104,55
A,4,127,60840,60958,118,57
A,3,127,61080,61175,95,45
A,3,127,61200,61327,127,45
D,5,127,61440,61575,135,62
C#,5,127,61560,61696,136,61
G,4,127,61680,61783,103,55
A,4,127,61800,61906,106,57
A,3,127,62040,62114,74,45
A,3,127,62160,62281,121,45
F#,4,127,62280,62386,106,54
G,4,127,62400,62517,117,55
B,4,127,62640,62754,114,59
G,4,127,62760,62881,121,55
F#,4,127,63240,63349,109,54
G,4,127,63371,63487,116,55
B,4,127,63600,63714,114,59
G,4,127,63722,63867,145,55
D,5,127,72000,72125,125,62
C#,5,127,72120,72267,147,61
G,4,127,72240,72363,123,55
A,4,127,72360,72455,95,57
A,3,127,72600,72700,100,45
A,3,127,72720,72838,118,45
D,5,127,72960,73084,124,62
C#,5,127,73080,73212,132,61
G,4,127,73200,73313,113,55
A,4,127,73320,73437,117,57
A,3,127,73560,73664,104,45
A,3,127,73680,73789,109,45
D,5,127,73920,74048,128,62
C#,5,127,74040,74167,127,61
G,4,127,74160,74264,104,55
A,4,127,74280,74398,118,57
A,3,127,74520,74615,95,45
A,3,127,74640,74767,127,45
D,5,127,74880,75015,135,62
C#,5,127,75000,75136,136,61
G,4,127,75120,75223,103,55
A,4,127,75240,75346,106,57
A,3,127,75480,75554,74,45
A,3,127,75600,75721,121,45
F#,4,127,75720,75826,106,54
G,4,127,75840,75957,117,55
B,4,127,76080,76194,114,59
G,4,127,76200,76321,121,55
F#,4,127,76680,76789,109,54
G,4,127,76811,76927,116,55
B,4,127,77040,77154,114,59
G,4,127,77162,77307,145,55
D,5,127,77760,77885,125,62
C#,5,127,77880,78027,147,61
G,4,127,78000,78123,123,55
A,4,127,78120,78215,95,57
A,3,127,78360,78460,100,45
A,3,127,78480,78598,118,45
D,5,127,78720,78844,124,62
C#,5,127,78840,78972,132,61
G,4,127,78960,79073,113,55
A,4,127,79080,79197,117,57
A,3,127,79320,79424,104,45
A,3,127,79440,79549,109,45
D,5,127,79680,79808,128,62
C#,5,127,79800,79927,127,61
G,4,127,79920,80024,104,55
A,4,127,80040,80158,118,57
A,3,127,80280,80375,95,45
A,3,127,80400,80527,127,45
D,5,127,80640,80775,135,62
C#,5,127,80760,80896,136,61
G,4,127,80880,80983,103,55
A,4,127,81000,81106,106,57
A,3,127,81240,81314,74,45
A,3,127,81360,81481,121,45
F#,4,127,81480,81586,106,54
G,4,127,81600,81717,117,55
B,4,127,81840,81954,114,59
G,4,127,81960,82081,121,55
F#,4,127,82440,82549,109,54
G,4,127,82571,82687,116,55
B,4,127,82800,82914,114,59
G,4,127,82922,83067,145,55
D,5,127,83520,83645,125,62
C#,5,127,83640,83787,147,61
G,4,127,83760,83883,123,55
A,4,127,83880,83975,95,57
A,3,127,84120,84220,100,45
A,3,127,84240,84358,118,45
D,5,127,84480,84604,124,62
C#,5,127,84600,84732,132,61
G,4,127,84720,84833,113,55
A,4,127,84840,84957,117,57
A,3,127,85080,85184,104,45
A,3,127,85200,85309,109,45
D,5,127,85440,85568,128,62
C#,5,127,85560,85687,127,61
G,4,127,85680,85784,104,55
A,4,127,85800,85918,118,57
A,3,127,86040,86135,95,45
A,3,127,86160,86287,127,45
D,5,127,86400,86535,135,62
C#,5,127,86520,86656,136,61
G,4,127,86640,86743,103,55
A,4,127,86760,86866,106,57
A,3,127,87000,87074,74,45
A,3,127,87120,87241,121,45
F#,4,127,87240,87346,106,54
G,4,127,87360,87477,117,55
B,4,127,87600,87714,114,59
G,4,127,87720,87841,121,55
F#,4,127,88200,88309,109,54
G,4,127,88331,88447,116,55
B,4,127,88560,88674,114,59
G,4,127,88682,88827,145,55
D,5,127,89280,89405,125,62
C#,5,127,89400,89547,147,61
G,4,127,89520,89643,123,55
A,4,127,89640,89735,95,57
A,3,127,89880,89980,100,45
A,3,127,90000,90118,118,45
D,5,127,90240,90364,124,62
C#,5,127,90360,90492,132,61
G,4,127,90480,90593,113,55
A,4,127,90600,90717,117,57
A,3,127,90840,90944,104,45
A,3,127,90960,91069,109,45
D,5,127,91200,91328,128,62
C#,5,127,91320,91447,127,61
G,4,127,91440,91544,104,55
A,4,127,91560,91678,118,57
A,3,127,91800,91895,95,45
A,3,127,91920,92047,127,45
D,5,127,92160,92295,135,62
C#,5,127,92280,92416,136,61
G,4,127,92400,92503,103,55
A,4,127,92520,92626,106,57
A,3,127,92760,92834,74,45
A,3,127,92880,93001,121,45
F#,4,127,93000,93106,106,54
G,4,127,93120,93237,117,55
B,4,127,93360,93474,114,59
G,4,127,93480,93601,121,55
F#,4,127,93960,94069,109,54
G,4,127,94091,94207,116,55
B,4,127,94320,94434,114,59
G,4,127,94442,94587,145,55
D,5,127,95040,95165,125,62
C#,5,127,95160,95307,147,61
G,4,127,95280,95403,123,55
A,4,127,95400,95495,95,57
A,3,127,95640,95740,100,45
A,3,127,95760,95878,118,45
D,5,127,96000,96124,124,62
C#,5,127,96120,96252,132,61
G,4,127,96240,96353,113,55
A,4,127,96360,96477,117,57
A,3,127,96600,96704,104,45
A,3,127,96720,96829,109,45
D,5,127,96960,97088,128,62
C#,5,127,97080,97207,127,61
G,4,127,97200,97304,104,55
A,4,127,97320,97438,118,57
A,3,127,97560,97655,95,45
A,3,127,97680,97807,127,45
D,5,127,97920,98055,135,62
C#,5,127,98040,98176,136,61
G,4,127,98160,98263,103,55
A,4,127,98280,98386,106,57
A,3,127,98520,98594,74,45
A,3,127,98640,98761,121,45
F#,4,127,98760,98866,106,54
G,4,127,98880,98997,117,55
B,4,127,99120,99234,114,59
G,4,127,99240,99361,121,55
F#,4,127,99720,99829,109,54
G,4,127,99851,99967,116,55
B,4,127,100080,100194,114,59
G,4,127,100202,100347,145,55
D,5,127,100800,100925,125,62
C#,5,127,100920,101067,147,61
G,4,127,101040,101163,123,55
A,4,127,101160,101255,95,57
A,3,127,101400,101500,100,45
A,3,127,101520,101638,118,45
D,5,127,101760,101884,124,62
C#,5,127,101880,102012,132,61
G,4,127,102000,102113,113,55
A,4,127,102120,102237,117,57
A,3,127,102360,102464,104,45
A,3,127,102480,102589,109,45
D,5,127,102720,102848,128,62
C#,5,127,102840,102967,127,61
G,4,127,102960,103064,104,55
A,4,127,103080,103198,118,57
A,3,127,103320,103415,95,45
A,3,127,103440,103567,127,45
D,5,127,103680,103815,135,62
C#,5,127,103800,103936,136,61
G,4,127,103920,104023,103,55
A,4,127,104040,104146,106,57
A,3,127,104280,104354,74,45
A,3,127,104400,104521,121,45
F#,4,127,104520,104626,106,54
G,4,127,104640,104757,117,55
B,4,127,104880,104994,114,59
G,4,127,105000,105121,121,55
F#,4,127,105480,105589,109,54
G,4,127,105611,105727,116,55
B,4,127,105840,105954,114,59
G,4,127,105962,106107,145,55
D,5,127,106560,106685,125,62
C#,5,127,106680,106827,147,61
G,4,127,106800,106923,123,55
A,4,127,106920,107015,95,57
A,3,127,107160,107260,100,45
A,3,127,107280,107398,118,45
D,5,127,107520,107644,124,62
C#,5,127,107640,107772,132,61
G,4,127,107760,107873,113,55
A,4,127,107880,107997,117,57
A,3,127,108120,108224,104,45
A,3,127,108240,108349,109,45
D,5,127,108480,108608,128,62
C#,5,127,108600,108727,127,61
G,4,127,108720,108824,104,55
A,4,127,108840,108958,118,57
A,3,127,109080,109175,95,45
A,3,127,109200,109327,127,45
D,5,127,109440,109575,135,62
C#,5,127,109560,109696,136,61
G,4,127,109680,109783,103,55
A,4,127,109800,109906,106,57
A,3,127,110040,110114,74,45
A,3,127,110160,110281,121,45
F#,4,127,110280,110386,106,54
G,4,127,110400,110517,117,55
B,4,127,110640,110754,114,59
G,4,127,110760,110881,121,55
F#,4,127,111240,111349,109,54
G,4,127,111371,111487,116,55
B,4,127,111600,111714,114,59
G,4,127,111722,111867,145,55
D,5,127,112320,112445,125,62
C#,5,127,112440,112587,147,61
G,4,127,112560,112683,123,55
A,4,127,112680,112775,95,57
A,3,127,112920,113020,100,45
A,3,127,113040,113158,118,45
D,5,127,113280,113404,124,62
C#,5,127,113400,113532,132,61
G,4,127,113520,113633,113,55
A,4,127,113640,113757,117,57
A,3,127,113880,113984,104,45
A,3,127,114000,114109,109,45
D,5,127,114240,114368,128,62
C#,5,127,114360,114487,127,61
G,4,127,114480,114584,104,55
A,4,127,114600,114718,118,57
A,3,127,114840,114935,95,45
A,3,127,114960,115087,127,45
D,5,127,115200,115335,135,62
C#,5,127,115320,115456,136,61
G,4,127,115440,115543,103,55
A,4,127,115560,115666,106,57
A,3,127,115800,115874,74,45
A,3,127,115920,116041,121,45
F#,4,127,116040,116146,106,54
G,4,127,116160,116277,117,55
B,4,127,116400,116514,114,59
G,4,127,116520,116641,121,55
F#,4,127,117000,117109,109,54
G,4,127,117131,117247,116,55
B,4,127,117360,117474,114,59
G,4,127,117482,117627,145,55
D,5,127,118080,118205,125,62
C#,5,127,118200,118347,147,61
G,4,127,118320,118443,123,55
A,4,127,118440,118535,95,57
A,3,127,118680,118780,100,45
A,3,127,118800,118918,118,45
D,5,127,119040,119164,124,62
C#,5,127,119160,119292,132,61
G,4,127,119280,119393,113,55
A,4,127,119400,119517,117,57
A,3,127,119640,119744,104,45
A,3,127,119760,119869,109,45
D,5,127,120000,120128,128,62
C#,5,127,120120,120247,127,61
G,4,127,120240,120344,104,55
A,4,127,120360,120478,118,57
A,3,127,120600,120695,95,45
A,3,127,120720,120847,127,45
D,5,127,120960,121095,135,62
C#,5,127,121080,121216,136,61
G,4,127,121200,121303,103,55
A,4,127,121320,121426,106,57
A,3,127,121560,121634,74,45
A,3,127,121680,121801,121,45
F#,4,127,121800,121906,106,54
G,4,127,121920,122037,117,55
B,4,127,122160,122274,114,59
G,4,127,122280,122401,121,55
F#,4,127,122760,122869,109,54
G,4,127,122891,123007,116,55
B,4,127,123120,123234,114,59
G,4,127,123242,123387,145,55
D,5,127,123840,123965,125,62
C#,5,127,123960,124107,147,61
G,4,127,124080,124203,123,55
A,4,127,124200,124295,95,57
A,3,127,124440,124540,100,45
A,3,127,124560,124678,118,45
D,5,127,124800,124924,124,62
C#,5,127,124920,125052,132,61
G,4,127,125040,125153,113,55
A,4,127,125160,125277,117,57
A,3,127,125400,125504,104,45
A,3,127,125520,125629,109,45
D,5,127,125760,125888,128,62
C#,5,127,125880,126007,127,61
G,4,127,126000,126104,104,55
A,4,127,126120,126238,118,57
A,3,127,126360,126455,95,45
A,3,127,126480,126607,127,45
D,5,127,126720,126855,135,62
C#,5,127,126840,126976,136,61
G,4,127,126960,127063,103,55
A,4,127,127080,127186,106,57
A,3,127,127320,127394,74,45
A,3,127,127440,127561,121,45
F#,4,127,127560,127666,106,54
G,4,127,127680,127797,117,55
B,4,127,127920,128034,114,59
G,4,127,128040,128161,121,55
F#,4,127,128520,128629,109,54
G,4,127,128651,128767,116,55
B,4,127,128880,128994,114,59
G,4,127,129002,129147,145,55
A,6,127,8656,12888,4232,81
G,6,127,12851,13227,376,79
D,6,127,13210,13475,265,74
B,5,127,13449,13826,377,71
G,5,127,13811,14382,571,67
A,6,127,52816,57048,4232,81
G,6,127,57011,57387,376,79
D,6,127,57370,57635,265,74
B,5,127,57609,57986,377,71
G,5,127,57971,58542,571,67
A,6,127,58576,62808,4232,81
G,6,127,62771,63147,376,79
D,6,127,63130,63395,265,74
B,5,127,63369,63746,377,71
G,5,127,63731,64302,571,67
A,6,127,72000,75622,3622,81
A,6,127,75840,76201,361,81
G,6,127,76200,76582,382,79
D,6,127,76560,76826,266,74
B,5,127,76800,77211,411,71
G,5,127,77160,77695,535,67
A,6,127,77760,81382,3622,81
B,6,127,81360,81626,266,83
A,6,127,81600,81961,361,81
G,6,127,81960,82342,382,79
D,6,127,82320,82586,266,74
B,5,127,82560,82971,411,71
G,5,127,82920,83455,535,67
A,6,127,83520,87142,3622,81
B,6,127,87120,87386,266,83
A,6,127,87360,87721,361,81
G,6,127,87720,88102,382,79
D,6,127,88080,88346,266,74
B,5,127,88320,88731,411,71
G,5,127,88680,89215,535,67
A,6,127,89280,92902,3622,81
B,6,127,92880,93146,266,83
A,6,127,93120,93481,361,81
G,6,127,93480,93862,382,79
D,6,127,93840,94106,266,74
B,5,127,94080,94491,411,71
G,5,127,94440,94975,535,67
A,6,127,95040,98662,3622,81
B,6,127,98640,98906,266,83
A,6,127,98880,99241,361,81
G,6,127,99240,99622,382,79
D,6,127,99600,99866,266,74
B,5,127,99840,100251,411,71
G,5,127,100200,100735,535,67
A,6,127,100800,104422,3622,81
B,6,127,104400,104666,266,83
A,6,127,104640,105001,361,81
G,6,127,105000,105382,382,79
D,6,127,105360,105626,266,74
B,5,127,105600,106011,411,71
G,5,127,105960,106495,535,67
A,6,127,106560,110182,3622,81
B,6,127,110160,110426,266,83
A,6,127,110400,110761,361,81
G,6,127,110760,111142,382,79
D,6,127,111120,111386,266,74
B,5,127,111360,111771,411,71
G,5,127,111720,112255,535,67
A,6,127,112320,115942,3622,81
B,6,127,115920,116186,266,83
A,6,127,116160,116521,361,81
G,6,127,116520,116902,382,79
D,6,127,116880,117146,266,74
B,5,127,117120,117531,411,71
G,5,127,117480,118015,535,67
A,6,127,118080,121702,3622,81
B,6,127,121680,121946,266,83
A,6,127,121920,122281,361,81
G,6,127,122280,122662,382,79
D,6,127,122640,122906,266,74
B,5,127,122880,123291,411,71
G,5,127,123240,123775,535,67
A,6,127,123840,127462,3622,81
B,6,127,127440,127706,266,83
A,6,127,127680,128041,361,81
G,6,127,128040,128422,382,79
D,6,127,128400,128666,266,74
B,5,127,128640,129051,411,71
G,5,127,129000,129535,535,67
B,5,127,87115,87386,271,71
B,5,127,88304,88806,502,71
G,5,127,88765,89327,562,67
C#,6,127,89295,92889,3594,73
B,5,127,92873,93151,278,71
C,6,127,93121,94101,980,72
B,5,127,94080,94577,497,71
G,5,127,94559,95068,509,67
C#,6,127,95037,98664,3627,73
B,5,127,98649,98903,254,71
C,6,127,98885,99854,969,72
B,5,127,99840,100345,505,71
G,5,127,100330,100835,505,67
C#,6,127,100802,104403,3601,73
B,5,127,104393,104668,275,71
C,6,127,104648,105611,963,72
B,5,127,105587,106054,467,71
G,5,127,106044,106458,414,67
G,5,127,106560,106588,28,67
C#,6,127,106560,110184,3624,73
B,5,127,110169,110423,254,71
C,6,127,110405,111374,969,72
B,5,127,111360,111865,505,71
G,5,127,111850,112355,505,67
C#,6,127,112322,115923,3601,73
B,5,127,115913,116188,275,71
C,6,127,116168,117131,963,72
B,5,127,117107,117574,467,71
G,5,127,117564,117978,414,67
G,5,127,118080,118108,28,67
C#,6,127,118080,121704,3624,73
B,5,127,121689,121943,254,71
C,6,127,121925,122894,969,72
B,5,127,122880,123385,505,71
G,5,127,123370,123875,505,67
C#,6,127,123842,127443,3601,73
B,5,127,127433,127708,275,71
C,6,127,127688,128651,963,72
B,5,127,128627,129094,467,71
G,5,127,129084,129498,414,67
D,3,114,2580,2618,38,38
D,3,114,2640,2708,68,38
D,3,125,3120,3223,103,38
C,3,121,3240,3357,117,36
C,3,110,3480,3583,103,36
D,3,114,3600,3648,48,38
C,3,121,3660,3706,46,36
C,3,121,3840,3951,111,36
D,3,122,4080,4157,77,38
C,3,114,4200,4264,64,36
C,3,121,4440,4541,101,36
D,3,114,4560,4609,49,38
C,3,87,4620,4653,33,36
C,3,121,4800,4990,190,36
D,3,121,5040,5122,82,38
C,3,125,5160,5247,87,36
C,3,110,5400,5503,103,36
D,3,121,5520,5564,44,38
C,3,110,5580,5619,39,36
C,3,114,5760,5954,194,36
D,3,121,6000,6084,84,38
C,3,121,6120,6193,73,36
C,3,110,6360,6473,113,36
D,3,121,6480,6529,49,38
C,3,84,6540,6572,32,36
C,3,110,6720,6909,189,36
D,3,121,6960,7044,84,38
C,3,121,7080,7171,91,36
D,3,121,7440,7535,95,38
C,3,121,7560,7622,62,36
C,3,110,7680,7819,139,36
D,3,121,7920,8017,97,38
C,3,121,8040,8139,99,36
D,3,121,8400,8507,107,38
C,3,121,8640,8825,185,36
D,3,122,8880,8986,106,38
C,3,121,9000,9100,100,36
C,3,121,9240,9329,89,36
D,3,121,9360,9410,50,38
C,3,94,9420,9452,32,36
C,3,122,9600,9811,211,36
D,3,121,9840,9920,80,38
C,3,121,9960,10043,83,36
C,3,114,10200,10309,109,36
D,3,121,10320,10368,48,38
C,3,94,10380,10418,38,36
C,3,110,10560,10779,219,36
D,3,125,10800,10894,94,38
C,3,121,10920,11004,84,36
C,3,110,11160,11250,90,36
D,3,125,11280,11329,49,38
C,3,75,11340,11369,29,36
C,3,110,11520,11742,222,36
D,3,121,11760,11846,86,38
C,3,121,11880,11971,91,36
C,3,94,12120,12211,91,36
D,3,121,12240,12289,49,38
C,3,87,12300,12345,45,36
C,3,121,12480,12634,154,36
D,3,121,12720,12815,95,38
C,3,121,12840,12970,130,36
D,3,127,13200,13277,77,38
C,3,94,13320,13374,54,36
C,3,121,13440,13595,155,36
D,3,122,13680,13771,91,38
C,3,114,13800,13921,121,36
D,3,121,14160,14271,111,38
C,3,121,14400,14509,109,36
D,3,125,14640,14743,103,38
C,3,121,14760,14877,117,36
C,3,110,15000,15103,103,36
D,3,114,15120,15168,48,38
C,3,121,15180,15226,46,36
C,3,121,15360,15471,111,36
D,3,122,15600,15677,77,38
C,3,114,15720,15784,64,36
C,3,121,15960,16061,101,36
D,3,114,16080,16129,49,38
C,3,87,16140,16173,33,36
C,3,121,16320,16510,190,36
D,3,121,16560,16642,82,38
C,3,125,16680,16767,87,36
C,3,110,16920,17023,103,36
D,3,121,17040,17084,44,38
C,3,110,17100,17139,39,36
C,3,114,17280,17474,194,36
D,3,121,17520,17604,84,38
C,3,121,17640,17713,73,36
C,3,110,17880,17993,113,36
D,3,121,18000,18049,49,38
C,3,84,18060,18092,32,36
C,3,110,18240,18429,189,36
D,3,121,18480,18564,84,38
C,3,121,18600,18691,91,36
D,3,121,18960,19055,95,38
C,3,121,19080,19142,62,36
C,3,110,19200,19339,139,36
D,3,121,19440,19537,97,38
C,3,121,19560,19659,99,36
D,3,121,19920,20027,107,38
C,3,121,20160,20345,185,36
D,3,122,20400,20506,106,38
C,3,121,20520,20620,100,36
C,3,121,20760,20849,89,36
D,3,121,20880,20930,50,38
C,3,94,20940,20972,32,36
C,3,122,21120,21331,211,36
D,3,121,21360,21440,80,38
C,3,121,21480,21563,83,36
C,3,114,21720,21829,109,36
D,3,121,21840,21888,48,38
C,3,94,21900,21938,38,36
C,3,110,22080,22299,219,36
D,3,125,22320,22414,94,38
C,3,121,22440,22524,84,36
C,3,110,22680,22770,90,36
D,3,125,22800,22849,49,38
C,3,75,22860,22889,29,36
C,3,110,23040,23262,222,36
D,3,121,23280,23366,86,38
C,3,121,23400,23491,91,36
C,3,94,23640,23731,91,36
D,3,121,23760,23809,49,38
C,3,87,23820,23865,45,36
C,3,121,24000,24154,154,36
D,3,121,24240,24335,95,38
C,3,121,24360,24490,130,36
D,3,127,24720,24797,77,38
C,3,94,24840,24894,54,36
C,3,121,24960,25115,155,36
D,3,122,25200,25291,91,38
C,3,114,25320,25441,121,36
D,3,121,25680,25791,111,38
C,3,121,25920,26100,180,36
D,3,121,26160,26269,109,38
C,3,110,26280,26368,88,36
C,3,100,26520,26651,131,36
D,3,110,26640,26767,127,38
C,3,121,26760,26819,59,36
C,3,110,26880,27089,209,36
D,3,125,27120,27263,143,38
C,3,110,27240,27330,90,36
C,3,121,27480,27636,156,36
D,3,114,27600,27810,210,38
C,3,121,27840,28064,224,36
D,3,121,28080,28237,157,38
C,3,121,28200,28303,103,36
C,3,114,28440,28577,137,36
D,3,125,28560,28779,219,38
C,3,121,28800,29006,206,36
D,3,114,29040,29188,148,38
C,3,121,29160,29252,92,36
D,3,114,29388,29418,30,38
D,3,114,29433,29473,40,38
D,3,121,29506,29733,227,38
C,3,121,29742,29970,228,36
D,3,114,30000,30149,149,38
C,3,110,30120,30222,102,36
C,3,114,30360,30489,129,36
D,3,121,30480,30639,159,38
C,3,121,30600,30657,57,36
C,3,121,30720,30921,201,36
D,3,125,30960,31126,166,38
C,3,121,31080,31167,87,36
C,3,110,31320,31497,177,36
D,3,121,31440,31662,222,38
C,3,121,31680,31908,228,36
D,3,121,31920,32077,157,38
C,3,114,32040,32139,99,36
C,3,100,32280,32443,163,36
D,3,125,32400,32654,254,38
C,3,121,32640,32864,224,36
D,3,121,32880,33007,127,38
D,3,121,33071,33109,38,38
D,3,121,33135,33217,82,38
D,3,121,33242,33285,43,38
D,3,121,33356,33522,166,38
C,3,121,33600,33709,109,36
D,3,125,33840,33943,103,38
C,3,121,33960,34077,117,36
C,3,110,34200,34303,103,36
D,3,114,34320,34368,48,38
C,3,121,34380,34426,46,36
C,3,121,34560,34671,111,36
D,3,122,34800,34877,77,38
C,3,114,34920,34984,64,36
C,3,121,35160,35261,101,36
D,3,114,35280,35329,49,38
C,3,87,35340,35373,33,36
C,3,121,35520,35710,190,36
D,3,121,35760,35842,82,38
C,3,125,35880,35967,87,36
C,3,110,36120,36223,103,36
D,3,121,36240,36284,44,38
C,3,110,36300,36339,39,36
C,3,114,36480,36674,194,36
D,3,121,36720,36804,84,38
C,3,121,36840,36913,73,36
C,3,110,37080,37193,113,36
D,3,121,37200,37249,49,38
C,3,84,37260,37292,32,36
C,3,110,37440,37629,189,36
D,3,121,37680,37764,84,38
C,3,121,37800,37891,91,36
D,3,121,38160,38255,95,38
C,3,121,38280,38342,62,36
C,3,110,38400,38539,139,36
D,3,121,38640,38737,97,38
C,3,121,38760,38859,99,36
D,3,121,39120,39227,107,38
C,3,121,39360,39545,185,36
D,3,122,39600,39706,106,38
C,3,121,39720,39820,100,36
C,3,121,39960,40049,89,36
D,3,121,40080,40130,50,38
C,3,94,40140,40172,32,36
C,3,122,40320,40531,211,36
D,3,121,40560,40640,80,38
C,3,121,40680,40763,83,36
C,3,114,40920,41029,109,36
D,3,121,41040,41088,48,38
C,3,94,41100,41138,38,36
C,3,110,41280,41499,219,36
D,3,125,41520,41614,94,38
C,3,121,41640,41724,84,36
C,3,110,41880,41970,90,36
D,3,125,42000,42049,49,38
C,3,75,42060,42089,29,36
C,3,110,42240,42462,222,36
D,3,121,42480,42566,86,38
C,3,121,42600,42691,91,36
C,3,94,42840,42931,91,36
D,3,121,42960,43009,49,38
C,3,87,43020,43065,45,36
C,3,121,43200,43354,154,36
D,3,121,43440,43535,95,38
C,3,121,43560,43690,130,36
D,3,127,43920,43997,77,38
C,3,94,44040,44094,54,36
C,3,121,44160,44315,155,36
D,3,122,44400,44491,91,38
C,3,114,44520,44641,121,36
D,3,121,44880,44991,111,38
C,3,121,45120,45300,180,36
D,3,121,45360,45469,109,38
C,3,110,45480,45568,88,36
C,3,100,45720,45851,131,36
D,3,110,45840,45967,127,38
C,3,121,45960,46019,59,36
C,3,110,46080,46289,209,36
D,3,125,46320,46463,143,38
C,3,110,46440,46530,90,36
C,3,121,46680,46836,156,36
D,3,114,46800,47010,210,38
C,3,121,47040,47264,224,36
D,3,121,47280,47437,157,38
C,3,121,47400,47503,103,36
C,3,114,47640,47777,137,36
D,3,125,47760,47979,219,38
C,3,121,48000,48206,206,36
D,3,114,48240,48388,148,38
C,3,121,48360,48452,92,36
D,3,114,48588,48618,30,38
D,3,114,48633,48673,40,38
D,3,121,48706,48933,227,38
C,3,121,48942,49170,228,36
D,3,114,49200,49349,149,38
C,3,110,49320,49422,102,36
C,3,114,49560,49689,129,36
D,3,121,49680,49839,159,38
C,3,121,49800,49857,57,36
C,3,121,49920,50121,201,36
D,3,125,50160,50326,166,38
C,3,121,50280,50367,87,36
C,3,110,50520,50697,177,36
D,3,121,50640,50862,222,38
C,3,121,50880,51108,228,36
D,3,121,51120,51277,157,38
C,3,114,51240,51339,99,36
C,3,100,51480,51643,163,36
D,3,125,51600,51854,254,38
C,3,121,51840,52064,224,36
D,3,121,52080,52207,127,38
D,3,121,52271,52309,38,38
D,3,121,52335,52417,82,38
D,3,121,52442,52485,43,38
D,3,121,52556,52722,166,38
C,3,121,52800,52909,109,36
D,3,125,53040,53143,103,38
C,3,121,53160,53277,117,36
C,3,110,53400,53503,103,36
D,3,114,53520,53568,48,38
C,3,121,53580,53626,46,36
C,3,121,53760,53871,111,36
D,3,122,54000,54077,77,38
C,3,114,54120,54184,64,36
C,3,121,54360,54461,101,36
D,3,114,54480,54529,49,38
C,3,87,54540,54573,33,36
C,3,121,54720,54910,190,36
D,3,121,54960,55042,82,38
C,3,125,55080,55167,87,36
C,3,110,55320,55423,103,36
D,3,121,55440,55484,44,38
C,3,110,55500,55539,39,36
C,3,114,55680,55874,194,36
D,3,121,55920,56004,84,38
C,3,121,56040,56113,73,36
C,3,110,56280,56393,113,36
D,3,121,56400,56449,49,38
C,3,84,56460,56492,32,36
C,3,110,56640,56829,189,36
D,3,121,56880,56964,84,38
C,3,121,57000,57091,91,36
D,3,121,57360,57455,95,38
C,3,121,57480,57542,62,36
C,3,110,57600,57739,139,36
D,3,121,57840,57937,97,38
C,3,121,57960,58059,99,36
D,3,121,58320,58427,107,38
C,3,121,58560,58745,185,36
D,3,122,58800,58906,106,38
C,3,121,58920,59020,100,36
C,3,121,59160,59249,89,36
D,3,121,59280,59330,50,38
C,3,94,59340,59372,32,36
C,3,122,59520,59731,211,36
D,3,121,59760,59840,80,38
C,3,121,59880,59963,83,36
C,3,114,60120,60229,109,36
D,3,121,60240,60288,48,38
C,3,94,60300,60338,38,36
C,3,110,60480,60699,219,36
D,3,125,60720,60814,94,38
C,3,121,60840,60924,84,36
C,3,110,61080,61170,90,36
D,3,125,61200,61249,49,38
C,3,75,61260,61289,29,36
C,3,94,61467,61612,145,36
D,3,121,61697,61744,47,38
D,3,122,61884,61921,37,38
D,3,122,61939,61983,44,38
D,3,121,62051,62089,38,38
D,3,121,62173,62202,29,38
D,3,121,62223,62259,36,38
D,3,121,62279,62311,32,38
D,3,125,62334,62370,36,38
C,3,121,62400,62554,154,36
D,3,121,62640,62735,95,38
C,3,121,62760,62890,130,36
D,3,127,63120,63197,77,38
C,3,94,63240,63294,54,36
C,3,121,63360,63515,155,36
D,3,122,63600,63691,91,38
C,3,114,63720,63841,121,36
D,3,121,64080,64191,111,38
C,3,121,64320,64500,180,36
D,3,121,64560,64669,109,38
C,3,110,64680,64768,88,36
C,3,100,64920,65051,131,36
D,3,110,65040,65167,127,38
C,3,121,65160,65219,59,36
C,3,110,65280,65489,209,36
D,3,125,65520,65663,143,38
C,3,110,65640,65730,90,36
C,3,121,65880,66036,156,36
D,3,114,66000,66210,210,38
C,3,121,66240,66464,224,36
D,3,121,66480,66637,157,38
C,3,121,66600,66703,103,36
C,3,114,66840,66977,137,36
D,3,125,66960,67179,219,38
C,3,121,67200,67406,206,36
D,3,114,67440,67588,148,38
C,3,121,67560,67652,92,36
D,3,114,67788,67818,30,38
D,3,114,67833,67873,40,38
D,3,121,67906,68133,227,38
C,3,121,68142,68370,228,36
D,3,114,68400,68549,149,38
C,3,110,68520,68622,102,36
C,3,114,68760,68889,129,36
D,3,121,68880,69039,159,38
C,3,121,69000,69057,57,36
C,3,121,69120,69321,201,36
D,3,125,69360,69526,166,38
C,3,121,69480,69567,87,36
C,3,110,69720,69897,177,36
D,3,121,69840,70062,222,38
C,3,121,70080,70308,228,36
D,3,121,70320,70477,157,38
C,3,114,70440,70539,99,36
C,3,100,70680,70843,163,36
D,3,125,70800,71040,240,38
C,3,94,71067,71212,145,36
D,3,121,71297,71344,47,38
D,3,122,71484,71521,37,38
D,3,122,71539,71583,44,38
D,3,121,71651,71689,38,38
D,3,121,71773,71802,29,38
D,3,121,71823,71859,36,38
D,3,121,71879,71911,32,38
D,3,125,71934,71970,36,38
C,3,121,72000,72109,109,36
D,3,125,72240,72343,103,38
C,3,121,72360,72477,117,36
C,3,110,72600,72703,103,36
D,3,114,72720,72768,48,38
C,3,121,72780,72826,46,36
C,3,121,72960,73071,111,36
D,3,122,73200,73277,77,38
C,3,114,73320,73384,64,36
C,3,121,73560,73661,101,36
D,3,114,73680,73729,49,38
C,3,87,73740,73773,33,36
C,3,121,73920,74110,190,36
D,3,121,74160,74242,82,38
C,3,125,74280,74367,87,36
C,3,110,74520,74623,103,36
D,3,121,74640,74684,44,38
C,3,110,74700,74739,39,36
C,3,114,74880,75074,194,36
D,3,121,75120,75204,84,38
C,3,121,75240,75313,73,36
C,3,110,75480,75593,113,36
D,3,121,75600,75649,49,38
C,3,84,75660,75692,32,36
C,3,110,75840,76029,189,36
D,3,121,76080,76164,84,38
C,3,121,76200,76291,91,36
D,3,121,76560,76655,95,38
C,3,121,76680,76742,62,36
C,3,110,76800,76939,139,36
D,3,121,77040,77137,97,38
C,3,121,77160,77259,99,36
D,3,121,77520,77627,107,38
C,3,121,77760,77945,185,36
D,3,122,78000,78106,106,38
C,3,121,78120,78220,100,36
C,3,121,78360,78449,89,36
D,3,121,78480,78530,50,38
C,3,94,78540,78572,32,36
C,3,122,78720,78931,211,36
D,3,121,78960,79040,80,38
C,3,121,79080,79163,83,36
C,3,114,79320,79429,109,36
D,3,121,79440,79488,48,38
C,3,94,79500,79538,38,36
C,3,110,79680,79899,219,36
D,3,125,79920,80014,94,38
C,3,121,80040,80124,84,36
C,3,110,80280,80370,90,36
D,3,125,80400,80449,49,38
C,3,75,80460,80489,29,36
C,3,110,80660,80787,127,36
D,3,110,80902,80995,93,38
D,3,110,81083,81116,33,38
D,3,121,81136,81172,36,38
D,3,121,81193,81227,34,38
D,3,110,81248,81287,39,38
D,3,121,81304,81339,35,38
D,3,110,81367,81410,43,38
D,3,121,81428,81467,39,38
D,3,121,81487,81528,41,38
D,3,125,81553,81583,30,38
C,3,121,81600,81754,154,36
D,3,121,81840,81935,95,38
C,3,121,81960,82090,130,36
D,3,127,82320,82397,77,38
C,3,94,82440,82494,54,36
C,3,121,82560,82715,155,36
D,3,122,82800,82891,91,38
C,3,114,82920,83041,121,36
D,3,121,83280,83391,111,38
C,3,121,83520,83629,109,36
D,3,125,83760,83863,103,38
C,3,121,83880,83997,117,36
C,3,110,84120,84223,103,36
D,3,114,84240,84288,48,38
C,3,121,84300,84346,46,36
C,3,121,84480,84591,111,36
D,3,122,84720,84797,77,38
C,3,114,84840,84904,64,36
C,3,121,85080,85181,101,36
D,3,114,85200,85249,49,38
C,3,87,85260,85293,33,36
C,3,121,85440,85630,190,36
D,3,121,85680,85762,82,38
C,3,125,85800,85887,87,36
C,3,110,86040,86143,103,36
D,3,121,86160,86204,44,38
C,3,110,86220,86259,39,36
C,3,114,86400,86594,194,36
D,3,121,86640,86724,84,38
C,3,121,86760,86833,73,36
C,3,110,87000,87113,113,36
D,3,121,87120,87169,49,38
C,3,84,87180,87212,32,36
C,3,110,87360,87549,189,36
D,3,121,87600,87684,84,38
C,3,121,87720,87811,91,36
D,3,121,88080,88175,95,38
C,3,121,88200,88262,62,36
C,3,110,88320,88459,139,36
D,3,121,88560,88657,97,38
C,3,121,88680,88779,99,36
D,3,121,89040,89147,107,38
C,3,121,89280,89465,185,36
D,3,122,89520,89626,106,38
C,3,121,89640,89740,100,36
C,3,121,89880,89969,89,36
D,3,121,90000,90050,50,38
C,3,94,90060,90092,32,36
C,3,122,90240,90451,211,36
D,3,121,90480,90560,80,38
C,3,121,90600,90683,83,36
C,3,114,90840,90949,109,36
D,3,121,90960,91008,48,38
C,3,94,91020,91058,38,36
C,3,110,91200,91419,219,36
D,3,125,91440,91534,94,38
C,3,121,91560,91644,84,36
C,3,110,91800,91890,90,36
D,3,125,91920,91969,49,38
C,3,75,91980,92009,29,36
C,3,110,92180,92307,127,36
D,3,110,92422,92515,93,38
D,3,110,92603,92636,33,38
D,3,121,92656,92692,36,38
D,3,121,92713,92747,34,38
D,3,110,92768,92807,39,38
D,3,121,92824,92859,35,38
D,3,110,92887,92930,43,38
D,3,121,92948,92987,39,38
D,3,121,93007,93048,41,38
D,3,125,93073,93103,30,38
C,3,121,93120,93274,154,36
D,3,121,93360,93455,95,38
C,3,121,93480,93610,130,36
D,3,127,93840,93917,77,38
C,3,94,93960,94014,54,36
C,3,121,94080,94235,155,36
D,3,122,94320,94411,91,38
C,3,114,94440,94561,121,36
D,3,121,94800,94911,111,38
C,3,121,95040,95149,109,36
D,3,125,95280,95383,103,38
C,3,121,95400,95517,117,36
C,3,110,95640,95743,103,36
D,3,114,95760,95808,48,38
C,3,121,95820,95866,46,36
C,3,121,96000,96111,111,36
D,3,122,96240,96317,77,38
C,3,114,96360,96424,64,36
C,3,121,96600,96701,101,36
D,3,114,96720,96769,49,38
C,3,87,96780,96813,33,36
C,3,121,96960,97150,190,36
D,3,121,97200,97282,82,38
C,3,125,97320,97407,87,36
C,3,110,97560,97663,103,36
D,3,121,97680,97724,44,38
C,3,110,97740,97779,39,36
C,3,114,97920,98114,194,36
D,3,121,98160,98244,84,38
C,3,121,98280,98353,73,36
C,3,110,98520,98633,113,36
D,3,121,98640,98689,49,38
C,3,84,98700,98732,32,36
C,3,110,98880,99069,189,36
D,3,121,99120,99204,84,38
C,3,121,99240,99331,91,36
D,3,121,99600,99695,95,38
C,3,121,99720,99782,62,36
C,3,110,99840,99979,139,36
D,3,121,100080,100177,97,38
C,3,121,100200,100299,99,36
D,3,121,100560,100667,107,38
C,3,121,100800,100985,185,36
D,3,122,101040,101146,106,38
C,3,121,101160,101260,100,36
C,3,121,101400,101489,89,36
D,3,121,101520,101570,50,38
C,3,94,101580,101612,32,36
C,3,122,101760,101971,211,36
D,3,121,102000,102080,80,38
C,3,121,102120,102203,83,36
C,3,114,102360,102469,109,36
D,3,121,102480,102528,48,38
C,3,94,102540,102578,38,36
C,3,110,102720,102939,219,36
D,3,125,102960,103054,94,38
C,3,121,103080,103164,84,36
C,3,110,103320,103410,90,36
D,3,125,103440,103489,49,38
C,3,75,103500,103529,29,36
C,3,110,103700,103827,127,36
D,3,110,103942,104035,93,38
D,3,110,104123,104156,33,38
D,3,121,104176,104212,36,38
D,3,121,104233,104267,34,38
D,3,110,104288,104327,39,38
D,3,121,104344,104379,35,38
D,3,110,104407,104450,43,38
D,3,121,104468,104507,39,38
D,3,121,104527,104568,41,38
D,3,125,104593,104623,30,38
C,3,121,104640,104794,154,36
D,3,121,104880,104975,95,38
C,3,121,105000,105130,130,36
D,3,127,105360,105437,77,38
C,3,94,105480,105534,54,36
C,3,121,105600,105755,155,36
D,3,122,105840,105931,91,38
C,3,114,105960,106081,121,36
D,3,121,106320,106431,111,38
C,3,121,106560,106669,109,36
D,3,125,106800,106903,103,38
C,3,121,106920,107037,117,36
C,3,110,107160,107263,103,36
D,3,114,107280,107328,48,38
C,3,121,107340,107386,46,36
C,3,121,107520,107631,111,36
D,3,122,107760,107837,77,38
C,3,114,107880,107944,64,36
C,3,121,108120,108221,101,36
D,3,114,108240,108289,49,38
C,3,87,108300,108333,33,36
C,3,121,108480,108670,190,36
D,3,121,108720,108802,82,38
C,3,125,108840,108927,87,36
C,3,110,109080,109183,103,36
D,3,121,109200,109244,44,38
C,3,110,109260,109299,39,36
C,3,114,109440,109634,194,36
D,3,121,109680,109764,84,38
C,3,121,109800,109873,73,36
C,3,110,110040,110153,113,36
D,3,121,110160,110209,49,38
C,3,84,110220,110252,32,36
C,3,110,110400,110589,189,36
D,3,121,110640,110724,84,38
C,3,121,110760,110851,91,36
D,3,121,111120,111215,95,38
C,3,121,111240,111302,62,36
C,3,110,111360,111499,139,36
D,3,121,111600,111697,97,38
C,3,121,111720,111819,99,36
D,3,121,112080,112187,107,38
C,3,121,112320,112505,185,36
D,3,122,112560,112666,106,38
C,3,121,112680,112780,100,36
C,3,121,112920,113009,89,36
D,3,121,113040,113090,50,38
C,3,94,113100,113132,32,36
C,3,122,113280,113491,211,36
D,3,121,113520,113600,80,38
C,3,121,113640,113723,83,36
C,3,114,113880,113989,109,36
D,3,121,114000,114048,48,38
C,3,94,114060,114098,38,36
C,3,110,114240,114459,219,36
D,3,125,114480,114574,94,38
C,3,121,114600,114684,84,36
C,3,110,114840,114930,90,36
D,3,125,114960,115009,49,38
C,3,75,115020,115049,29,36
C,3,110,115220,115347,127,36
D,3,110,115462,115555,93,38
D,3,110,115643,115676,33,38
D,3,121,115696,115732,36,38
D,3,121,115753,115787,34,38
D,3,110,115808,115847,39,38
D,3,121,115864,115899,35,38
D,3,110,115927,115970,43,38
D,3,121,115988,116027,39,38
D,3,121,116047,116088,41,38
D,3,125,116113,116143,30,38
C,3,121,116160,116314,154,36
D,3,121,116400,116495,95,38
C,3,121,116520,116650,130,36
D,3,127,116880,116957,77,38
C,3,94,117000,117054,54,36
C,3,121,117120,117275,155,36
D,3,122,117360,117451,91,38
C,3,114,117480,117601,121,36
D,3,121,117840,117951,111,38
C,3,121,118080,118189,109,36
D,3,125,118320,118423,103,38
C,3,121,118440,118557,117,36
C,3,110,118680,118783,103,36
D,3,114,118800,118848,48,38
C,3,121,118860,118906,46,36
C,3,121,119040,119151,111,36
D,3,122,119280,119357,77,38
C,3,114,119400,119464,64,36
C,3,121,119640,119741,101,36
D,3,114,119760,119809,49,38
C,3,87,119820,119853,33,36
C,3,121,120000,120190,190,36
D,3,121,120240,120322,82,38
C,3,125,120360,120447,87,36
C,3,110,120600,120703,103,36
D,3,121,120720,120764,44,38
C,3,110,120780,120819,39,36
C,3,114,120960,121154,194,36
D,3,121,121200,121284,84,38
C,3,121,121320,121393,73,36
C,3,110,121560,121673,113,36
D,3,121,121680,121729,49,38
C,3,84,121740,121772,32,36
C,3,110,121920,122109,189,36
D,3,121,122160,122244,84,38
C,3,121,122280,122371,91,36
D,3,121,122640,122735,95,38
C,3,121,122760,122822,62,36
C,3,110,122880,123019,139,36
D,3,121,123120,123217,97,38
C,3,121,123240,123339,99,36
D,3,121,123600,123707,107,38
C,3,121,123840,124025,185,36
D,3,122,124080,124186,106,38
C,3,121,124200,124300,100,36
C,3,121,124440,124529,89,36
D,3,121,124560,124610,50,38
C,3,94,124620,124652,32,36
C,3,122,124800,125011,211,36
D,3,121,125040,125120,80,38
C,3,121,125160,125243,83,36
C,3,114,125400,125509,109,36
D,3,121,125520,125568,48,38
C,3,94,125580,125618,38,36
C,3,110,125760,125979,219,36
D,3,125,126000,126094,94,38
C,3,121,126120,126204,84,36
C,3,110,126360,126450,90,36
D,3,125,126480,126529,49,38
C,3,75,126540,126569,29,36
C,3,110,126740,126867,127,36
D,3,110,126982,127075,93,38
D,3,110,127163,127196,33,38
D,3,121,127216,127252,36,38
D,3,121,127273,127307,34,38
D,3,110,127328,127367,39,38
D,3,121,127384,127419,35,38
D,3,110,127447,127490,43,38
D,3,121,127508,127547,39,38
D,3,121,127567,127608,41,38
D,3,125,127633,127663,30,38
C,3,121,127680,127834,154,36
D,3,121,127920,128015,95,38
C,3,121,128040,128170,130,36
D,3,127,128400,128477,77,38
C,3,94,128520,128574,54,36
C,3,121,128640,128795,155,36
D,3,122,128880,128971,91,38
C,3,114,129000,129121,121,36
D,3,121,129360,129471,111,38
C#,4,94,2880,2999,119,49
F#,3,33,3000,3083,83,42
F#,3,75,3120,3204,84,42
F#,3,75,3240,3307,67,42
F#,3,87,3360,3435,75,42
F#,3,75,3480,3554,74,42
F#,3,87,3600,3698,98,42
F#,3,75,3720,3791,71,42
F#,3,84,3840,3931,91,42
F#,3,75,3960,4026,66,42
F#,3,84,4080,4173,93,42
F#,3,65,4200,4271,71,42
F#,3,79,4320,4415,95,42
F#,3,72,4440,4516,76,42
F#,3,75,4560,4657,97,42
F#,3,72,4680,4754,74,42
F#,3,75,4800,4894,94,42
F#,3,74,4920,4992,72,42
F#,3,79,5040,5125,85,42
F#,3,69,5160,5228,68,42
F#,3,72,5280,5372,92,42
F#,3,63,5400,5464,64,42
F#,3,74,5520,5606,86,42
F#,3,69,5640,5705,65,42
F#,3,72,5760,5842,82,42
F#,3,72,5880,5946,66,42
F#,3,74,6000,6078,78,42
F#,3,65,6120,6195,75,42
F#,3,74,6240,6328,88,42
F#,3,65,6360,6428,68,42
F#,3,72,6480,6578,98,42
F#,3,75,6600,6674,74,42
F#,3,75,6720,6813,93,42
F#,3,65,6840,6901,61,42
F#,3,75,6960,7049,89,42
F#,3,65,7080,7140,60,42
F#,3,74,7200,7271,71,42
F#,3,75,7320,7413,93,42
C#,4,87,7440,7556,116,49
F#,3,74,7560,7631,71,42
F#,3,75,7680,7773,93,42
F#,3,65,7800,7861,61,42
F#,3,75,7920,8009,89,42
F#,3,65,8040,8100,60,42
F#,3,74,8160,8231,71,42
F#,3,75,8280,8373,93,42
C#,4,87,8400,8516,116,49
F#,3,74,8520,8591,71,42
C#,4,94,8640,8759,119,49
F#,3,33,8760,8843,83,42
F#,3,75,8880,8964,84,42
F#,3,75,9000,9067,67,42
F#,3,87,9120,9195,75,42
F#,3,75,9240,9314,74,42
F#,3,87,9360,9458,98,42
F#,3,75,9480,9551,71,42
F#,3,84,9600,9691,91,42
F#,3,75,9720,9786,66,42
F#,3,84,9840,9933,93,42
F#,3,65,9960,10031,71,42
F#,3,79,10080,10175,95,42
F#,3,72,10200,10276,76,42
F#,3,75,10320,10417,97,42
F#,3,72,10440,10514,74,42
F#,3,75,10560,10654,94,42
F#,3,74,10680,10752,72,42
F#,3,79,10800,10885,85,42
F#,3,69,10920,10988,68,42
F#,3,72,11040,11132,92,42
F#,3,63,11160,11224,64,42
F#,3,74,11280,11366,86,42
F#,3,69,11400,11465,65,42
F#,3,72,11520,11602,82,42
F#,3,72,11640,11706,66,42
F#,3,74,11760,11838,78,42
F#,3,65,11880,11955,75,42
F#,3,74,12000,12088,88,42
F#,3,65,12120,12188,68,42
F#,3,72,12240,12338,98,42
F#,3,75,12360,12434,74,42
F#,3,75,12480,12573,93,42
F#,3,65,12600,12661,61,42
F#,3,75,12720,12809,89,42
F#,3,65,12840,12900,60,42
F#,3,74,12960,13031,71,42
F#,3,75,13080,13173,93,42
C#,4,87,13200,13316,116,49
F#,3,74,13320,13391,71,42
F#,3,75,13440,13533,93,42
F#,3,65,13560,13621,61,42
F#,3,75,13680,13769,89,42
F#,3,65,13800,13860,60,42
F#,3,74,13920,13991,71,42
F#,3,75,14040,14133,93,42
C#,4,87,14160,14276,116,49
F#,3,74,14280,14351,71,42
C#,4,94,14400,14519,119,49
F#,3,33,14520,14603,83,42
F#,3,75,14640,14724,84,42
F#,3,75,14760,14827,67,42
F#,3,87,14880,14955,75,42
F#,3,75,15000,15074,74,42
F#,3,87,15120,15218,98,42
F#,3,75,15240,15311,71,42
F#,3,84,15360,15451,91,42
F#,3,75,15480,15546,66,42
F#,3,84,15600,15693,93,42
F#,3,65,15720,15791,71,42
F#,3,79,15840,15935,95,42
F#,3,72,15960,16036,76,42
F#,3,75,16080,16177,97,42
F#,3,72,16200,16274,74,42
F#,3,75,16320,16414,94,42
F#,3,74,16440,16512,72,42
F#,3,79,16560,16645,85,42
F#,3,69,16680,16748,68,42
F#,3,72,16800,16892,92,42
F#,3,63,16920,16984,64,42
F#,3,74,17040,17126,86,42
F#,3,69,17160,17225,65,42
F#,3,72,17280,17362,82,42
F#,3,72,17400,17466,66,42
F#,3,74,17520,17598,78,42
F#,3,65,17640,17715,75,42
F#,3,74,17760,17848,88,42
F#,3,65,17880,17948,68,42
F#,3,72,18000,18098,98,42
F#,3,75,18120,18194,74,42
F#,3,75,18240,18333,93,42
F#,3,65,18360,18421,61,42
F#,3,75,18480,18569,89,42
F#,3,65,18600,18660,60,42
F#,3,74,18720,18791,71,42
F#,3,75,18840,18933,93,42
C#,4,87,18960,19076,116,49
F#,3,74,19080,19151,71,42
F#,3,75,19200,19293,93,42
F#,3,65,19320,19381,61,42
F#,3,75,19440,19529,89,42
F#,3,65,19560,19620,60,42
F#,3,74,19680,19751,71,42
F#,3,75,19800,19893,93,42
C#,4,87,19920,20036,116,49
F#,3,74,20040,20111,71,42
C#,4,94,20160,20279,119,49
F#,3,33,20280,20363,83,42
F#,3,75,20400,20484,84,42
F#,3,75,20520,20587,67,42
F#,3,87,20640,20715,75,42
F#,3,75,20760,20834,74,42
F#,3,87,20880,20978,98,42
F#,3,75,21000,21071,71,42
F#,3,84,21120,21211,91,42
F#,3,75,21240,21306,66,42
F#,3,84,21360,21453,93,42
F#,3,65,21480,21551,71,42
F#,3,79,21600,21695,95,42
F#,3,72,21720,21796,76,42
F#,3,75,21840,21937,97,42
F#,3,72,21960,22034,74,42
F#,3,75,22080,22174,94,42
F#,3,74,22200,22272,72,42
F#,3,79,22320,22405,85,42
F#,3,69,22440,22508,68,42
F#,3,72,22560,22652,92,42
F#,3,63,22680,22744,64,42
F#,3,74,22800,22886,86,42
F#,3,69,22920,22985,65,42
F#,3,72,23040,23122,82,42
F#,3,72,23160,23226,66,42
F#,3,74,23280,23358,78,42
F#,3,65,23400,23475,75,42
F#,3,74,23520,23608,88,42
F#,3,65,23640,23708,68,42
F#,3,72,23760,23858,98,42
F#,3,75,23880,23954,74,42
F#,3,75,24000,24093,93,42
F#,3,65,24120,24181,61,42
F#,3,75,24240,24329,89,42
F#,3,65,24360,24420,60,42
F#,3,74,24480,24551,71,42
F#,3,75,24600,24693,93,42
C#,4,87,24720,24836,116,49
F#,3,74,24840,24911,71,42
F#,3,75,24960,25053,93,42
F#,3,65,25080,25141,61,42
F#,3,75,25200,25289,89,42
F#,3,65,25320,25380,60,42
F#,3,74,25440,25511,71,42
F#,3,75,25560,25653,93,42
C#,4,87,25680,25796,116,49
F#,3,74,25800,25871,71,42
F#,3,72,25920,25989,69,42
F#,3,84,26040,26117,77,42
F#,3,64,26160,26260,100,42
F#,3,72,26280,26347,67,42
F#,3,65,26400,26503,103,42
F#,3,84,26520,26606,86,42
F#,3,67,26640,26708,68,42
F#,3,84,26880,26965,85,42
F#,3,59,27000,27109,109,42
F#,3,79,27120,27182,62,42
F#,3,58,27240,27340,100,42
F#,3,75,27360,27430,70,42
F#,3,65,27480,27587,107,42
F#,3,84,27600,27686,86,42
A#,3,75,27720,27857,137,46
F#,3,75,27840,27914,74,42
F#,3,74,28080,28082,2,42
F#,3,60,27960,28141,181,42
F#,3,60,28200,28306,106,42
F#,3,75,28320,28376,56,42
F#,3,62,28440,28514,74,42
F#,3,63,28560,28650,90,42
C#,4,87,28680,28798,118,49
F#,3,74,28800,28871,71,42
F#,3,60,28920,29016,96,42
F#,3,67,29040,29107,67,42
F#,3,59,29160,29266,106,42
F#,3,84,29280,29329,49,42
F#,3,61,29760,29831,71,42
F#,3,67,29880,29936,56,42
F#,3,63,30000,30109,109,42
F#,3,67,30120,30183,63,42
F#,3,60,30240,30331,91,42
F#,3,72,30360,30429,69,42
F#,3,60,30480,30525,45,42
A#,3,74,30600,30731,131,46
F#,3,72,30720,30798,78,42
F#,3,63,30840,30953,113,42
F#,3,74,30960,31025,65,42
F#,3,64,31080,31193,113,42
F#,3,74,31200,31267,67,42
F#,3,69,31320,31434,114,42
F#,3,84,31440,31520,80,42
A#,3,75,31560,31693,133,46
F#,3,79,31680,31755,75,42
F#,3,62,31800,31914,114,42
F#,3,75,31920,31985,65,42
F#,3,60,32040,32147,107,42
F#,3,65,32160,32228,68,42
F#,3,61,32280,32369,89,42
F#,3,72,32400,32498,98,42
C#,4,79,32520,32621,101,49
F#,3,65,32640,32709,69,42
F#,3,69,32760,32805,45,42
F#,3,59,32880,32927,47,42
F#,3,58,33000,33031,31,42
C#,4,94,33600,33719,119,49
F#,3,33,33720,33803,83,42
F#,3,75,33840,33924,84,42
F#,3,75,33960,34027,67,42
F#,3,87,34080,34155,75,42
F#,3,75,34200,34274,74,42
F#,3,87,34320,34418,98,42
F#,3,75,34440,34511,71,42
F#,3,84,34560,34651,91,42
F#,3,75,34680,34746,66,42
F#,3,84,34800,34893,93,42
F#,3,65,34920,34991,71,42
F#,3,79,35040,35135,95,42
F#,3,72,35160,35236,76,42
F#,3,75,35280,35377,97,42
F#,3,72,35400,35474,74,42
F#,3,75,35520,35614,94,42
F#,3,74,35640,35712,72,42
F#,3,79,35760,35845,85,42
F#,3,69,35880,35948,68,42
F#,3,72,36000,36092,92,42
F#,3,63,36120,36184,64,42
F#,3,74,36240,36326,86,42
F#,3,69,36360,36425,65,42
F#,3,72,36480,36562,82,42
F#,3,72,36600,36666,66,42
F#,3,74,36720,36798,78,42
F#,3,65,36840,36915,75,42
F#,3,74,36960,37048,88,42
F#,3,65,37080,37148,68,42
F#,3,72,37200,37298,98,42
F#,3,75,37320,37394,74,42
F#,3,75,37440,37533,93,42
F#,3,65,37560,37621,61,42
F#,3,75,37680,37769,89,42
F#,3,65,37800,37860,60,42
F#,3,74,37920,37991,71,42
F#,3,75,38040,38133,93,42
C#,4,87,38160,38276,116,49
F#,3,74,38280,38351,71,42
F#,3,75,38400,38493,93,42
F#,3,65,38520,38581,61,42
F#,3,75,38640,38729,89,42
F#,3,65,38760,38820,60,42
F#,3,74,38880,38951,71,42
F#,3,75,39000,39093,93,42
C#,4,87,39120,39236,116,49
F#,3,74,39240,39311,71,42
C#,4,94,39360,39479,119,49
F#,3,33,39480,39563,83,42
F#,3,75,39600,39684,84,42
F#,3,75,39720,39787,67,42
F#,3,87,39840,39915,75,42
F#,3,75,39960,40034,74,42
F#,3,87,40080,40178,98,42
F#,3,75,40200,40271,71,42
F#,3,84,40320,40411,91,42
F#,3,75,40440,40506,66,42
F#,3,84,40560,40653,93,42
F#,3,65,40680,40751,71,42
F#,3,79,40800,40895,95,42
F#,3,72,40920,40996,76,42
F#,3,75,41040,41137,97,42
F#,3,72,41160,41234,74,42
F#,3,75,41280,41374,94,42
F#,3,74,41400,41472,72,42
F#,3,79,41520,41605,85,42
F#,3,69,41640,41708,68,42
F#,3,72,41760,41852,92,42
F#,3,63,41880,41944,64,42
F#,3,74,42000,42086,86,42
F#,3,69,42120,42185,65,42
F#,3,72,42240,42322,82,42
F#,3,72,42360,42426,66,42
F#,3,74,42480,42558,78,42
F#,3,65,42600,42675,75,42
F#,3,74,42720,42808,88,42
F#,3,65,42840,42908,68,42
F#,3,72,42960,43058,98,42
F#,3,75,43080,43154,74,42
F#,3,75,43200,43293,93,42
F#,3,65,43320,43381,61,42
F#,3,75,43440,43529,89,42
F#,3,65,43560,43620,60,42
F#,3,74,43680,43751,71,42
F#,3,75,43800,43893,93,42
C#,4,87,43920,44036,116,49
F#,3,74,44040,44111,71,42
F#,3,75,44160,44253,93,42
F#,3,65,44280,44341,61,42
F#,3,75,44400,44489,89,42
F#,3,65,44520,44580,60,42
F#,3,74,44640,44711,71,42
F#,3,75,44760,44853,93,42
C#,4,87,44880,44996,116,49
F#,3,74,45000,45071,71,42
F#,3,72,45120,45189,69,42
F#,3,84,45240,45317,77,42
F#,3,64,45360,45460,100,42
F#,3,72,45480,45547,67,42
F#,3,65,45600,45703,103,42
F#,3,84,45720,45806,86,42
F#,3,67,45840,45908,68,42
A#,3,72,45960,46077,117,46
F#,3,84,46080,46165,85,42
F#,3,59,46200,46309,109,42
F#,3,79,46320,46382,62,42
F#,3,58,46440,46540,100,42
F#,3,75,46560,46630,70,42
F#,3,65,46680,46787,107,42
F#,3,84,46800,46886,86,42
A#,3,75,46920,47057,137,46
F#,3,75,47040,47114,74,42
F#,3,74,47280,47282,2,42
F#,3,60,47160,47341,181,42
F#,3,60,47400,47506,106,42
F#,3,75,47520,47576,56,42
F#,3,62,47640,47714,74,42
F#,3,63,47760,47850,90,42
C#,4,87,47880,47998,118,49
F#,3,74,48000,48071,71,42
F#,3,60,48120,48216,96,42
F#,3,67,48240,48307,67,42
F#,3,59,48360,48466,106,42
F#,3,84,48480,48529,49,42
F#,3,61,48960,49031,71,42
F#,3,67,49080,49136,56,42
F#,3,63,49200,49309,109,42
F#,3,67,49320,49383,63,42
F#,3,60,49440,49531,91,42
F#,3,72,49560,49629,69,42
F#,3,60,49680,49725,45,42
A#,3,74,49800,49931,131,46
F#,3,72,49920,49998,78,42
F#,3,63,50040,50153,113,42
F#,3,74,50160,50225,65,42
F#,3,64,50280,50393,113,42
F#,3,74,50400,50467,67,42
F#,3,69,50520,50634,114,42
F#,3,84,50640,50720,80,42
A#,3,75,50760,50893,133,46
F#,3,79,50880,50955,75,42
F#,3,62,51000,51114,114,42
F#,3,75,51120,51185,65,42
F#,3,60,51240,51347,107,42
F#,3,65,51360,51428,68,42
F#,3,61,51480,51569,89,42
F#,3,72,51600,51698,98,42
C#,4,79,51720,51821,101,49
F#,3,65,51840,51909,69,42
F#,3,69,51960,52005,45,42
F#,3,59,52080,52127,47,42
F#,3,58,52200,52231,31,42
C#,4,94,52800,52919,119,49
F#,3,33,52920,53003,83,42
F#,3,75,53040,53124,84,42
F#,3,75,53160,53227,67,42
F#,3,87,53280,53355,75,42
F#,3,75,53400,53474,74,42
F#,3,87,53520,53618,98,42
F#,3,75,53640,53711,71,42
F#,3,84,53760,53851,91,42
F#,3,75,53880,53946,66,42
F#,3,84,54000,54093,93,42
F#,3,65,54120,54191,71,42
F#,3,79,54240,54335,95,42
F#,3,72,54360,54436,76,42
F#,3,75,54480,54577,97,42
F#,3,72,54600,54674,74,42
F#,3,75,54720,54814,94,42
F#,3,74,54840,54912,72,42
F#,3,79,54960,55045,85,42
F#,3,69,55080,55148,68,42
F#,3,72,55200,55292,92,42
F#,3,63,55320,55384,64,42
F#,3,74,55440,55526,86,42
F#,3,69,55560,55625,65,42
F#,3,72,55680,55762,82,42
F#,3,72,55800,55866,66,42
F#,3,74,55920,55998,78,42
F#,3,65,56040,56115,75,42
F#,3,74,56160,56248,88,42
F#,3,65,56280,56348,68,42
F#,3,72,56400,56498,98,42
F#,3,75,56520,56594,74,42
F#,3,75,56640,56733,93,42
F#,3,65,56760,56821,61,42
F#,3,75,56880,56969,89,42
F#,3,65,57000,57060,60,42
F#,3,74,57120,57191,71,42
F#,3,75,57240,57333,93,42
C#,4,87,57360,57476,116,49
F#,3,74,57480,57551,71,42
F#,3,75,57600,57693,93,42
F#,3,65,57720,57781,61,42
F#,3,75,57840,57929,89,42
F#,3,65,57960,58020,60,42
F#,3,74,58080,58151,71,42
F#,3,75,58200,58293,93,42
C#,4,87,58320,58436,116,49
F#,3,74,58440,58511,71,42
C#,4,94,58560,58679,119,49
F#,3,33,58680,58763,83,42
F#,3,75,58800,58884,84,42
F#,3,75,58920,58987,67,42
F#,3,87,59040,59115,75,42
F#,3,75,59160,59234,74,42
F#,3,87,59280,59378,98,42
F#,3,75,59400,59471,71,42
F#,3,84,59520,59611,91,42
F#,3,75,59640,59706,66,42
F#,3,84,59760,59853,93,42
F#,3,65,59880,59951,71,42
F#,3,79,60000,60095,95,42
F#,3,72,60120,60196,76,42
F#,3,75,60240,60337,97,42
F#,3,72,60360,60434,74,42
F#,3,75,60480,60574,94,42
F#,3,74,60600,60672,72,42
F#,3,79,60720,60805,85,42
F#,3,69,60840,60908,68,42
F#,3,72,60960,61052,92,42
F#,3,63,61080,61144,64,42
F#,3,74,61200,61286,86,42
F#,3,69,61320,61385,65,42
F#,3,72,61440,61522,82,42
F#,3,72,61560,61626,66,42
F#,3,74,61680,61758,78,42
F#,3,65,61800,61875,75,42
F#,3,74,61920,62008,88,42
F#,3,65,62040,62108,68,42
F#,3,72,62160,62258,98,42
F#,3,75,62280,62354,74,42
F#,3,75,62400,62493,93,42
F#,3,65,62520,62581,61,42
F#,3,75,62640,62729,89,42
F#,3,65,62760,62820,60,42
F#,3,74,62880,62951,71,42
F#,3,75,63000,63093,93,42
C#,4,87,63120,63236,116,49
F#,3,74,63240,63311,71,42
F#,3,75,63360,63453,93,42
F#,3,65,63480,63541,61,42
F#,3,75,63600,63689,89,42
F#,3,65,63720,63780,60,42
F#,3,74,63840,63911,71,42
F#,3,75,63960,64053,93,42
C#,4,87,64080,64196,116,49
F#,3,74,64200,64271,71,42
F#,3,72,64320,64389,69,42
F#,3,84,64440,64517,77,42
F#,3,64,64560,64660,100,42
F#,3,72,64680,64747,67,42
F#,3,65,64800,64903,103,42
F#,3,84,64920,65006,86,42
F#,3,67,65040,65108,68,42
A#,3,72,65160,65277,117,46
F#,3,84,65280,65365,85,42
F#,3,59,65400,65509,109,42
F#,3,79,65520,65582,62,42
F#,3,58,65640,65740,100,42
F#,3,75,65760,65830,70,42
F#,3,65,65880,65987,107,42
F#,3,84,66000,66086,86,42
A#,3,75,66120,66257,137,46
F#,3,75,66240,66314,74,42
F#,3,74,66480,66482,2,42
F#,3,60,66360,66541,181,42
F#,3,60,66600,66706,106,42
F#,3,75,66720,66776,56,42
F#,3,62,66840,66914,74,42
F#,3,63,66960,67050,90,42
C#,4,87,67080,67198,118,49
F#,3,74,67200,67271,71,42
F#,3,60,67320,67416,96,42
F#,3,67,67440,67507,67,42
F#,3,59,67560,67666,106,42
F#,3,84,67680,67729,49,42
F#,3,61,68160,68231,71,42
F#,3,67,68280,68336,56,42
F#,3,63,68400,68509,109,42
F#,3,67,68520,68583,63,42
F#,3,60,68640,68731,91,42
F#,3,72,68760,68829,69,42
F#,3,60,68880,68925,45,42
A#,3,74,69000,69131,131,46
F#,3,72,69120,69198,78,42
F#,3,63,69240,69353,113,42
F#,3,74,69360,69425,65,42
F#,3,64,69480,69593,113,42
F#,3,74,69600,69667,67,42
F#,3,69,69720,69834,114,42
F#,3,84,69840,69920,80,42
A#,3,75,69960,70093,133,46
F#,3,79,70080,70155,75,42
F#,3,62,70200,70314,114,42
F#,3,75,70320,70385,65,42
F#,3,60,70440,70547,107,42
F#,3,65,70560,70628,68,42
F#,3,61,70680,70769,89,42
F#,3,72,70800,70898,98,42
C#,4,79,70920,71021,101,49
F#,3,65,71040,71109,69,42
F#,3,69,71160,71205,45,42
F#,3,59,71280,71327,47,42
F#,3,58,71400,71431,31,42
C#,4,94,72000,72119,119,49
F#,3,33,72120,72203,83,42
F#,3,75,72240,72324,84,42
F#,3,75,72360,72427,67,42
F#,3,87,72480,72555,75,42
F#,3,75,72600,72674,74,42
F#,3,87,72720,72818,98,42
F#,3,75,72840,72911,71,42
F#,3,84,72960,73051,91,42
F#,3,75,73080,73146,66,42
F#,3,84,73200,73293,93,42
F#,3,65,73320,73391,71,42
F#,3,79,73440,73535,95,42
F#,3,72,73560,73636,76,42
F#,3,75,73680,73777,97,42
F#,3,72,73800,73874,74,42
F#,3,75,73920,74014,94,42
F#,3,74,74040,74112,72,42
F#,3,79,74160,74245,85,42
F#,3,69,74280,74348,68,42
F#,3,72,74400,74492,92,42
F#,3,63,74520,74584,64,42
F#,3,74,74640,74726,86,42
F#,3,69,74760,74825,65,42
F#,3,72,74880,74962,82,42
F#,3,72,75000,75066,66,42
F#,3,74,75120,75198,78,42
F#,3,65,75240,75315,75,42
F#,3,74,75360,75448,88,42
F#,3,65,75480,75548,68,42
F#,3,72,75600,75698,98,42
F#,3,75,75720,75794,74,42
F#,3,75,75840,75933,93,42
F#,3,65,75960,76021,61,42
F#,3,75,76080,76169,89,42
F#,3,65,76200,76260,60,42
F#,3,74,76320,76391,71,42
F#,3,75,76440,76533,93,42
C#,4,87,76560,76676,116,49
F#,3,74,76680,76751,71,42
F#,3,75,76800,76893,93,42
F#,3,65,76920,76981,61,42
F#,3,75,77040,77129,89,42
F#,3,65,77160,77220,60,42
F#,3,74,77280,77351,71,42
F#,3,75,77400,77493,93,42
C#,4,87,77520,77636,116,49
F#,3,74,77640,77711,71,42
C#,4,94,77760,77879,119,49
F#,3,33,77880,77963,83,42
F#,3,75,78000,78084,84,42
F#,3,75,78120,78187,67,42
F#,3,87,78240,78315,75,42
F#,3,75,78360,78434,74,42
F#,3,87,78480,78578,98,42
F#,3,75,78600,78671,71,42
F#,3,84,78720,78811,91,42
F#,3,75,78840,78906,66,42
F#,3,84,78960,79053,93,42
F#,3,65,79080,79151,71,42
F#,3,79,79200,79295,95,42
F#,3,72,79320,79396,76,42
F#,3,75,79440,79537,97,42
F#,3,72,79560,79634,74,42
F#,3,75,79680,79774,94,42
F#,3,74,79800,79872,72,42
F#,3,79,79920,80005,85,42
F#,3,69,80040,80108,68,42
F#,3,72,80160,80252,92,42
F#,3,63,80280,80344,64,42
F#,3,74,80400,80486,86,42
F#,3,69,80520,80585,65,42
F#,3,72,80640,80722,82,42
F#,3,72,80760,80826,66,42
F#,3,74,80880,80958,78,42
F#,3,65,81000,81075,75,42
F#,3,74,81120,81208,88,42
F#,3,65,81240,81308,68,42
F#,3,72,81360,81458,98,42
F#,3,75,81480,81554,74,42
F#,3,75,81600,81693,93,42
C#,4,87,81600,81716,116,49
F#,3,75,81840,81929,89,42
F#,3,65,81960,82020,60,42
F#,3,74,82080,82151,71,42
F#,3,75,82200,82293,93,42
C#,4,87,82320,82436,116,49
F#,3,74,82440,82511,71,42
F#,3,75,82560,82653,93,42
F#,3,65,82680,82741,61,42
F#,3,75,82800,82889,89,42
F#,3,65,82920,82980,60,42
F#,3,74,83040,83111,71,42
F#,3,75,83160,83253,93,42
C#,4,87,83280,83396,116,49
F#,3,74,83400,83471,71,42
C#,4,94,83520,83639,119,49
F#,3,33,83640,83723,83,42
F#,3,75,83760,83844,84,42
F#,3,75,83880,83947,67,42
F#,3,87,84000,84075,75,42
F#,3,75,84120,84194,74,42
F#,3,87,84240,84338,98,42
F#,3,75,84360,84431,71,42
F#,3,84,84480,84571,91,42
F#,3,75,84600,84666,66,42
F#,3,84,84720,84813,93,42
F#,3,65,84840,84911,71,42
F#,3,79,84960,85055,95,42
F#,3,72,85080,85156,76,42
F#,3,75,85200,85297,97,42
F#,3,72,85320,85394,74,42
F#,3,75,85440,85534,94,42
F#,3,74,85560,85632,72,42
F#,3,79,85680,85765,85,42
F#,3,69,85800,85868,68,42
F#,3,72,85920,86012,92,42
F#,3,63,86040,86104,64,42
F#,3,74,86160,86246,86,42
F#,3,69,86280,86345,65,42
F#,3,72,86400,86482,82,42
F#,3,72,86520,86586,66,42
F#,3,74,86640,86718,78,42
F#,3,65,86760,86835,75,42
F#,3,74,86880,86968,88,42
F#,3,65,87000,87068,68,42
F#,3,72,87120,87218,98,42
F#,3,75,87240,87314,74,42
F#,3,75,87360,87453,93,42
F#,3,65,87480,87541,61,42
F#,3,75,87600,87689,89,42
F#,3,65,87720,87780,60,42
F#,3,74,87840,87911,71,42
F#,3,75,87960,88053,93,42
C#,4,87,88080,88196,116,49
F#,3,74,88200,88271,71,42
F#,3,75,88320,88413,93,42
F#,3,65,88440,88501,61,42
F#,3,75,88560,88649,89,42
F#,3,65,88680,88740,60,42
F#,3,74,88800,88871,71,42
F#,3,75,88920,89013,93,42
C#,4,87,89040,89156,116,49
F#,3,74,89160,89231,71,42
C#,4,94,89280,89399,119,49
F#,3,33,89400,89483,83,42
F#,3,75,89520,89604,84,42
F#,3,75,89640,89707,67,42
F#,3,87,89760,89835,75,42
F#,3,75,89880,89954,74,42
F#,3,87,90000,90098,98,42
F#,3,75,90120,90191,71,42
F#,3,84,90240,90331,91,42
F#,3,75,90360,90426,66,42
F#,3,84,90480,90573,93,42
F#,3,65,90600,90671,71,42
F#,3,79,90720,90815,95,42
F#,3,72,90840,90916,76,42
F#,3,75,90960,91057,97,42
F#,3,72,91080,91154,74,42
F#,3,75,91200,91294,94,42
F#,3,74,91320,91392,72,42
F#,3,79,91440,91525,85,42
F#,3,69,91560,91628,68,42
F#,3,72,91680,91772,92,42
F#,3,63,91800,91864,64,42
F#,3,74,91920,92006,86,42
F#,3,69,92040,92105,65,42
F#,3,72,92160,92242,82,42
F#,3,72,92280,92346,66,42
F#,3,74,92400,92478,78,42
F#,3,65,92520,92595,75,42
F#,3,74,92640,92728,88,42
F#,3,65,92760,92828,68,42
F#,3,72,92880,92978,98,42
F#,3,75,93000,93074,74,42
F#,3,75,93120,93213,93,42
C#,4,87,93120,93236,116,49
F#,3,75,93360,93449,89,42
F#,3,65,93480,93540,60,42
F#,3,74,93600,93671,71,42
F#,3,75,93720,93813,93,42
C#,4,87,93840,93956,116,49
F#,3,74,93960,94031,71,42
F#,3,75,94080,94173,93,42
F#,3,65,94200,94261,61,42
F#,3,75,94320,94409,89,42
F#,3,65,94440,94500,60,42
F#,3,74,94560,94631,71,42
F#,3,75,94680,94773,93,42
C#,4,87,94800,94916,116,49
F#,3,74,94920,94991,71,42
C#,4,94,95040,95159,119,49
F#,3,33,95160,95243,83,42
F#,3,75,95280,95364,84,42
F#,3,75,95400,95467,67,42
F#,3,87,95520,95595,75,42
F#,3,75,95640,95714,74,42
F#,3,87,95760,95858,98,42
F#,3,75,95880,95951,71,42
F#,3,84,96000,96091,91,42
F#,3,75,96120,96186,66,42
F#,3,84,96240,96333,93,42
F#,3,65,96360,96431,71,42
F#,3,79,96480,96575,95,42
F#,3,72,96600,96676,76,42
F#,3,75,96720,96817,97,42
F#,3,72,96840,96914,74,42
F#,3,75,96960,97054,94,42
F#,3,74,97080,97152,72,42
F#,3,79,97200,97285,85,42
F#,3,69,97320,97388,68,42
F#,3,72,97440,97532,92,42
F#,3,63,97560,97624,64,42
F#,3,74,97680,97766,86,42
F#,3,69,97800,97865,65,42
F#,3,72,97920,98002,82,42
F#,3,72,98040,98106,66,42
F#,3,74,98160,98238,78,42
F#,3,65,98280,98355,75,42
F#,3,74,98400,98488,88,42
F#,3,65,98520,98588,68,42
F#,3,72,98640,98738,98,42
F#,3,75,98760,98834,74,42
F#,3,75,98880,98973,93,42
F#,3,65,99000,99061,61,42
F#,3,75,99120,99209,89,42
F#,3,65,99240,99300,60,42
F#,3,74,99360,99431,71,42
F#,3,75,99480,99573,93,42
C#,4,87,99600,99716,116,49
F#,3,74,99720,99791,71,42
F#,3,75,99840,99933,93,42
F#,3,65,99960,100021,61,42
F#,3,75,100080,100169,89,42
F#,3,65,100200,100260,60,42
F#,3,74,100320,100391,71,42
F#,3,75,100440,100533,93,42
C#,4,87,100560,100676,116,49
F#,3,74,100680,100751,71,42
C#,4,94,100800,100919,119,49
F#,3,33,100920,101003,83,42
F#,3,75,101040,101124,84,42
F#,3,75,101160,101227,67,42
F#,3,87,101280,101355,75,42
F#,3,75,101400,101474,74,42
F#,3,87,101520,101618,98,42
F#,3,75,101640,101711,71,42
F#,3,84,101760,101851,91,42
F#,3,75,101880,101946,66,42
F#,3,84,102000,102093,93,42
F#,3,65,102120,102191,71,42
F#,3,79,102240,102335,95,42
F#,3,72,102360,102436,76,42
F#,3,75,102480,102577,97,42
F#,3,72,102600,102674,74,42
F#,3,75,102720,102814,94,42
F#,3,74,102840,102912,72,42
F#,3,79,102960,103045,85,42
F#,3,69,103080,103148,68,42
F#,3,72,103200,103292,92,42
F#,3,63,103320,103384,64,42
F#,3,74,103440,103526,86,42
F#,3,69,103560,103625,65,42
F#,3,72,103680,103762,82,42
F#,3,72,103800,103866,66,42
F#,3,74,103920,103998,78,42
F#,3,65,104040,104115,75,42
F#,3,74,104160,104248,88,42
F#,3,65,104280,104348,68,42
F#,3,72,104400,104498,98,42
F#,3,75,104520,104594,74,42
F#,3,75,104640,104733,93,42
C#,4,87,104640,104756,116,49
F#,3,75,104880,104969,89,42
F#,3,65,105000,105060,60,42
F#,3,74,105120,105191,71,42
F#,3,75,105240,105333,93,42
C#,4,87,105360,105476,116,49
F#,3,74,105480,105551,71,42
F#,3,75,105600,105693,93,42
F#,3,65,105720,105781,61,42
F#,3,75,105840,105929,89,42
F#,3,65,105960,106020,60,42
F#,3,74,106080,106151,71,42
F#,3,75,106200,106293,93,42
C#,4,87,106320,106436,116,49
F#,3,74,106440,106511,71,42
C#,4,94,106560,106679,119,49
F#,3,33,106680,106763,83,42
F#,3,75,106800,106884,84,42
F#,3,75,106920,106987,67,42
F#,3,87,107040,107115,75,42
F#,3,75,107160,107234,74,42
F#,3,87,107280,107378,98,42
F#,3,75,107400,107471,71,42
F#,3,84,107520,107611,91,42
F#,3,75,107640,107706,66,42
F#,3,84,107760,107853,93,42
F#,3,65,107880,107951,71,42
F#,3,79,108000,108095,95,42
F#,3,72,108120,108196,76,42
F#,3,75,108240,108337,97,42
F#,3,72,108360,108434,74,42
F#,3,75,108480,108574,94,42
F#,3,74,108600,108672,72,42
F#,3,79,108720,108805,85,42
F#,3,69,108840,108908,68,42
F#,3,72,108960,109052,92,42
F#,3,63,109080,109144,64,42
F#,3,74,109200,109286,86,42
F#,3,69,109320,109385,65,42
F#,3,72,109440,109522,82,42
F#,3,72,109560,109626,66,42
F#,3,74,109680,109758,78,42
F#,3,65,109800,109875,75,42
F#,3,74,109920,110008,88,42
F#,3,65,110040,110108,68,42
F#,3,72,110160,110258,98,42
F#,3,75,110280,110354,74,42
F#,3,75,110400,110493,93,42
F#,3,65,110520,110581,61,42
F#,3,75,110640,110729,89,42
F#,3,65,110760,110820,60,42
F#,3,74,110880,110951,71,42
F#,3,75,111000,111093,93,42
C#,4,87,111120,111236,116,49
F#,3,74,111240,111311,71,42
F#,3,75,111360,111453,93,42
F#,3,65,111480,111541,61,42
F#,3,75,111600,111689,89,42
F#,3,65,111720,111780,60,42
F#,3,74,111840,111911,71,42
F#,3,75,111960,112053,93,42
C#,4,87,112080,112196,116,49
F#,3,74,112200,112271,71,42
C#,4,94,112320,112439,119,49
F#,3,33,112440,112523,83,42
F#,3,75,112560,112644,84,42
F#,3,75,112680,112747,67,42
F#,3,87,112800,112875,75,42
F#,3,75,112920,112994,74,42
F#,3,87,113040,113138,98,42
F#,3,75,113160,113231,71,42
F#,3,84,113280,113371,91,42
F#,3,75,113400,113466,66,42
F#,3,84,113520,113613,93,42
F#,3,65,113640,113711,71,42
F#,3,79,113760,113855,95,42
F#,3,72,113880,113956,76,42
F#,3,75,114000,114097,97,42
F#,3,72,114120,114194,74,42
F#,3,75,114240,114334,94,42
F#,3,74,114360,114432,72,42
F#,3,79,114480,114565,85,42
F#,3,69,114600,114668,68,42
F#,3,72,114720,114812,92,42
F#,3,63,114840,114904,64,42
F#,3,74,114960,115046,86,42
F#,3,69,115080,115145,65,42
F#,3,72,115200,115282,82,42
F#,3,72,115320,115386,66,42
F#,3,74,115440,115518,78,42
F#,3,65,115560,115635,75,42
F#,3,74,115680,115768,88,42
F#,3,65,115800,115868,68,42
F#,3,72,115920,116018,98,42
F#,3,75,116040,116114,74,42
F#,3,75,116160,116253,93,42
C#,4,87,116160,116276,116,49
F#,3,75,116400,116489,89,42
F#,3,65,116520,116580,60,42
F#,3,74,116640,116711,71,42
F#,3,75,116760,116853,93,42
C#,4,87,116880,116996,116,49
F#,3,74,117000,117071,71,42
F#,3,75,117120,117213,93,42
F#,3,65,117240,117301,61,42
F#,3,75,117360,117449,89,42
F#,3,65,117480,117540,60,42
F#,3,74,117600,117671,71,42
F#,3,75,117720,117813,93,42
C#,4,87,117840,117956,116,49
F#,3,74,117960,118031,71,42
C#,4,94,118080,118199,119,49
F#,3,33,118200,118283,83,42
F#,3,75,118320,118404,84,42
F#,3,75,118440,118507,67,42
F#,3,87,118560,118635,75,42
F#,3,75,118680,118754,74,42
F#,3,87,118800,118898,98,42
F#,3,75,118920,118991,71,42
F#,3,84,119040,119131,91,42
F#,3,75,119160,119226,66,42
F#,3,84,119280,119373,93,42
F#,3,65,119400,119471,71,42
F#,3,79,119520,119615,95,42
F#,3,72,119640,119716,76,42
F#,3,75,119760,119857,97,42
F#,3,72,119880,119954,74,42
F#,3,75,120000,120094,94,42
F#,3,74,120120,120192,72,42
F#,3,79,120240,120325,85,42
F#,3,69,120360,120428,68,42
F#,3,72,120480,120572,92,42
F#,3,63,120600,120664,64,42
F#,3,74,120720,120806,86,42
F#,3,69,120840,120905,65,42
F#,3,72,120960,121042,82,42
F#,3,72,121080,121146,66,42
F#,3,74,121200,121278,78,42
F#,3,65,121320,121395,75,42
F#,3,74,121440,121528,88,42
F#,3,65,121560,121628,68,42
F#,3,72,121680,121778,98,42
F#,3,75,121800,121874,74,42
F#,3,75,121920,122013,93,42
F#,3,65,122040,122101,61,42
F#,3,75,122160,122249,89,42
F#,3,65,122280,122340,60,42
F#,3,74,122400,122471,71,42
F#,3,75,122520,122613,93,42
C#,4,87,122640,122756,116,49
F#,3,74,122760,122831,71,42
F#,3,75,122880,122973,93,42
F#,3,65,123000,123061,61,42
F#,3,75,123120,123209,89,42
F#,3,65,123240,123300,60,42
F#,3,74,123360,123431,71,42
F#,3,75,123480,123573,93,42
C#,4,87,123600,123716,116,49
F#,3,74,123720,123791,71,42
C#,4,94,123840,123959,119,49
F#,3,33,123960,124043,83,42
F#,3,75,124080,124164,84,42
F#,3,75,124200,124267,67,42
F#,3,87,124320,124395,75,42
F#,3,75,124440,124514,74,42
F#,3,87,124560,124658,98,42
F#,3,75,124680,124751,71,42
F#,3,84,124800,124891,91,42
F#,3,75,124920,124986,66,42
F#,3,84,125040,125133,93,42
F#,3,65,125160,125231,71,42
F#,3,79,125280,125375,95,42
F#,3,72,125400,125476,76,42
F#,3,75,125520,125617,97,42
F#,3,72,125640,125714,74,42
F#,3,75,125760,125854,94,42
F#,3,74,125880,125952,72,42
F#,3,79,126000,126085,85,42
F#,3,69,126120,126188,68,42
F#,3,72,126240,126332,92,42
F#,3,63,126360,126424,64,42
F#,3,74,126480,126566,86,42
F#,3,69,126600,126665,65,42
F#,3,72,126720,126802,82,42
F#,3,72,126840,126906,66,42
F#,3,74,126960,127038,78,42
F#,3,65,127080,127155,75,42
F#,3,74,127200,127288,88,42
F#,3,65,127320,127388,68,42
F#,3,72,127440,127538,98,42
F#,3,75,127560,127634,74,42
F#,3,75,127680,127773,93,42
C#,4,87,127680,127796,116,49
F#,3,75,127920,128009,89,42
F#,3,65,128040,128100,60,42
F#,3,74,128160,128231,71,42
F#,3,75,128280,128373,93,42
C#,4,87,128400,128516,116,49
F#,3,74,128520,128591,71,42
F#,3,75,128640,128733,93,42
F#,3,65,128760,128821,61,42
F#,3,75,128880,128969,89,42
F#,3,65,129000,129060,60,42
F#,3,74,129120,129191,71,42
F#,3,75,129240,129333,93,42
C#,4,87,129360,129476,116,49
F#,3,74,129480,129551,71,42
F#,4,80,25920,25948,28,54
F#,4,80,25980,26014,34,54
F#,4,80,26040,26070,30,54
F#,4,80,26100,26136,36,54
F#,4,80,26160,26193,33,54
F#,4,80,26220,26262,42,54
F#,4,80,26280,26308,28,54
F#,4,80,26340,26377,37,54
F#,4,80,26400,26433,33,54
F#,4,80,26460,26497,37,54
F#,4,80,26520,26552,32,54
F#,4,80,26580,26621,41,54
F#,4,80,26640,26679,39,54
F#,4,80,26700,26744,44,54
F#,4,80,26760,26801,41,54
F#,4,80,26820,26863,43,54
F#,4,80,26880,26925,45,54
F#,4,80,26940,26981,41,54
F#,4,80,27000,27034,34,54
F#,4,80,27060,27098,38,54
F#,4,80,27120,27167,47,54
F#,4,80,27180,27218,38,54
F#,4,80,27240,27277,37,54
F#,4,80,27300,27338,38,54
F#,4,80,27360,27396,36,54
F#,4,80,27420,27454,34,54
F#,4,80,27480,27514,34,54
F#,4,80,27540,27575,35,54
F#,4,80,27600,27644,44,54
F#,4,80,27660,27696,36,54
F#,4,80,27720,27760,40,54
F#,4,80,27780,27813,33,54
F#,4,80,27840,27868,28,54
F#,4,80,27900,27934,34,54
F#,4,80,27960,27990,30,54
F#,4,80,28020,28056,36,54
F#,4,80,28080,28113,33,54
F#,4,80,28140,28182,42,54
F#,4,80,28200,28228,28,54
F#,4,80,28260,28297,37,54
F#,4,80,28320,28353,33,54
F#,4,80,28380,28417,37,54
F#,4,80,28440,28472,32,54
F#,4,80,28500,28541,41,54
F#,4,80,28560,28599,39,54
F#,4,80,28620,28664,44,54
F#,4,80,28680,28721,41,54
F#,4,80,28740,28783,43,54
F#,4,80,28800,28845,45,54
F#,4,80,28860,28901,41,54
F#,4,80,28920,28954,34,54
F#,4,80,28980,29018,38,54
F#,4,80,29040,29087,47,54
F#,4,80,29100,29138,38,54
F#,4,80,29160,29197,37,54
F#,4,80,29220,29258,38,54
F#,4,80,29280,29316,36,54
F#,4,80,29340,29374,34,54
F#,4,80,29400,29434,34,54
F#,4,80,29460,29495,35,54
F#,4,80,29520,29564,44,54
F#,4,80,29580,29616,36,54
F#,4,80,29640,29680,40,54
F#,4,80,29700,29733,33,54
F#,4,80,29760,29788,28,54
F#,4,80,29820,29854,34,54
F#,4,80,29880,29910,30,54
F#,4,80,29940,29976,36,54
F#,4,80,30000,30033,33,54
F#,4,80,30060,30102,42,54
F#,4,80,30120,30148,28,54
F#,4,80,30180,30217,37,54
F#,4,80,30240,30273,33,54
F#,4,80,30300,30337,37,54
F#,4,80,30360,30392,32,54
F#,4,80,30420,30461,41,54
F#,4,80,30480,30519,39,54
F#,4,80,30540,30584,44,54
F#,4,80,30600,30641,41,54
F#,4,80,30660,30703,43,54
F#,4,80,30720,30765,45,54
F#,4,80,30780,30821,41,54
F#,4,80,30840,30874,34,54
F#,4,80,30900,30938,38,54
F#,4,80,30960,31007,47,54
F#,4,80,31020,31058,38,54
F#,4,80,31080,31117,37,54
F#,4,80,31140,31178,38,54
F#,4,80,31200,31236,36,54
F#,4,80,31260,31294,34,54
F#,4,80,31320,31354,34,54
F#,4,80,31380,31415,35,54
F#,4,80,31440,31484,44,54
F#,4,80,31500,31536,36,54
F#,4,80,31560,31600,40,54
F#,4,80,31620,31653,33,54
F#,4,80,31680,31708,28,54
F#,4,80,31740,31774,34,54
F#,4,80,31800,31830,30,54
F#,4,80,31860,31896,36,54
F#,4,80,31920,31953,33,54
F#,4,80,31980,32022,42,54
F#,4,80,32040,32068,28,54
F#,4,80,32100,32137,37,54
F#,4,80,32160,32193,33,54
F#,4,80,32220,32257,37,54
F#,4,80,32280,32312,32,54
F#,4,80,32340,32381,41,54
F#,4,80,32400,32439,39,54
F#,4,80,32460,32504,44,54
F#,4,80,32520,32561,41,54
F#,4,80,32580,32623,43,54
F#,4,80,32640,32685,45,54
F#,4,80,32700,32741,41,54
F#,4,80,32760,32794,34,54
F#,4,80,32820,32858,38,54
F#,4,80,32880,32927,47,54
F#,4,80,32940,32978,38,54
F#,4,80,33000,33037,37,54
F#,4,80,33060,33098,38,54
F#,4,80,33120,33156,36,54
F#,4,80,33180,33214,34,54
F#,4,80,33240,33274,34,54
F#,4,80,33300,33335,35,54
F#,4,80,33360,33404,44,54
F#,4,80,33420,33456,36,54
F#,4,80,33480,33520,40,54
F#,4,80,33540,33573,33,54
F#,4,80,45120,45148,28,54
F#,4,80,45180,45214,34,54
F#,4,80,45240,45270,30,54
F#,4,80,45300,45336,36,54
F#,4,80,45360,45393,33,54
F#,4,80,45420,45462,42,54
F#,4,80,45480,45508,28,54
F#,4,80,45540,45577,37,54
F#,4,80,45600,45633,33,54
F#,4,80,45660,45697,37,54
F#,4,80,45720,45752,32,54
F#,4,80,45780,45821,41,54
F#,4,80,45840,45879,39,54
F#,4,80,45900,45944,44,54
F#,4,80,45960,46001,41,54
F#,4,80,46020,46063,43,54
F#,4,80,46080,46125,45,54
F#,4,80,46140,46181,41,54
F#,4,80,46200,46234,34,54
F#,4,80,46260,46298,38,54
F#,4,80,46320,46367,47,54
F#,4,80,46380,46418,38,54
F#,4,80,46440,46477,37,54
F#,4,80,46500,46538,38,54
F#,4,80,46560,46596,36,54
F#,4,80,46620,46654,34,54
F#,4,80,46680,46714,34,54
F#,4,80,46740,46775,35,54
F#,4,80,46800,46844,44,54
F#,4,80,46860,46896,36,54
F#,4,80,46920,46960,40,54
F#,4,80,46980,47013,33,54
F#,4,80,47040,47068,28,54
F#,4,80,47100,47134,34,54
F#,4,80,47160,47190,30,54
F#,4,80,47220,47256,36,54
F#,4,80,47280,47313,33,54
F#,4,80,47340,47382,42,54
F#,4,80,47400,47428,28,54
F#,4,80,47460,47497,37,54
F#,4,80,47520,47553,33,54
F#,4,80,47580,47617,37,54
F#,4,80,47640,47672,32,54
F#,4,80,47700,47741,41,54
F#,4,80,47760,47799,39,54
F#,4,80,47820,47864,44,54
F#,4,80,47880,47921,41,54
F#,4,80,47940,47983,43,54
F#,4,80,48000,48045,45,54
F#,4,80,48060,48101,41,54
F#,4,80,48120,48154,34,54
F#,4,80,48180,48218,38,54
F#,4,80,48240,48287,47,54
F#,4,80,48300,48338,38,54
F#,4,80,48360,48397,37,54
F#,4,80,48420,48458,38,54
F#,4,80,48480,48516,36,54
F#,4,80,48540,48574,34,54
F#,4,80,48600,48634,34,54
F#,4,80,48660,48695,35,54
F#,4,80,48720,48764,44,54
F#,4,80,48780,48816,36,54
F#,4,80,48840,48880,40,54
F#,4,80,48900,48933,33,54
F#,4,80,48960,48988,28,54
F#,4,80,49020,49054,34,54
F#,4,80,49080,49110,30,54
F#,4,80,49140,49176,36,54
F#,4,80,49200,49233,33,54
F#,4,80,49260,49302,42,54
F#,4,80,49320,49348,28,54
F#,4,80,49380,49417,37,54
F#,4,80,49440,49473,33,54
F#,4,80,49500,49537,37,54
F#,4,80,49560,49592,32,54
F#,4,80,49620,49661,41,54
F#,4,80,49680,49719,39,54
F#,4,80,49740,49784,44,54
F#,4,80,49800,49841,41,54
F#,4,80,49860,49903,43,54
F#,4,80,49920,49965,45,54
F#,4,80,49980,50021,41,54
F#,4,80,50040,50074,34,54
F#,4,80,50100,50138,38,54
F#,4,80,50160,50207,47,54
F#,4,80,50220,50258,38,54
F#,4,80,50280,50317,37,54
F#,4,80,50340,50378,38,54
F#,4,80,50400,50436,36,54
F#,4,80,50460,50494,34,54
F#,4,80,50520,50554,34,54
F#,4,80,50580,50615,35,54
F#,4,80,50640,50684,44,54
F#,4,80,50700,50736,36,54
F#,4,80,50760,50800,40,54
F#,4,80,50820,50853,33,54
F#,4,80,50880,50908,28,54
F#,4,80,50940,50974,34,54
F#,4,80,51000,51030,30,54
F#,4,80,51060,51096,36,54
F#,4,80,51120,51153,33,54
F#,4,80,51180,51222,42,54
F#,4,80,51240,51268,28,54
F#,4,80,51300,51337,37,54
F#,4,80,51360,51393,33,54
F#,4,80,51420,51457,37,54
F#,4,80,51480,51512,32,54
F#,4,80,51540,51581,41,54
F#,4,80,51600,51639,39,54
F#,4,80,51660,51704,44,54
F#,4,80,51720,51761,41,54
F#,4,80,51780,51823,43,54
F#,4,80,51840,51885,45,54
F#,4,80,51900,51941,41,54
F#,4,80,51960,51994,34,54
F#,4,80,52020,52058,38,54
F#,4,80,52080,52127,47,54
F#,4,80,52140,52178,38,54
F#,4,80,52200,52237,37,54
F#,4,80,52260,52298,38,54
F#,4,80,52320,52356,36,54
F#,4,80,52380,52414,34,54
F#,4,80,52440,52474,34,54
F#,4,80,52500,52535,35,54
F#,4,80,52560,52604,44,54
F#,4,80,52620,52656,36,54
F#,4,80,52680,52720,40,54
F#,4,80,52740,52773,33,54
F#,4,80,64320,64348,28,54
F#,4,80,64380,64414,34,54
F#,4,80,64440,64470,30,54
F#,4,80,64500,64536,36,54
F#,4,80,64560,64593,33,54
F#,4,80,64620,64662,42,54
F#,4,80,64680,64708,28,54
F#,4,80,64740,64777,37,54
F#,4,80,64800,64833,33,54
F#,4,80,64860,64897,37,54
F#,4,80,64920,64952,32,54
F#,4,80,64980,65021,41,54
F#,4,80,65040,65079,39,54
F#,4,80,65100,65144,44,54
F#,4,80,65160,65201,41,54
F#,4,80,65220,65263,43,54
F#,4,80,65280,65325,45,54
F#,4,80,65340,65381,41,54
F#,4,80,65400,65434,34,54
F#,4,80,65460,65498,38,54
F#,4,80,65520,65567,47,54
F#,4,80,65580,65618,38,54
F#,4,80,65640,65677,37,54
F#,4,80,65700,65738,38,54
F#,4,80,65760,65796,36,54
F#,4,80,65820,65854,34,54
F#,4,80,65880,65914,34,54
F#,4,80,65940,65975,35,54
F#,4,80,66000,66044,44,54
F#,4,80,66060,66096,36,54
F#,4,80,66120,66160,40,54
F#,4,80,66180,66213,33,54
F#,4,80,66240,66268,28,54
F#,4,80,66300,66334,34,54
F#,4,80,66360,66390,30,54
F#,4,80,66420,66456,36,54
F#,4,80,66480,66513,33,54
F#,4,80,66540,66582,42,54
F#,4,80,66600,66628,28,54
F#,4,80,66660,66697,37,54
F#,4,80,66720,66753,33,54
F#,4,80,66780,66817,37,54
F#,4,80,66840,66872,32,54
F#,4,80,66900,66941,41,54
F#,4,80,66960,66999,39,54
F#,4,80,67020,67064,44,54
F#,4,80,67080,67121,41,54
F#,4,80,67140,67183,43,54
F#,4,80,67200,67245,45,54
F#,4,80,67260,67301,41,54
F#,4,80,67320,67354,34,54
F#,4,80,67380,67418,38,54
F#,4,80,67440,67487,47,54
F#,4,80,67500,67538,38,54
F#,4,80,67560,67597,37,54
F#,4,80,67620,67658,38,54
F#,4,80,67680,67716,36,54
F#,4,80,67740,67774,34,54
F#,4,80,67800,67834,34,54
F#,4,80,67860,67895,35,54
F#,4,80,67920,67964,44,54
F#,4,80,67980,68016,36,54
F#,4,80,68040,68080,40,54
F#,4,80,68100,68133,33,54
F#,4,80,68160,68188,28,54
F#,4,80,68220,68254,34,54
F#,4,80,68280,68310,30,54
F#,4,80,68340,68376,36,54
F#,4,80,68400,68433,33,54
F#,4,80,68460,68502,42,54
F#,4,80,68520,68548,28,54
F#,4,80,68580,68617,37,54
F#,4,80,68640,68673,33,54
F#,4,80,68700,68737,37,54
F#,4,80,68760,68792,32,54
F#,4,80,68820,68861,41,54
F#,4,80,68880,68919,39,54
F#,4,80,68940,68984,44,54
F#,4,80,69000,69041,41,54
F#,4,80,69060,69103,43,54
F#,4,80,69120,69165,45,54
F#,4,80,69180,69221,41,54
F#,4,80,69240,69274,34,54
F#,4,80,69300,69338,38,54
F#,4,80,69360,69407,47,54
F#,4,80,69420,69458,38,54
F#,4,80,69480,69517,37,54
F#,4,80,69540,69578,38,54
F#,4,80,69600,69636,36,54
F#,4,80,69660,69694,34,54
F#,4,80,69720,69754,34,54
F#,4,80,69780,69815,35,54
F#,4,80,69840,69884,44,54
F#,4,80,69900,69936,36,54
F#,4,80,69960,70000,40,54
F#,4,80,70020,70053,33,54
F#,4,80,70080,70108,28,54
F#,4,80,70140,70174,34,54
F#,4,80,70200,70230,30,54
F#,4,80,70260,70296,36,54
F#,4,80,70320,70353,33,54
F#,4,80,70380,70422,42,54
F#,4,80,70440,70468,28,54
F#,4,80,70500,70537,37,54
F#,4,80,70560,70593,33,54
F#,4,80,70620,70657,37,54
F#,4,80,70680,70712,32,54
F#,4,80,70740,70781,41,54
F#,4,80,70800,70839,39,54
F#,4,80,70860,70904,44,54
F#,4,80,70920,70961,41,54
F#,4,80,70980,71023,43,54
F#,4,80,71040,71085,45,54
F#,4,80,71100,71141,41,54
F#,4,80,71160,71194,34,54
F#,4,80,71220,71258,38,54
F#,4,80,71280,71327,47,54
F#,4,80,71340,71378,38,54
F#,4,80,71400,71437,37,54
F#,4,80,71460,71498,38,54
F#,4,80,71520,71556,36,54
F#,4,80,71580,71614,34,54
F#,4,80,71640,71674,34,54
F#,4,80,71700,71735,35,54
F#,4,80,71760,71804,44,54
F#,4,80,71820,71856,36,54
F#,4,80,71880,71920,40,54
F#,4,80,71940,71973,33,54
E,2,127,8400,8619,219,28
E,2,127,13200,13486,286,28
E,2,127,14160,14379,219,28
E,2,127,18960,19246,286,28
E,2,127,19920,20139,219,28
E,2,127,24720,25006,286,28
E,2,127,25680,25899,219,28
E,2,127,38160,38446,286,28
E,2,127,39120,39339,219,28
E,2,127,43920,44206,286,28
E,2,127,44880,45099,219,28
E,2,127,53520,53744,224,28
E,2,127,54480,54704,224,28
E,2,127,55440,55664,224,28
E,2,127,56400,56624,224,28
E,2,127,57360,57584,224,28
E,2,127,58320,58544,224,28
E,2,127,59280,59504,224,28
E,2,127,60240,60464,224,28
E,2,127,61200,61424,224,28
E,2,127,62160,62384,224,28
E,2,127,63120,63344,224,28
E,2,127,64080,64304,224,28
E,2,127,72240,72491,251,28
E,2,127,72720,72936,216,28
E,2,127,73200,73430,230,28
E,2,127,73680,73869,189,28
E,2,127,74160,74411,251,28
E,2,127,74640,74856,216,28
E,2,127,75120,75350,230,28
E,2,127,75600,75789,189,28
E,2,127,76080,76331,251,28
E,2,127,76560,76776,216,28
E,2,127,77040,77270,230,28
E,2,127,77520,77709,189,28
E,2,127,78000,78251,251,28
E,2,127,78480,78696,216,28
E,2,127,78960,79190,230,28
E,2,127,79440,79629,189,28
E,2,127,79920,80171,251,28
E,2,127,80400,80616,216,28
E,2,127,80880,81110,230,28
E,2,127,81360,81549,189,28
E,2,127,81840,82091,251,28
E,2,127,82320,82536,216,28
E,2,127,82800,83030,230,28
E,2,127,83280,83469,189,28
E,2,127,83760,84011,251,28
E,2,127,84240,84456,216,28
E,2,127,84720,84950,230,28
E,2,127,85200,85389,189,28
E,2,127,85680,85931,251,28
E,2,127,86160,86376,216,28
E,2,127,86640,86870,230,28
E,2,127,87120,87309,189,28
E,2,127,87600,87851,251,28
E,2,127,88080,88296,216,28
E,2,127,88560,88790,230,28
E,2,127,89040,89229,189,28
E,2,127,89520,89771,251,28
E,2,127,90000,90216,216,28
E,2,127,90480,90710,230,28
E,2,127,90960,91149,189,28
E,2,127,91440,91691,251,28
E,2,127,91920,92136,216,28
E,2,127,92400,92630,230,28
E,2,127,92880,93069,189,28
E,2,127,93360,93611,251,28
E,2,127,93840,94056,216,28
E,2,127,94320,94550,230,28
E,2,127,94800,94989,189,28
E,2,127,95280,95531,251,28
E,2,127,95760,95976,216,28
E,2,127,96240,96470,230,28
E,2,127,96720,96909,189,28
E,2,127,97200,97451,251,28
E,2,127,97680,97896,216,28
E,2,127,98160,98390,230,28
E,2,127,98640,98829,189,28
E,2,127,99120,99371,251,28
E,2,127,99600,99816,216,28
E,2,127,100080,100310,230,28
E,2,127,100560,100749,189,28
E,2,127,101040,101291,251,28
E,2,127,101520,101736,216,28
E,2,127,102000,102230,230,28
E,2,127,102480,102669,189,28
E,2,127,102960,103211,251,28
E,2,127,103440,103656,216,28
E,2,127,103920,104150,230,28
E,2,127,104400,104589,189,28
E,2,127,104880,105131,251,28
E,2,127,105360,105576,216,28
E,2,127,105840,106070,230,28
E,2,127,106320,106509,189,28
E,2,127,106800,107051,251,28
E,2,127,107280,107496,216,28
E,2,127,107760,107990,230,28
E,2,127,108240,108429,189,28
E,2,127,108720,108971,251,28
E,2,127,109200,109416,216,28
E,2,127,109680,109910,230,28
E,2,127,110160,110349,189,28
E,2,127,110640,110891,251,28
E,2,127,111120,111336,216,28
E,2,127,111600,111830,230,28
E,2,127,112080,112269,189,28
E,2,127,112560,112811,251,28
E,2,127,113040,113256,216,28
E,2,127,113520,113750,230,28
E,2,127,114000,114189,189,28
E,2,127,114480,114731,251,28
E,2,127,114960,115176,216,28
E,2,127,115440,115670,230,28
E,2,127,115920,116109,189,28
E,2,127,116400,116651,251,28
E,2,127,116880,117096,216,28
E,2,127,117360,117590,230,28
E,2,127,117840,118029,189,28
E,2,127,118320,118571,251,28
E,2,127,118800,119016,216,28
E,2,127,119280,119510,230,28
E,2,127,119760,119949,189,28
E,2,127,120240,120491,251,28
E,2,127,120720,120936,216,28
E,2,127,121200,121430,230,28
E,2,127,121680,121869,189,28
E,2,127,122160,122411,251,28
E,2,127,122640,122856,216,28
E,2,127,123120,123350,230,28
E,2,127,123600,123789,189,28
E,2,127,124080,124331,251,28
E,2,127,124560,124776,216,28
E,2,127,125040,125270,230,28
E,2,127,125520,125709,189,28
E,2,127,126000,126251,251,28
E,2,127,126480,126696,216,28
E,2,127,126960,127190,230,28
E,2,127,127440,127629,189,28
E,2,127,127920,128171,251,28
E,2,127,128400,128616,216,28
E,2,127,128880,129110,230,28
E,2,127,129360,129549,189,28
D,6,127,14418,14564,146,74
C#,6,127,14539,14649,110,73
G,5,127,14655,14787,132,67
A,5,127,15134,15263,129,69
G,5,127,15231,15333,102,67
D,6,127,15363,15496,133,74
C#,6,127,15482,15603,121,73
G,5,127,15606,15739,133,67
A,5,127,15720,15830,110,69
A,5,127,16098,16217,119,69
G,5,127,16202,16309,107,67
D,6,127,16320,16459,139,74
C#,6,127,16433,16577,144,73
G,5,127,16553,16664,111,67
A,5,127,16672,16816,144,69
A,5,127,17067,17118,51,69
A,5,127,17174,17238,64,69
D,6,127,17300,17348,48,74
D,6,127,17396,17449,53,74
D,6,127,17507,17567,60,74
C#,6,127,17643,17759,116,73
A,5,127,18015,18110,95,69
B,5,127,18261,18375,114,71
G,5,127,18372,18500,128,67
D,6,127,20169,20296,127,74
C#,6,127,20278,20422,144,73
G,5,127,20417,20534,117,67
A,5,127,20520,20640,120,69
A,5,127,20886,21015,129,69
G,5,127,20987,21113,126,67
D,6,127,21117,21246,129,74
C#,6,127,21229,21368,139,73
G,5,127,21352,21503,151,67
A,5,127,21480,21585,105,69
A,5,127,21846,21984,138,69
G,5,127,21963,22068,105,67
D,6,127,22100,22235,135,74
C#,6,127,22211,22318,107,73
G,5,127,22315,22436,121,67
A,5,127,22434,22540,106,69
A,5,127,22684,22728,44,69
A,5,127,22796,22849,53,69
A,5,127,22920,23051,131,69
D,6,127,23048,23107,59,74
D,6,127,23163,23227,64,74
D,6,127,23274,23331,57,74
E,6,127,23317,23532,215,76
C#,6,127,23514,23765,251,73
A,5,127,23776,24030,254,69
B,5,127,24011,24132,121,71
G,5,127,24129,24268,139,67
D,6,127,33600,33783,183,74
C#,6,127,33708,33832,124,73
G,5,127,33839,33956,117,67
A,5,127,33959,34099,140,69
A,5,127,34340,34458,118,69
G,5,127,34443,34536,93,67
D,6,127,34567,34709,142,74
C#,6,127,34660,34779,119,73
G,5,127,34794,34885,91,67
A,5,127,34915,35136,221,69
A,5,127,35292,35414,122,69
G,5,127,35397,35488,91,67
D,6,127,35526,35653,127,74
C#,6,127,35627,35751,124,73
G,5,127,35767,35889,122,67
A,5,127,35886,36026,140,69
A,5,127,36259,36308,49,69
A,5,127,36368,36500,132,69
D,6,127,36494,36551,57,74
D,6,127,36607,36678,71,74
E,6,127,36732,36947,215,76
C#,6,127,36958,37209,251,73
A,5,127,37209,37446,237,69
B,5,127,37451,37578,127,71
G,5,127,37573,37677,104,67
D,6,127,39360,39482,122,74
C#,6,127,39476,39589,113,73
G,5,127,39606,39722,116,67
A,5,127,39727,39815,88,69
A,5,127,39972,40014,42,69
A,5,127,40090,40212,122,69
G,5,127,40196,40288,92,67
D,6,127,40342,40454,112,74
C#,6,127,40447,40551,104,73
G,5,127,40574,40680,106,67
A,5,127,40683,40785,102,69
A,5,127,40940,40993,53,69
A,5,127,41058,41153,95,69
D,6,127,41287,41404,117,74
C#,6,127,41393,41511,118,73
G,5,127,41522,41635,113,67
A,5,127,41638,41777,139,69
A,5,127,41874,41925,51,69
A,5,127,42000,42111,111,69
D,6,127,42267,42310,43,74
D,6,127,42365,42423,58,74
E,6,127,42496,42709,213,76
C#,6,127,42730,42952,222,73
A,5,127,42982,43152,170,69
B,5,127,43211,43338,127,71
G,5,127,43335,43469,134,67
D,6,127,25920,26013,93,74
A,6,127,26280,26377,97,81
B,6,127,26520,26627,107,83
B,6,127,26760,26884,124,83
D,6,127,26880,26986,106,74
D,7,127,27120,27241,121,86
A,6,127,27240,27332,92,81
D,6,127,27840,27931,91,74
D,7,127,28080,28204,124,86
A,6,127,28200,28303,103,81
B,6,127,28440,28571,131,83
C,7,127,28560,28700,140,84
B,6,127,28680,28798,118,83
D,6,127,28800,28905,105,74
D,6,127,29146,29210,64,74
G,6,127,29393,29456,63,79
A,6,127,29424,29548,124,81
D,7,127,29515,29659,144,86
D,6,127,29760,29872,112,74
D,7,127,30000,30125,125,86
A,6,127,30120,30203,83,81
B,6,127,30360,30446,86,83
C,7,127,30480,30616,136,84
B,6,127,30600,30736,136,83
D,6,127,30720,30842,122,74
D,7,127,30960,31079,119,86
A,6,127,31080,31163,83,81
F,7,127,31320,31460,140,89
E,7,127,31440,31561,121,88
D,6,127,31680,31789,109,74
D,7,127,31920,32032,112,86
A,6,127,32040,32132,92,81
B,6,127,32280,32400,120,83
C,7,127,32400,32563,163,84
B,6,127,32520,32645,125,83
D,6,127,32640,32766,126,74
G,6,127,32760,32919,159,79
A,6,127,32880,32990,110,81
D,7,127,33000,33431,431,86
D,6,127,45120,45213,93,74
D,7,127,45360,45480,120,86
A,6,127,45480,45577,97,81
B,6,127,45720,45827,107,83
C,7,127,45840,45957,117,84
B,6,127,45960,46084,124,83
D,6,127,46080,46186,106,74
D,7,127,46320,46441,121,86
A,6,127,46440,46532,92,81
F,7,127,46680,46830,150,89
E,7,127,46800,46926,126,88
D,6,127,47040,47131,91,74
D,7,127,47280,47404,124,86
A,6,127,47400,47503,103,81
B,6,127,47640,47771,131,83
C,7,127,47760,47900,140,84
B,6,127,47880,47998,118,83
D,6,127,48000,48105,105,74
D,6,127,48346,48410,64,74
G,6,127,48593,48656,63,79
A,6,127,48624,48748,124,81
D,7,127,48715,48859,144,86
D,6,127,48960,49072,112,74
D,7,127,49200,49325,125,86
A,6,127,49320,49403,83,81
B,6,127,49560,49646,86,83
C,7,127,49680,49816,136,84
B,6,127,49800,49936,136,83
D,6,127,49920,50042,122,74
D,7,127,50160,50279,119,86
A,6,127,50280,50363,83,81
F,7,127,50520,50660,140,89
E,7,127,50640,50761,121,88
D,6,127,50880,50989,109,74
D,7,127,51120,51232,112,86
A,6,127,51240,51332,92,81
B,6,127,51480,51600,120,83
C,7,127,51600,51763,163,84
B,6,127,51720,51845,125,83
D,6,127,51840,51966,126,74
G,6,127,51960,52119,159,79
A,6,127,52080,52190,110,81
D,7,127,52200,52631,431,86
D,6,127,64320,64413,93,74
D,7,127,64560,64680,120,86
A,6,127,64680,64777,97,81
B,6,127,64920,65027,107,83
C,7,127,65040,65157,117,84
B,6,127,65160,65284,124,83
D,6,127,65280,65386,106,74
D,7,127,65520,65641,121,86
A,6,127,65640,65732,92,81
F,7,127,65880,66030,150,89
E,7,127,66000,66126,126,88
D,6,127,66240,66331,91,74
D,7,127,66480,66604,124,86
A,6,127,66600,66703,103,81
B,6,127,66840,66971,131,83
C,7,127,66960,67100,140,84
B,6,127,67080,67198,118,83
D,6,127,67200,67305,105,74
D,6,127,67546,67610,64,74
G,6,127,67793,67856,63,79
A,6,127,67824,67948,124,81
D,7,127,67915,68059,144,86
D,6,127,68160,68272,112,74
D,7,127,68400,68525,125,86
A,6,127,68520,68603,83,81
B,6,127,68760,68846,86,83
C,7,127,68880,69016,136,84
B,6,127,69000,69136,136,83
D,6,127,69120,69242,122,74
D,7,127,69360,69479,119,86
A,6,127,69480,69563,83,81
F,7,127,69720,69860,140,89
E,7,127,69840,69961,121,88
D,6,127,70080,70189,109,74
D,7,127,70320,70432,112,86
A,6,127,70440,70532,92,81
B,6,127,70680,70800,120,83
C,7,127,70800,70963,163,84
B,6,127,70920,71045,125,83
D,6,127,71040,71166,126,74
G,6,127,71160,71319,159,79
A,6,127,71280,71390,110,81
D,7,127,71400,71831,431,86
D,4,100,128,2885,2757,50
D,4,110,25942,33572,7630,50
D,4,110,45120,52750,7630,50
D,4,100,52800,52805,5,50
D,4,110,64342,71972,7630,50
D,4,100,72000,72005,5,50
D,4,100,83520,83525,5,50
D,4,100,95040,95045,5,50
D,4,100,106560,106565,5,50
D,4,100,118080,118085,5,50