letter,octave,velocity,time_on,time_off,duration,note_number
D,3,85,2280,2324,44,38
D,3,75,2400,2760,360,38
G,3,85,3240,3284,44,43
G,3,75,3360,3720,360,43
G,3,76,4200,4344,144,43
C,4,69,4680,4762,82,48
G,3,65,4740,4822,82,43
C,3,90,4800,5190,390,36
G,3,73,5160,5236,76,43
C,4,81,5280,5590,310,48
C,3,91,5640,5756,116,36
E,3,73,6240,6554,314,40
E,3,87,6600,6720,120,40
A,2,81,6720,7094,374,33
E,3,80,7080,7132,52,40
E,3,82,7200,7480,280,40
E,3,64,7560,7628,68,40
E,3,76,7680,8044,364,40
B,2,73,8160,8474,314,35
B,2,87,8520,8640,120,35
F,3,83,9000,9048,48,41
F,3,78,9120,9430,310,41
F,3,75,9480,9528,48,41
F,3,85,9600,9906,306,41
F,3,83,9960,10008,48,41
F,3,78,10080,10390,310,41
F,3,75,10440,10488,48,41
G,3,79,10560,10866,306,43
G,3,85,10920,10964,44,43
G,3,75,11040,11400,360,43
D,4,72,11400,11512,112,50
G,3,76,11520,11884,364,43
D,3,83,11880,11942,62,38
D,3,73,12000,12314,314,38
D,3,87,12360,12480,120,38
C,3,85,12480,12786,306,36
C,3,83,12840,12888,48,36
C,3,78,12960,13270,310,36
C,3,75,13320,13368,48,36
C,3,76,13440,13804,364,36
G,2,73,13920,14234,314,31
G,2,87,14280,14400,120,31
F,3,83,14760,14822,62,41
F,3,73,14880,15194,314,41
F,3,87,15240,15360,120,41
A#,2,86,15360,15742,382,34
F,3,76,15720,15864,144,41
A#,3,69,16200,16282,82,46
F,3,65,16260,16320,60,41
C,3,76,16320,16684,364,36
G,3,83,16680,16742,62,43
G,3,73,16800,17114,314,43
G,3,87,17160,17280,120,43
C,3,76,17280,17644,364,36
G,3,83,17640,17702,62,43
G,3,73,17760,18074,314,43
G,3,87,18120,18240,120,43
D,3,93,18240,18622,382,38
A,3,83,18600,18744,144,45
D,4,84,18720,19012,292,50
D,4,76,19080,19162,82,50
A,3,72,19140,19200,60,45
G,3,86,19200,19506,306,43
G,3,92,19560,19604,44,43
G,3,82,19680,20040,360,43
D,4,79,20040,20152,112,50
C,3,86,20160,20466,306,36
C,3,92,20520,20564,44,36
C,3,82,20640,21000,360,36
G,3,79,21000,21112,112,43
C,3,92,21120,21428,308,36
C,3,90,21480,21534,54,36
C,3,83,21600,21970,370,36
G,3,81,21960,22046,86,43
A,2,92,22080,22386,306,33
A,2,90,22440,22488,48,33
A,2,85,22560,22870,310,33
A,2,82,22920,22968,48,33
A,2,86,23040,23358,318,33
A,2,86,23400,23438,38,33
A,2,74,23520,23832,312,33
A,2,88,23880,23954,74,33
E,3,86,24000,24306,306,40
E,3,92,24360,24404,44,40
E,3,82,24480,24840,360,40
F,3,86,24960,25266,306,41
F,3,92,25320,25364,44,41
F,3,82,25440,25800,360,41
C,4,79,25800,25912,112,48
F,3,83,25920,26284,364,41
C,3,90,26280,26342,62,36
C,3,80,26400,26714,314,36
C,3,94,26760,26880,120,36
G,3,83,26880,27244,364,43
D,3,90,27240,27302,62,38
D,3,80,27360,27674,314,38
D,3,94,27720,27840,120,38
G,3,92,27840,28146,306,43
G,3,90,28200,28248,48,43
G,3,85,28320,28630,310,43
G,3,82,28680,28728,48,43
C,3,83,28800,29164,364,36
G,3,90,29160,29222,62,43
G,3,80,29280,29594,314,43
G,3,94,29640,29760,120,43
C,3,86,29760,30066,306,36
C,3,92,30120,30164,44,36
C,3,82,30240,30600,360,36
G,3,79,30600,30712,112,43
A#,2,83,30720,31084,364,34
F,3,90,31080,31142,62,41
F,3,80,31200,31514,314,41
F,3,94,31560,31680,120,41
A#,2,86,31680,31986,306,34
A#,2,92,32040,32084,44,34
A#,2,82,32160,32520,360,34
F,3,79,32520,32632,112,41
C,3,93,32640,33022,382,36
G,3,83,33000,33144,144,43
C,4,84,33120,33412,292,48
C,4,76,33480,33562,82,48
G,3,72,33540,33600,60,43
C,3,86,33600,33906,306,36
C,3,92,33960,34004,44,36
C,3,82,34080,34440,360,36
G,3,79,34440,34552,112,43
D,3,79,34560,34866,306,38
D,3,85,34920,34964,44,38
D,3,75,35040,35400,360,38
A,3,72,35400,35512,112,45
G,3,79,35520,35826,306,43
G,3,85,35880,35924,44,43
G,3,75,36000,36360,360,43
D,4,72,36360,36472,112,50
C,3,85,36480,36786,306,36
C,3,83,36840,36888,48,36
C,3,78,36960,37270,310,36
C,3,75,37320,37368,48,36
C,3,79,37440,37758,318,36
C,3,79,37800,37838,38,36
C,3,67,37920,38232,312,36
C,3,81,38280,38354,74,36
A,2,79,38400,38706,306,33
A,2,85,38760,38804,44,33
A,2,75,38880,39240,360,33
E,3,72,39240,39352,112,40
A,2,85,39360,39668,308,33
A,2,83,39720,39774,54,33
A,2,76,39840,40210,370,33
E,3,74,40200,40286,86,40
E,3,85,40320,40626,306,40
E,3,83,40680,40728,48,40
E,3,78,40800,41110,310,40
E,3,75,41160,41208,48,40
F,3,85,41280,41586,306,41
F,3,83,41640,41688,48,41
F,3,78,41760,42070,310,41
F,3,75,42120,42168,48,41
F,3,79,42240,42546,306,41
F,3,85,42600,42644,44,41
F,3,75,42720,43080,360,41
C,4,72,43080,43192,112,48
G,3,76,43200,43564,364,43
D,3,83,43560,43622,62,38
D,3,73,43680,43994,314,38
D,3,87,44040,44160,120,38
G,3,85,44160,44466,306,43
G,3,83,44520,44568,48,43
G,3,78,44640,44950,310,43
G,3,75,45000,45048,48,43
C,3,85,45120,45426,306,36
C,3,83,45480,45528,48,36
C,3,78,45600,45910,310,36
C,3,75,45960,46008,48,36
C,3,79,46080,46386,306,36
C,3,85,46440,46484,44,36
C,3,75,46560,46920,360,36
G,3,72,46920,47032,112,43
A#,2,79,47040,47346,306,34
A#,2,85,47400,47444,44,34
A#,2,75,47520,47880,360,34
F,3,72,47880,47992,112,41
A#,2,85,48000,48306,306,34
A#,2,83,48360,48408,48,34
A#,2,78,48480,48790,310,34
A#,2,75,48840,48888,48,34
C,3,85,48960,49266,306,36
C,3,83,49320,49368,48,36
C,3,78,49440,49750,310,36
C,3,75,49800,49848,48,36
C,3,85,49920,50226,306,36
C,3,83,50280,50328,48,36
C,3,78,50400,50710,310,36
C,3,75,50760,50808,48,36
D,3,83,50880,51244,364,38
A,2,90,51240,51302,62,33
A,2,80,51360,51674,314,33
A,2,94,51720,51840,120,33
D,3,88,51840,52214,374,38
A,2,87,52200,52252,52,33
A,2,89,52320,52600,280,33
A,2,71,52680,52748,68,33
C,3,92,52800,53106,306,36
C,3,90,53160,53208,48,36
G,3,92,53280,53586,306,43
G,3,90,53640,53688,48,43
G,3,86,53760,54074,314,43
G,3,88,54120,54174,54,43
G,3,76,54240,54608,368,43
D,3,82,54600,54720,120,38
C,3,86,54720,55026,306,36
C,3,92,55080,55124,44,36
C,3,82,55200,55560,360,36
G,3,79,55560,55672,112,43
A#,2,93,55680,56062,382,34
F,3,83,56040,56184,144,41
A#,3,84,56160,56452,292,46
A#,3,76,56520,56602,82,46
F,3,72,56580,56640,60,41
C,3,93,56640,57022,382,36
G,3,83,57000,57144,144,43
C,4,84,57120,57412,292,48
C,4,76,57480,57562,82,48
G,3,72,57540,57600,60,43
A#,2,83,57600,57964,364,34
F,3,90,57960,58022,62,41
F,3,80,58080,58394,314,41
F,3,94,58440,58560,120,41
C,3,93,58560,58942,382,36
G,3,83,58920,59064,144,43
C,4,84,59040,59332,292,48
C,4,76,59400,59482,82,48
G,3,72,59460,59520,60,43
C,3,77,59520,59888,368,36
G,3,86,59880,59976,96,43
C,3,77,60000,60374,374,36
G,3,80,60360,60458,98,43
C,3,86,60480,60542,62,36
C,3,97,60600,60708,108,36
G,3,92,60720,60942,222,43
C,3,88,60960,61440,480,36
E,3,50,1920,1970,50,40
B,2,50,1920,1970,50,35
E,3,40,1980,2030,50,40
E,3,50,2040,2090,50,40
E,3,40,2100,2150,50,40
E,3,70,2160,2210,50,40
F#,3,50,2160,2210,50,42
D,3,40,2160,2210,50,38
E,3,40,2220,2270,50,40
E,3,50,2280,2330,50,40
F#,3,50,2280,2330,50,42
B,2,40,2280,2330,50,35
E,3,40,2340,2390,50,40
E,3,50,2400,2450,50,40
F#,3,50,2400,2450,50,42
B,2,50,2400,2450,50,35
E,3,40,2460,2510,50,40
E,3,50,2520,2570,50,40
F#,3,50,2520,2570,50,42
E,3,40,2580,2630,50,40
E,3,70,2640,2690,50,40
A#,5,50,2640,2690,50,70
C#,3,60,2640,2690,50,37
F#,3,50,2640,2690,50,42
D,3,40,2640,2690,50,38
E,3,40,2700,2750,50,40
E,3,50,2760,2810,50,40
F#,3,50,2760,2810,50,42
E,3,40,2820,2870,50,40
E,3,50,2880,2930,50,40
B,2,50,2880,2930,50,35
E,3,40,2940,2990,50,40
E,3,50,3000,3050,50,40
F#,3,50,3000,3050,50,42
E,3,40,3060,3110,50,40
E,3,70,3120,3170,50,40
A#,5,50,3120,3170,50,70
C#,3,60,3120,3170,50,37
F#,3,50,3120,3170,50,42
D,3,40,3120,3170,50,38
E,3,40,3180,3230,50,40
E,3,50,3240,3290,50,40
F#,3,50,3240,3290,50,42
B,2,40,3240,3290,50,35
E,3,40,3300,3350,50,40
E,3,50,3360,3410,50,40
F#,3,50,3360,3410,50,42
B,2,50,3360,3410,50,35
E,3,40,3420,3470,50,40
E,3,50,3480,3530,50,40
F#,3,50,3480,3530,50,42
E,3,40,3540,3590,50,40
E,3,70,3600,3650,50,40
A#,5,50,3600,3650,50,70
C#,3,60,3600,3650,50,37
F#,3,50,3600,3650,50,42
D,3,40,3600,3650,50,38
E,3,40,3660,3710,50,40
E,3,50,3720,3770,50,40
F#,3,50,3720,3770,50,42
E,3,40,3780,3830,50,40
E,3,50,3840,3890,50,40
B,2,50,3840,3890,50,35
E,3,40,3900,3950,50,40
E,3,50,3960,4010,50,40
F#,3,50,3960,4010,50,42
E,3,40,4020,4070,50,40
E,3,70,4080,4130,50,40
A#,5,50,4080,4130,50,70
C#,3,60,4080,4130,50,37
F#,3,50,4080,4130,50,42
D,3,40,4080,4130,50,38
E,3,40,4140,4190,50,40
E,3,50,4200,4250,50,40
F#,3,50,4200,4250,50,42
B,2,40,4200,4250,50,35
E,3,40,4260,4310,50,40
E,3,50,4320,4370,50,40
F#,3,50,4320,4370,50,42
B,2,50,4320,4370,50,35
E,3,40,4380,4430,50,40
E,3,50,4440,4490,50,40
F#,3,50,4440,4490,50,42
E,3,40,4500,4550,50,40
E,3,70,4560,4610,50,40
A#,5,50,4560,4610,50,70
C#,3,60,4560,4610,50,37
F#,3,50,4560,4610,50,42
D,3,40,4560,4610,50,38
E,3,40,4620,4670,50,40
E,3,50,4680,4730,50,40
F#,3,50,4680,4730,50,42
E,3,40,4740,4790,50,40
E,3,50,4800,4850,50,40
B,2,50,4800,4850,50,35
E,3,40,4860,4910,50,40
E,3,50,4920,4970,50,40
F#,3,50,4920,4970,50,42
E,3,40,4980,5030,50,40
E,3,70,5040,5090,50,40
A#,5,50,5040,5090,50,70
C#,3,60,5040,5090,50,37
F#,3,50,5040,5090,50,42
D,3,40,5040,5090,50,38
E,3,40,5100,5150,50,40
E,3,50,5160,5210,50,40
F#,3,50,5160,5210,50,42
B,2,40,5160,5210,50,35
E,3,40,5220,5270,50,40
E,3,50,5280,5330,50,40
F#,3,50,5280,5330,50,42
B,2,50,5280,5330,50,35
E,3,40,5340,5390,50,40
E,3,50,5400,5450,50,40
F#,3,50,5400,5450,50,42
E,3,40,5460,5510,50,40
E,3,70,5520,5570,50,40
A#,5,50,5520,5570,50,70
C#,3,60,5520,5570,50,37
F#,3,50,5520,5570,50,42
D,3,40,5520,5570,50,38
E,3,40,5580,5630,50,40
E,3,50,5640,5690,50,40
F#,3,50,5640,5690,50,42
E,3,40,5700,5750,50,40
E,3,50,5760,5810,50,40
B,2,50,5760,5810,50,35
E,3,40,5820,5870,50,40
E,3,50,5880,5930,50,40
F#,3,50,5880,5930,50,42
E,3,40,5940,5990,50,40
E,3,70,6000,6050,50,40
A#,5,50,6000,6050,50,70
C#,3,60,6000,6050,50,37
F#,3,50,6000,6050,50,42
D,3,40,6000,6050,50,38
E,3,40,6060,6110,50,40
E,3,50,6120,6170,50,40
F#,3,50,6120,6170,50,42
B,2,40,6120,6170,50,35
E,3,40,6180,6230,50,40
E,3,50,6240,6290,50,40
F#,3,50,6240,6290,50,42
B,2,50,6240,6290,50,35
E,3,40,6300,6350,50,40
E,3,50,6360,6410,50,40
F#,3,50,6360,6410,50,42
E,3,40,6420,6470,50,40
E,3,70,6480,6530,50,40
A#,5,50,6480,6530,50,70
C#,3,60,6480,6530,50,37
F#,3,50,6480,6530,50,42
D,3,40,6480,6530,50,38
E,3,40,6540,6590,50,40
E,3,50,6600,6650,50,40
F#,3,50,6600,6650,50,42
E,3,40,6660,6710,50,40
E,3,50,6720,6770,50,40
B,2,50,6720,6770,50,35
E,3,40,6780,6830,50,40
E,3,50,6840,6890,50,40
F#,3,50,6840,6890,50,42
E,3,40,6900,6950,50,40
E,3,70,6960,7010,50,40
A#,5,50,6960,7010,50,70
C#,3,60,6960,7010,50,37
F#,3,50,6960,7010,50,42
D,3,40,6960,7010,50,38
E,3,40,7020,7070,50,40
E,3,50,7080,7130,50,40
F#,3,50,7080,7130,50,42
B,2,40,7080,7130,50,35
E,3,40,7140,7190,50,40
E,3,50,7200,7250,50,40
F#,3,50,7200,7250,50,42
B,2,50,7200,7250,50,35
E,3,40,7260,7310,50,40
E,3,50,7320,7370,50,40
F#,3,50,7320,7370,50,42
E,3,40,7380,7430,50,40
E,3,70,7440,7490,50,40
A#,5,50,7440,7490,50,70
C#,3,60,7440,7490,50,37
F#,3,50,7440,7490,50,42
D,3,40,7440,7490,50,38
E,3,40,7500,7550,50,40
E,3,50,7560,7610,50,40
F#,3,50,7560,7610,50,42
E,3,40,7620,7670,50,40
E,3,50,7680,7730,50,40
B,2,50,7680,7730,50,35
E,3,40,7740,7790,50,40
E,3,50,7800,7850,50,40
F#,3,50,7800,7850,50,42
E,3,40,7860,7910,50,40
E,3,70,7920,7970,50,40
A#,5,50,7920,7970,50,70
C#,3,60,7920,7970,50,37
F#,3,50,7920,7970,50,42
D,3,40,7920,7970,50,38
E,3,40,7980,8030,50,40
E,3,50,8040,8090,50,40
F#,3,50,8040,8090,50,42
B,2,40,8040,8090,50,35
E,3,40,8100,8150,50,40
E,3,50,8160,8210,50,40
F#,3,50,8160,8210,50,42
B,2,50,8160,8210,50,35
E,3,40,8220,8270,50,40
E,3,50,8280,8330,50,40
F#,3,50,8280,8330,50,42
E,3,40,8340,8390,50,40
E,3,70,8400,8450,50,40
A#,5,50,8400,8450,50,70
C#,3,60,8400,8450,50,37
F#,3,50,8400,8450,50,42
D,3,40,8400,8450,50,38
E,3,40,8460,8510,50,40
E,3,50,8520,8570,50,40
F#,3,50,8520,8570,50,42
E,3,40,8580,8630,50,40
E,3,50,8640,8690,50,40
B,2,50,8640,8690,50,35
E,3,40,8700,8750,50,40
E,3,50,8760,8810,50,40
F#,3,50,8760,8810,50,42
E,3,40,8820,8870,50,40
E,3,70,8880,8930,50,40
A#,5,50,8880,8930,50,70
C#,3,60,8880,8930,50,37
F#,3,50,8880,8930,50,42
D,3,40,8880,8930,50,38
E,3,40,8940,8990,50,40
E,3,50,9000,9050,50,40
F#,3,50,9000,9050,50,42
B,2,40,9000,9050,50,35
E,3,40,9060,9110,50,40
E,3,50,9120,9170,50,40
F#,3,50,9120,9170,50,42
B,2,50,9120,9170,50,35
E,3,40,9180,9230,50,40
E,3,50,9240,9290,50,40
F#,3,50,9240,9290,50,42
E,3,40,9300,9350,50,40
E,3,70,9360,9410,50,40
A#,5,50,9360,9410,50,70
C#,3,60,9360,9410,50,37
F#,3,50,9360,9410,50,42
D,3,40,9360,9410,50,38
E,3,40,9420,9470,50,40
E,3,50,9480,9530,50,40
F#,3,50,9480,9530,50,42
E,3,40,9540,9590,50,40
E,3,50,9600,9650,50,40
B,2,50,9600,9650,50,35
E,3,40,9660,9710,50,40
E,3,50,9720,9770,50,40
F#,3,50,9720,9770,50,42
E,3,40,9780,9830,50,40
E,3,70,9840,9890,50,40
A#,5,50,9840,9890,50,70
C#,3,60,9840,9890,50,37
F#,3,50,9840,9890,50,42
D,3,40,9840,9890,50,38
E,3,40,9900,9950,50,40
E,3,50,9960,10010,50,40
F#,3,50,9960,10010,50,42
B,2,40,9960,10010,50,35
E,3,40,10020,10070,50,40
E,3,50,10080,10130,50,40
F#,3,50,10080,10130,50,42
B,2,50,10080,10130,50,35
E,3,40,10140,10190,50,40
E,3,50,10200,10250,50,40
F#,3,50,10200,10250,50,42
E,3,40,10260,10310,50,40
E,3,70,10320,10370,50,40
A#,5,50,10320,10370,50,70
C#,3,60,10320,10370,50,37
F#,3,50,10320,10370,50,42
D,3,40,10320,10370,50,38
E,3,40,10380,10430,50,40
E,3,50,10440,10490,50,40
F#,3,50,10440,10490,50,42
E,3,40,10500,10550,50,40
E,3,50,10560,10610,50,40
B,2,50,10560,10610,50,35
E,3,40,10620,10670,50,40
E,3,50,10680,10730,50,40
F#,3,50,10680,10730,50,42
E,3,40,10740,10790,50,40
E,3,70,10800,10850,50,40
A#,5,50,10800,10850,50,70
C#,3,60,10800,10850,50,37
F#,3,50,10800,10850,50,42
D,3,40,10800,10850,50,38
E,3,40,10860,10910,50,40
E,3,50,10920,10970,50,40
F#,3,50,10920,10970,50,42
B,2,40,10920,10970,50,35
E,3,40,10980,11030,50,40
E,3,50,11040,11090,50,40
F#,3,50,11040,11090,50,42
B,2,50,11040,11090,50,35
E,3,40,11100,11150,50,40
E,3,50,11160,11210,50,40
F#,3,50,11160,11210,50,42
E,3,40,11220,11270,50,40
E,3,70,11280,11330,50,40
A#,5,50,11280,11330,50,70
C#,3,60,11280,11330,50,37
F#,3,50,11280,11330,50,42
D,3,40,11280,11330,50,38
E,3,40,11340,11390,50,40
E,3,50,11400,11450,50,40
F#,3,50,11400,11450,50,42
E,3,40,11460,11510,50,40
E,3,50,11520,11570,50,40
B,2,50,11520,11570,50,35
E,3,40,11580,11630,50,40
E,3,50,11640,11690,50,40
F#,3,50,11640,11690,50,42
E,3,40,11700,11750,50,40
E,3,70,11760,11810,50,40
A#,5,50,11760,11810,50,70
C#,3,60,11760,11810,50,37
F#,3,50,11760,11810,50,42
D,3,40,11760,11810,50,38
E,3,40,11820,11870,50,40
E,3,50,11880,11930,50,40
F#,3,50,11880,11930,50,42
B,2,40,11880,11930,50,35
E,3,40,11940,11990,50,40
E,3,50,12000,12050,50,40
F#,3,50,12000,12050,50,42
B,2,50,12000,12050,50,35
E,3,40,12060,12110,50,40
E,3,50,12120,12170,50,40
F#,3,50,12120,12170,50,42
E,3,40,12180,12230,50,40
E,3,70,12240,12290,50,40
A#,5,50,12240,12290,50,70
C#,3,60,12240,12290,50,37
F#,3,50,12240,12290,50,42
D,3,40,12240,12290,50,38
E,3,40,12300,12350,50,40
E,3,50,12360,12410,50,40
F#,3,50,12360,12410,50,42
E,3,40,12420,12470,50,40
E,3,50,12480,12530,50,40
B,2,50,12480,12530,50,35
E,3,40,12540,12590,50,40
E,3,50,12600,12650,50,40
F#,3,50,12600,12650,50,42
E,3,40,12660,12710,50,40
E,3,70,12720,12770,50,40
A#,5,50,12720,12770,50,70
C#,3,60,12720,12770,50,37
F#,3,50,12720,12770,50,42
D,3,40,12720,12770,50,38
E,3,40,12780,12830,50,40
E,3,50,12840,12890,50,40
F#,3,50,12840,12890,50,42
B,2,40,12840,12890,50,35
E,3,40,12900,12950,50,40
E,3,50,12960,13010,50,40
F#,3,50,12960,13010,50,42
B,2,50,12960,13010,50,35
E,3,40,13020,13070,50,40
E,3,50,13080,13130,50,40
F#,3,50,13080,13130,50,42
E,3,40,13140,13190,50,40
E,3,70,13200,13250,50,40
A#,5,50,13200,13250,50,70
C#,3,60,13200,13250,50,37
F#,3,50,13200,13250,50,42
D,3,40,13200,13250,50,38
E,3,40,13260,13310,50,40
E,3,50,13320,13370,50,40
F#,3,50,13320,13370,50,42
E,3,40,13380,13430,50,40
E,3,50,13440,13490,50,40
B,2,50,13440,13490,50,35
E,3,40,13500,13550,50,40
E,3,50,13560,13610,50,40
F#,3,50,13560,13610,50,42
E,3,40,13620,13670,50,40
E,3,70,13680,13730,50,40
A#,5,50,13680,13730,50,70
C#,3,60,13680,13730,50,37
F#,3,50,13680,13730,50,42
D,3,40,13680,13730,50,38
E,3,40,13740,13790,50,40
E,3,50,13800,13850,50,40
F#,3,50,13800,13850,50,42
B,2,40,13800,13850,50,35
E,3,40,13860,13910,50,40
E,3,50,13920,13970,50,40
F#,3,50,13920,13970,50,42
B,2,50,13920,13970,50,35
E,3,40,13980,14030,50,40
E,3,50,14040,14090,50,40
F#,3,50,14040,14090,50,42
E,3,40,14100,14150,50,40
E,3,70,14160,14210,50,40
A#,5,50,14160,14210,50,70
C#,3,60,14160,14210,50,37
F#,3,50,14160,14210,50,42
D,3,40,14160,14210,50,38
E,3,40,14220,14270,50,40
E,3,50,14280,14330,50,40
F#,3,50,14280,14330,50,42
E,3,40,14340,14390,50,40
E,3,50,14400,14450,50,40
B,2,50,14400,14450,50,35
E,3,40,14460,14510,50,40
E,3,50,14520,14570,50,40
F#,3,50,14520,14570,50,42
E,3,40,14580,14630,50,40
E,3,70,14640,14690,50,40
A#,5,50,14640,14690,50,70
C#,3,60,14640,14690,50,37
F#,3,50,14640,14690,50,42
D,3,40,14640,14690,50,38
E,3,40,14700,14750,50,40
E,3,50,14760,14810,50,40
F#,3,50,14760,14810,50,42
B,2,40,14760,14810,50,35
E,3,40,14820,14870,50,40
E,3,50,14880,14930,50,40
F#,3,50,14880,14930,50,42
B,2,50,14880,14930,50,35
E,3,40,14940,14990,50,40
E,3,50,15000,15050,50,40
F#,3,50,15000,15050,50,42
E,3,40,15060,15110,50,40
E,3,70,15120,15170,50,40
A#,5,50,15120,15170,50,70
C#,3,60,15120,15170,50,37
F#,3,50,15120,15170,50,42
D,3,40,15120,15170,50,38
E,3,40,15180,15230,50,40
E,3,50,15240,15290,50,40
F#,3,50,15240,15290,50,42
E,3,40,15300,15350,50,40
E,3,50,15360,15410,50,40
B,2,50,15360,15410,50,35
E,3,40,15420,15470,50,40
E,3,50,15480,15530,50,40
F#,3,50,15480,15530,50,42
E,3,40,15540,15590,50,40
E,3,70,15600,15650,50,40
A#,5,50,15600,15650,50,70
C#,3,60,15600,15650,50,37
F#,3,50,15600,15650,50,42
D,3,40,15600,15650,50,38
E,3,40,15660,15710,50,40
E,3,50,15720,15770,50,40
F#,3,50,15720,15770,50,42
B,2,40,15720,15770,50,35
E,3,40,15780,15830,50,40
E,3,50,15840,15890,50,40
F#,3,50,15840,15890,50,42
B,2,50,15840,15890,50,35
E,3,40,15900,15950,50,40
E,3,50,15960,16010,50,40
F#,3,50,15960,16010,50,42
E,3,40,16020,16070,50,40
E,3,70,16080,16130,50,40
A#,5,50,16080,16130,50,70
C#,3,60,16080,16130,50,37
F#,3,50,16080,16130,50,42
D,3,40,16080,16130,50,38
E,3,40,16140,16190,50,40
E,3,50,16200,16250,50,40
F#,3,50,16200,16250,50,42
E,3,40,16260,16310,50,40
E,3,50,16320,16370,50,40
B,2,50,16320,16370,50,35
E,3,40,16380,16430,50,40
E,3,50,16440,16490,50,40
F#,3,50,16440,16490,50,42
E,3,40,16500,16550,50,40
E,3,70,16560,16610,50,40
A#,5,50,16560,16610,50,70
C#,3,60,16560,16610,50,37
F#,3,50,16560,16610,50,42
D,3,40,16560,16610,50,38
E,3,40,16620,16670,50,40
E,3,50,16680,16730,50,40
F#,3,50,16680,16730,50,42
B,2,40,16680,16730,50,35
E,3,40,16740,16790,50,40
E,3,50,16800,16850,50,40
F#,3,50,16800,16850,50,42
B,2,50,16800,16850,50,35
E,3,40,16860,16910,50,40
E,3,50,16920,16970,50,40
F#,3,50,16920,16970,50,42
E,3,40,16980,17030,50,40
E,3,70,17040,17090,50,40
A#,5,50,17040,17090,50,70
C#,3,60,17040,17090,50,37
F#,3,50,17040,17090,50,42
D,3,40,17040,17090,50,38
E,3,40,17100,17150,50,40
E,3,50,17160,17210,50,40
F#,3,50,17160,17210,50,42
E,3,40,17220,17270,50,40
E,3,50,17280,17330,50,40
B,2,50,17280,17330,50,35
E,3,40,17340,17390,50,40
E,3,50,17400,17450,50,40
F#,3,50,17400,17450,50,42
E,3,40,17460,17510,50,40
E,3,70,17520,17570,50,40
A#,5,50,17520,17570,50,70
C#,3,60,17520,17570,50,37
F#,3,50,17520,17570,50,42
D,3,40,17520,17570,50,38
E,3,40,17580,17630,50,40
E,3,50,17640,17690,50,40
F#,3,50,17640,17690,50,42
B,2,40,17640,17690,50,35
E,3,40,17700,17750,50,40
E,3,50,17760,17810,50,40
F#,3,50,17760,17810,50,42
B,2,50,17760,17810,50,35
E,3,40,17820,17870,50,40
E,3,50,17880,17930,50,40
F#,3,50,17880,17930,50,42
D,3,60,17880,17930,50,38
E,3,40,17940,17990,50,40
D,3,40,17940,17990,50,38
E,3,70,18000,18050,50,40
A#,5,50,18000,18050,50,70
C,4,50,18000,18050,50,48
C#,3,60,18000,18050,50,37
F#,3,50,18000,18050,50,42
D,3,40,18000,18050,50,38
E,3,40,18060,18110,50,40
C,4,50,18060,18110,50,48
E,3,50,18120,18170,50,40
A,3,40,18120,18170,50,45
F#,3,50,18120,18170,50,42
E,3,40,18180,18230,50,40
A,3,50,18180,18230,50,45
E,3,50,18240,18290,50,40
B,2,60,18240,18290,50,35
E,3,40,18300,18350,50,40
F#,4,25,18300,18350,50,54
E,3,50,18360,18410,50,40
F#,4,40,18360,18410,50,54
F#,3,50,18360,18410,50,42
E,3,40,18420,18470,50,40
F#,4,25,18420,18470,50,54
E,3,70,18480,18530,50,40
A#,5,50,18480,18530,50,70
F#,4,60,18480,18530,50,54
C#,3,60,18480,18530,50,37
F#,3,50,18480,18530,50,42
D,3,60,18480,18530,50,38
E,3,40,18540,18590,50,40
F#,4,25,18540,18590,50,54
E,3,50,18600,18650,50,40
F#,4,40,18600,18650,50,54
F#,3,50,18600,18650,50,42
B,2,40,18600,18650,50,35
E,3,40,18660,18710,50,40
F#,4,25,18660,18710,50,54
E,3,50,18720,18770,50,40
F#,4,40,18720,18770,50,54
F#,3,50,18720,18770,50,42
B,2,60,18720,18770,50,35
E,3,40,18780,18830,50,40
F#,4,25,18780,18830,50,54
E,3,50,18840,18890,50,40
F#,4,40,18840,18890,50,54
F#,3,50,18840,18890,50,42
E,3,40,18900,18950,50,40
F#,4,25,18900,18950,50,54
E,3,70,18960,19010,50,40
A#,5,50,18960,19010,50,70
F#,4,60,18960,19010,50,54
C#,3,60,18960,19010,50,37
F#,3,50,18960,19010,50,42
D,3,60,18960,19010,50,38
E,3,40,19020,19070,50,40
F#,4,25,19020,19070,50,54
E,3,50,19080,19130,50,40
F#,4,40,19080,19130,50,54
F#,3,50,19080,19130,50,42
E,3,40,19140,19190,50,40
F#,4,25,19140,19190,50,54
E,3,50,19200,19250,50,40
F#,4,40,19200,19250,50,54
B,2,60,19200,19250,50,35
E,3,40,19260,19310,50,40
F#,4,25,19260,19310,50,54
E,3,50,19320,19370,50,40
F#,4,40,19320,19370,50,54
F#,3,50,19320,19370,50,42
E,3,40,19380,19430,50,40
F#,4,25,19380,19430,50,54
E,3,70,19440,19490,50,40
A#,5,50,19440,19490,50,70
F#,4,60,19440,19490,50,54
C#,3,60,19440,19490,50,37
F#,3,50,19440,19490,50,42
D,3,60,19440,19490,50,38
E,3,40,19500,19550,50,40
F#,4,25,19500,19550,50,54
E,3,50,19560,19610,50,40
F#,4,40,19560,19610,50,54
F#,3,50,19560,19610,50,42
B,2,40,19560,19610,50,35
E,3,40,19620,19670,50,40
F#,4,25,19620,19670,50,54
E,3,50,19680,19730,50,40
F#,4,40,19680,19730,50,54
F#,3,50,19680,19730,50,42
B,2,60,19680,19730,50,35
E,3,40,19740,19790,50,40
F#,4,25,19740,19790,50,54
E,3,50,19800,19850,50,40
F#,4,40,19800,19850,50,54
F#,3,50,19800,19850,50,42
E,3,40,19860,19910,50,40
F#,4,25,19860,19910,50,54
E,3,70,19920,19970,50,40
A#,5,50,19920,19970,50,70
F#,4,60,19920,19970,50,54
C#,3,60,19920,19970,50,37
F#,3,50,19920,19970,50,42
D,3,60,19920,19970,50,38
E,3,40,19980,20030,50,40
F#,4,25,19980,20030,50,54
E,3,50,20040,20090,50,40
F#,4,40,20040,20090,50,54
F#,3,50,20040,20090,50,42
E,3,40,20100,20150,50,40
F#,4,25,20100,20150,50,54
E,3,50,20160,20210,50,40
F#,4,40,20160,20210,50,54
B,2,60,20160,20210,50,35
E,3,40,20220,20270,50,40
F#,4,25,20220,20270,50,54
E,3,50,20280,20330,50,40
F#,4,40,20280,20330,50,54
F#,3,50,20280,20330,50,42
E,3,40,20340,20390,50,40
F#,4,25,20340,20390,50,54
E,3,70,20400,20450,50,40
A#,5,50,20400,20450,50,70
F#,4,60,20400,20450,50,54
C#,3,60,20400,20450,50,37
F#,3,50,20400,20450,50,42
D,3,60,20400,20450,50,38
E,3,40,20460,20510,50,40
F#,4,25,20460,20510,50,54
E,3,50,20520,20570,50,40
F#,4,40,20520,20570,50,54
F#,3,50,20520,20570,50,42
B,2,40,20520,20570,50,35
E,3,40,20580,20630,50,40
F#,4,25,20580,20630,50,54
E,3,50,20640,20690,50,40
F#,4,40,20640,20690,50,54
F#,3,50,20640,20690,50,42
B,2,60,20640,20690,50,35
E,3,40,20700,20750,50,40
F#,4,25,20700,20750,50,54
E,3,50,20760,20810,50,40
F#,4,40,20760,20810,50,54
F#,3,50,20760,20810,50,42
E,3,40,20820,20870,50,40
F#,4,25,20820,20870,50,54
E,3,70,20880,20930,50,40
A#,5,50,20880,20930,50,70
F#,4,60,20880,20930,50,54
C#,3,60,20880,20930,50,37
F#,3,50,20880,20930,50,42
D,3,60,20880,20930,50,38
E,3,40,20940,20990,50,40
F#,4,25,20940,20990,50,54
E,3,50,21000,21050,50,40
F#,4,40,21000,21050,50,54
F#,3,50,21000,21050,50,42
E,3,40,21060,21110,50,40
F#,4,25,21060,21110,50,54
E,3,50,21120,21170,50,40
F#,4,40,21120,21170,50,54
B,2,60,21120,21170,50,35
E,3,40,21180,21230,50,40
F#,4,25,21180,21230,50,54
E,3,50,21240,21290,50,40
F#,4,40,21240,21290,50,54
F#,3,50,21240,21290,50,42
E,3,40,21300,21350,50,40
F#,4,25,21300,21350,50,54
E,3,70,21360,21410,50,40
A#,5,50,21360,21410,50,70
F#,4,60,21360,21410,50,54
C#,3,60,21360,21410,50,37
F#,3,50,21360,21410,50,42
D,3,60,21360,21410,50,38
E,3,40,21420,21470,50,40
F#,4,25,21420,21470,50,54
E,3,50,21480,21530,50,40
F#,4,40,21480,21530,50,54
F#,3,50,21480,21530,50,42
B,2,40,21480,21530,50,35
E,3,40,21540,21590,50,40
F#,4,25,21540,21590,50,54
E,3,50,21600,21650,50,40
F#,4,40,21600,21650,50,54
F#,3,50,21600,21650,50,42
B,2,60,21600,21650,50,35
E,3,40,21660,21710,50,40
F#,4,25,21660,21710,50,54
E,3,50,21720,21770,50,40
F#,4,40,21720,21770,50,54
F#,3,50,21720,21770,50,42
E,3,40,21780,21830,50,40
F#,4,25,21780,21830,50,54
E,3,70,21840,21890,50,40
A#,5,50,21840,21890,50,70
F#,4,60,21840,21890,50,54
C#,3,60,21840,21890,50,37
F#,3,50,21840,21890,50,42
D,3,60,21840,21890,50,38
E,3,40,21900,21950,50,40
F#,4,25,21900,21950,50,54
E,3,50,21960,22010,50,40
F#,4,40,21960,22010,50,54
F#,3,50,21960,22010,50,42
E,3,40,22020,22070,50,40
F#,4,25,22020,22070,50,54
E,3,50,22080,22130,50,40
F#,4,40,22080,22130,50,54
B,2,60,22080,22130,50,35
E,3,40,22140,22190,50,40
F#,4,25,22140,22190,50,54
E,3,50,22200,22250,50,40
F#,4,40,22200,22250,50,54
F#,3,50,22200,22250,50,42
E,3,40,22260,22310,50,40
F#,4,25,22260,22310,50,54
E,3,70,22320,22370,50,40
A#,5,50,22320,22370,50,70
F#,4,60,22320,22370,50,54
C#,3,60,22320,22370,50,37
F#,3,50,22320,22370,50,42
D,3,60,22320,22370,50,38
E,3,40,22380,22430,50,40
F#,4,25,22380,22430,50,54
E,3,50,22440,22490,50,40
F#,4,40,22440,22490,50,54
F#,3,50,22440,22490,50,42
B,2,40,22440,22490,50,35
E,3,40,22500,22550,50,40
F#,4,25,22500,22550,50,54
E,3,50,22560,22610,50,40
F#,4,40,22560,22610,50,54
F#,3,50,22560,22610,50,42
B,2,60,22560,22610,50,35
E,3,40,22620,22670,50,40
F#,4,25,22620,22670,50,54
E,3,50,22680,22730,50,40
F#,4,40,22680,22730,50,54
F#,3,50,22680,22730,50,42
E,3,40,22740,22790,50,40
F#,4,25,22740,22790,50,54
E,3,70,22800,22850,50,40
A#,5,50,22800,22850,50,70
F#,4,60,22800,22850,50,54
C#,3,60,22800,22850,50,37
F#,3,50,22800,22850,50,42
D,3,60,22800,22850,50,38
E,3,40,22860,22910,50,40
F#,4,25,22860,22910,50,54
E,3,50,22920,22970,50,40
F#,4,40,22920,22970,50,54
F#,3,50,22920,22970,50,42
E,3,40,22980,23030,50,40
F#,4,25,22980,23030,50,54
E,3,50,23040,23090,50,40
F#,4,40,23040,23090,50,54
B,2,60,23040,23090,50,35
E,3,40,23100,23150,50,40
F#,4,25,23100,23150,50,54
E,3,50,23160,23210,50,40
F#,4,40,23160,23210,50,54
F#,3,50,23160,23210,50,42
E,3,40,23220,23270,50,40
F#,4,25,23220,23270,50,54
E,3,70,23280,23330,50,40
A#,5,50,23280,23330,50,70
F#,4,60,23280,23330,50,54
C#,3,60,23280,23330,50,37
F#,3,50,23280,23330,50,42
D,3,60,23280,23330,50,38
E,3,40,23340,23390,50,40
F#,4,25,23340,23390,50,54
E,3,50,23400,23450,50,40
F#,4,40,23400,23450,50,54
F#,3,50,23400,23450,50,42
B,2,40,23400,23450,50,35
E,3,40,23460,23510,50,40
F#,4,25,23460,23510,50,54
E,3,50,23520,23570,50,40
F#,4,40,23520,23570,50,54
F#,3,50,23520,23570,50,42
B,2,60,23520,23570,50,35
E,3,40,23580,23630,50,40
F#,4,25,23580,23630,50,54
E,3,50,23640,23690,50,40
F#,4,40,23640,23690,50,54
F#,3,50,23640,23690,50,42
E,3,40,23700,23750,50,40
F#,4,25,23700,23750,50,54
E,3,70,23760,23810,50,40
A#,5,50,23760,23810,50,70
F#,4,60,23760,23810,50,54
C#,3,60,23760,23810,50,37
F#,3,50,23760,23810,50,42
D,3,60,23760,23810,50,38
E,3,40,23820,23870,50,40
F#,4,25,23820,23870,50,54
E,3,50,23880,23930,50,40
F#,4,40,23880,23930,50,54
F#,3,50,23880,23930,50,42
E,3,40,23940,23990,50,40
F#,4,25,23940,23990,50,54
E,3,50,24000,24050,50,40
F#,4,40,24000,24050,50,54
B,2,60,24000,24050,50,35
E,3,40,24060,24110,50,40
F#,4,25,24060,24110,50,54
E,3,50,24120,24170,50,40
F#,4,40,24120,24170,50,54
F#,3,50,24120,24170,50,42
E,3,40,24180,24230,50,40
F#,4,25,24180,24230,50,54
E,3,70,24240,24290,50,40
A#,5,50,24240,24290,50,70
F#,4,60,24240,24290,50,54
C#,3,60,24240,24290,50,37
F#,3,50,24240,24290,50,42
D,3,60,24240,24290,50,38
E,3,40,24300,24350,50,40
F#,4,25,24300,24350,50,54
E,3,50,24360,24410,50,40
F#,4,40,24360,24410,50,54
F#,3,50,24360,24410,50,42
B,2,40,24360,24410,50,35
E,3,40,24420,24470,50,40
F#,4,25,24420,24470,50,54
E,3,50,24480,24530,50,40
F#,4,40,24480,24530,50,54
F#,3,50,24480,24530,50,42
B,2,60,24480,24530,50,35
E,3,40,24540,24590,50,40
F#,4,25,24540,24590,50,54
E,3,50,24600,24650,50,40
F#,4,40,24600,24650,50,54
F#,3,50,24600,24650,50,42
E,3,40,24660,24710,50,40
F#,4,25,24660,24710,50,54
E,3,70,24720,24770,50,40
A#,5,50,24720,24770,50,70
F#,4,60,24720,24770,50,54
C#,3,60,24720,24770,50,37
F#,3,50,24720,24770,50,42
D,3,60,24720,24770,50,38
E,3,40,24780,24830,50,40
F#,4,25,24780,24830,50,54
E,3,50,24840,24890,50,40
F#,4,40,24840,24890,50,54
F#,3,50,24840,24890,50,42
E,3,40,24900,24950,50,40
F#,4,25,24900,24950,50,54
E,3,50,24960,25010,50,40
F#,4,40,24960,25010,50,54
B,2,60,24960,25010,50,35
E,3,40,25020,25070,50,40
F#,4,25,25020,25070,50,54
E,3,50,25080,25130,50,40
F#,4,40,25080,25130,50,54
F#,3,50,25080,25130,50,42
E,3,40,25140,25190,50,40
F#,4,25,25140,25190,50,54
E,3,70,25200,25250,50,40
A#,5,50,25200,25250,50,70
F#,4,60,25200,25250,50,54
C#,3,60,25200,25250,50,37
F#,3,50,25200,25250,50,42
D,3,60,25200,25250,50,38
E,3,40,25260,25310,50,40
F#,4,25,25260,25310,50,54
E,3,50,25320,25370,50,40
F#,4,40,25320,25370,50,54
F#,3,50,25320,25370,50,42
B,2,40,25320,25370,50,35
E,3,40,25380,25430,50,40
F#,4,25,25380,25430,50,54
E,3,50,25440,25490,50,40
F#,4,40,25440,25490,50,54
F#,3,50,25440,25490,50,42
B,2,60,25440,25490,50,35
E,3,40,25500,25550,50,40
F#,4,25,25500,25550,50,54
E,3,50,25560,25610,50,40
F#,4,40,25560,25610,50,54
F#,3,50,25560,25610,50,42
E,3,40,25620,25670,50,40
F#,4,25,25620,25670,50,54
E,3,70,25680,25730,50,40
A#,5,50,25680,25730,50,70
F#,4,60,25680,25730,50,54
C#,3,60,25680,25730,50,37
F#,3,50,25680,25730,50,42
D,3,60,25680,25730,50,38
E,3,40,25740,25790,50,40
F#,4,25,25740,25790,50,54
E,3,50,25800,25850,50,40
F#,4,40,25800,25850,50,54
F#,3,50,25800,25850,50,42
E,3,40,25860,25910,50,40
F#,4,25,25860,25910,50,54
E,3,50,25920,25970,50,40
F#,4,40,25920,25970,50,54
B,2,60,25920,25970,50,35
E,3,40,25980,26030,50,40
F#,4,25,25980,26030,50,54
E,3,50,26040,26090,50,40
F#,4,40,26040,26090,50,54
F#,3,50,26040,26090,50,42
E,3,40,26100,26150,50,40
F#,4,25,26100,26150,50,54
E,3,70,26160,26210,50,40
A#,5,50,26160,26210,50,70
F#,4,60,26160,26210,50,54
C#,3,60,26160,26210,50,37
F#,3,50,26160,26210,50,42
D,3,60,26160,26210,50,38
E,3,40,26220,26270,50,40
F#,4,25,26220,26270,50,54
E,3,50,26280,26330,50,40
F#,4,40,26280,26330,50,54
F#,3,50,26280,26330,50,42
B,2,40,26280,26330,50,35
E,3,40,26340,26390,50,40
F#,4,25,26340,26390,50,54
E,3,50,26400,26450,50,40
F#,4,40,26400,26450,50,54
F#,3,50,26400,26450,50,42
B,2,60,26400,26450,50,35
E,3,40,26460,26510,50,40
F#,4,25,26460,26510,50,54
E,3,50,26520,26570,50,40
F#,4,40,26520,26570,50,54
F#,3,50,26520,26570,50,42
E,3,40,26580,26630,50,40
F#,4,25,26580,26630,50,54
E,3,70,26640,26690,50,40
A#,5,50,26640,26690,50,70
F#,4,60,26640,26690,50,54
C#,3,60,26640,26690,50,37
F#,3,50,26640,26690,50,42
D,3,60,26640,26690,50,38
E,3,40,26700,26750,50,40
F#,4,25,26700,26750,50,54
E,3,50,26760,26810,50,40
F#,4,40,26760,26810,50,54
F#,3,50,26760,26810,50,42
E,3,40,26820,26870,50,40
F#,4,25,26820,26870,50,54
E,3,50,26880,26930,50,40
F#,4,40,26880,26930,50,54
B,2,60,26880,26930,50,35
E,3,40,26940,26990,50,40
F#,4,25,26940,26990,50,54
E,3,50,27000,27050,50,40
F#,4,40,27000,27050,50,54
F#,3,50,27000,27050,50,42
E,3,40,27060,27110,50,40
F#,4,25,27060,27110,50,54
E,3,70,27120,27170,50,40
A#,5,50,27120,27170,50,70
F#,4,60,27120,27170,50,54
C#,3,60,27120,27170,50,37
F#,3,50,27120,27170,50,42
D,3,60,27120,27170,50,38
E,3,40,27180,27230,50,40
F#,4,25,27180,27230,50,54
E,3,50,27240,27290,50,40
F#,4,40,27240,27290,50,54
F#,3,50,27240,27290,50,42
B,2,40,27240,27290,50,35
E,3,40,27300,27350,50,40
F#,4,25,27300,27350,50,54
E,3,50,27360,27410,50,40
F#,4,40,27360,27410,50,54
F#,3,50,27360,27410,50,42
B,2,60,27360,27410,50,35
E,3,40,27420,27470,50,40
F#,4,25,27420,27470,50,54
E,3,50,27480,27530,50,40
F#,4,40,27480,27530,50,54
F#,3,50,27480,27530,50,42
E,3,40,27540,27590,50,40
F#,4,25,27540,27590,50,54
E,3,70,27600,27650,50,40
A#,5,50,27600,27650,50,70
F#,4,60,27600,27650,50,54
C#,3,60,27600,27650,50,37
F#,3,50,27600,27650,50,42
D,3,60,27600,27650,50,38
E,3,40,27660,27710,50,40
F#,4,25,27660,27710,50,54
E,3,50,27720,27770,50,40
F#,4,40,27720,27770,50,54
F#,3,50,27720,27770,50,42
E,3,40,27780,27830,50,40
F#,4,25,27780,27830,50,54
E,3,50,27840,27890,50,40
F#,4,40,27840,27890,50,54
B,2,60,27840,27890,50,35
E,3,40,27900,27950,50,40
F#,4,25,27900,27950,50,54
E,3,50,27960,28010,50,40
F#,4,40,27960,28010,50,54
F#,3,50,27960,28010,50,42
E,3,40,28020,28070,50,40
F#,4,25,28020,28070,50,54
E,3,70,28080,28130,50,40
A#,5,50,28080,28130,50,70
F#,4,60,28080,28130,50,54
C#,3,60,28080,28130,50,37
F#,3,50,28080,28130,50,42
D,3,60,28080,28130,50,38
E,3,40,28140,28190,50,40
F#,4,25,28140,28190,50,54
E,3,50,28200,28250,50,40
F#,4,40,28200,28250,50,54
F#,3,50,28200,28250,50,42
B,2,40,28200,28250,50,35
E,3,40,28260,28310,50,40
F#,4,25,28260,28310,50,54
E,3,50,28320,28370,50,40
F#,4,40,28320,28370,50,54
F#,3,50,28320,28370,50,42
B,2,60,28320,28370,50,35
E,3,40,28380,28430,50,40
F#,4,25,28380,28430,50,54
E,3,50,28440,28490,50,40
F#,4,40,28440,28490,50,54
F#,3,50,28440,28490,50,42
E,3,40,28500,28550,50,40
F#,4,25,28500,28550,50,54
E,3,70,28560,28610,50,40
A#,5,50,28560,28610,50,70
F#,4,60,28560,28610,50,54
C#,3,60,28560,28610,50,37
F#,3,50,28560,28610,50,42
D,3,60,28560,28610,50,38
E,3,40,28620,28670,50,40
F#,4,25,28620,28670,50,54
E,3,50,28680,28730,50,40
F#,4,40,28680,28730,50,54
F#,3,50,28680,28730,50,42
E,3,40,28740,28790,50,40
F#,4,25,28740,28790,50,54
E,3,50,28800,28850,50,40
F#,4,40,28800,28850,50,54
B,2,60,28800,28850,50,35
E,3,40,28860,28910,50,40
F#,4,25,28860,28910,50,54
E,3,50,28920,28970,50,40
F#,4,40,28920,28970,50,54
F#,3,50,28920,28970,50,42
E,3,40,28980,29030,50,40
F#,4,25,28980,29030,50,54
E,3,70,29040,29090,50,40
A#,5,50,29040,29090,50,70
F#,4,60,29040,29090,50,54
C#,3,60,29040,29090,50,37
F#,3,50,29040,29090,50,42
D,3,60,29040,29090,50,38
E,3,40,29100,29150,50,40
F#,4,25,29100,29150,50,54
E,3,50,29160,29210,50,40
F#,4,40,29160,29210,50,54
F#,3,50,29160,29210,50,42
B,2,40,29160,29210,50,35
E,3,40,29220,29270,50,40
F#,4,25,29220,29270,50,54
E,3,50,29280,29330,50,40
F#,4,40,29280,29330,50,54
F#,3,50,29280,29330,50,42
B,2,60,29280,29330,50,35
E,3,40,29340,29390,50,40
F#,4,25,29340,29390,50,54
E,3,50,29400,29450,50,40
F#,4,40,29400,29450,50,54
F#,3,50,29400,29450,50,42
E,3,40,29460,29510,50,40
F#,4,25,29460,29510,50,54
E,3,70,29520,29570,50,40
A#,5,50,29520,29570,50,70
F#,4,60,29520,29570,50,54
C#,3,60,29520,29570,50,37
F#,3,50,29520,29570,50,42
D,3,60,29520,29570,50,38
E,3,40,29580,29630,50,40
F#,4,25,29580,29630,50,54
E,3,50,29640,29690,50,40
F#,4,40,29640,29690,50,54
F#,3,50,29640,29690,50,42
E,3,40,29700,29750,50,40
F#,4,25,29700,29750,50,54
E,3,50,29760,29810,50,40
F#,4,40,29760,29810,50,54
B,2,60,29760,29810,50,35
E,3,40,29820,29870,50,40
F#,4,25,29820,29870,50,54
E,3,50,29880,29930,50,40
F#,4,40,29880,29930,50,54
F#,3,50,29880,29930,50,42
E,3,40,29940,29990,50,40
F#,4,25,29940,29990,50,54
E,3,70,30000,30050,50,40
A#,5,50,30000,30050,50,70
F#,4,60,30000,30050,50,54
C#,3,60,30000,30050,50,37
F#,3,50,30000,30050,50,42
D,3,60,30000,30050,50,38
E,3,40,30060,30110,50,40
F#,4,25,30060,30110,50,54
E,3,50,30120,30170,50,40
F#,4,40,30120,30170,50,54
F#,3,50,30120,30170,50,42
B,2,40,30120,30170,50,35
E,3,40,30180,30230,50,40
F#,4,25,30180,30230,50,54
E,3,50,30240,30290,50,40
F#,4,40,30240,30290,50,54
F#,3,50,30240,30290,50,42
B,2,60,30240,30290,50,35
E,3,40,30300,30350,50,40
F#,4,25,30300,30350,50,54
E,3,50,30360,30410,50,40
F#,4,40,30360,30410,50,54
F#,3,50,30360,30410,50,42
E,3,40,30420,30470,50,40
F#,4,25,30420,30470,50,54
E,3,70,30480,30530,50,40
A#,5,50,30480,30530,50,70
F#,4,60,30480,30530,50,54
C#,3,60,30480,30530,50,37
F#,3,50,30480,30530,50,42
D,3,60,30480,30530,50,38
E,3,40,30540,30590,50,40
F#,4,25,30540,30590,50,54
E,3,50,30600,30650,50,40
F#,4,40,30600,30650,50,54
F#,3,50,30600,30650,50,42
E,3,40,30660,30710,50,40
F#,4,25,30660,30710,50,54
E,3,50,30720,30770,50,40
F#,4,40,30720,30770,50,54
B,2,60,30720,30770,50,35
E,3,40,30780,30830,50,40
F#,4,25,30780,30830,50,54
E,3,50,30840,30890,50,40
F#,4,40,30840,30890,50,54
F#,3,50,30840,30890,50,42
E,3,40,30900,30950,50,40
F#,4,25,30900,30950,50,54
E,3,70,30960,31010,50,40
A#,5,50,30960,31010,50,70
F#,4,60,30960,31010,50,54
C#,3,60,30960,31010,50,37
F#,3,50,30960,31010,50,42
D,3,60,30960,31010,50,38
E,3,40,31020,31070,50,40
F#,4,25,31020,31070,50,54
E,3,50,31080,31130,50,40
F#,4,40,31080,31130,50,54
F#,3,50,31080,31130,50,42
B,2,40,31080,31130,50,35
E,3,40,31140,31190,50,40
F#,4,25,31140,31190,50,54
E,3,50,31200,31250,50,40
F#,4,40,31200,31250,50,54
F#,3,50,31200,31250,50,42
B,2,60,31200,31250,50,35
E,3,40,31260,31310,50,40
F#,4,25,31260,31310,50,54
E,3,50,31320,31370,50,40
F#,4,40,31320,31370,50,54
F#,3,50,31320,31370,50,42
E,3,40,31380,31430,50,40
F#,4,25,31380,31430,50,54
E,3,70,31440,31490,50,40
A#,5,50,31440,31490,50,70
F#,4,60,31440,31490,50,54
C#,3,60,31440,31490,50,37
F#,3,50,31440,31490,50,42
D,3,60,31440,31490,50,38
E,3,40,31500,31550,50,40
F#,4,25,31500,31550,50,54
E,3,50,31560,31610,50,40
F#,4,40,31560,31610,50,54
F#,3,50,31560,31610,50,42
E,3,40,31620,31670,50,40
F#,4,25,31620,31670,50,54
E,3,50,31680,31730,50,40
F#,4,40,31680,31730,50,54
B,2,60,31680,31730,50,35
E,3,40,31740,31790,50,40
F#,4,25,31740,31790,50,54
E,3,50,31800,31850,50,40
F#,4,40,31800,31850,50,54
F#,3,50,31800,31850,50,42
E,3,40,31860,31910,50,40
F#,4,25,31860,31910,50,54
E,3,70,31920,31970,50,40
A#,5,50,31920,31970,50,70
F#,4,60,31920,31970,50,54
C#,3,60,31920,31970,50,37
F#,3,50,31920,31970,50,42
D,3,60,31920,31970,50,38
E,3,40,31980,32030,50,40
F#,4,25,31980,32030,50,54
E,3,50,32040,32090,50,40
F#,4,40,32040,32090,50,54
F#,3,50,32040,32090,50,42
B,2,40,32040,32090,50,35
E,3,40,32100,32150,50,40
F#,4,25,32100,32150,50,54
E,3,50,32160,32210,50,40
F#,4,40,32160,32210,50,54
F#,3,50,32160,32210,50,42
B,2,60,32160,32210,50,35
E,3,40,32220,32270,50,40
F#,4,25,32220,32270,50,54
E,3,50,32280,32330,50,40
F#,4,40,32280,32330,50,54
F#,3,50,32280,32330,50,42
E,3,40,32340,32390,50,40
F#,4,25,32340,32390,50,54
E,3,70,32400,32450,50,40
A#,5,50,32400,32450,50,70
F#,4,60,32400,32450,50,54
C#,3,60,32400,32450,50,37
F#,3,50,32400,32450,50,42
D,3,60,32400,32450,50,38
E,3,40,32460,32510,50,40
F#,4,25,32460,32510,50,54
E,3,50,32520,32570,50,40
F#,4,40,32520,32570,50,54
F#,3,50,32520,32570,50,42
E,3,40,32580,32630,50,40
F#,4,25,32580,32630,50,54
E,3,50,32640,32690,50,40
F#,4,40,32640,32690,50,54
B,2,60,32640,32690,50,35
E,3,40,32700,32750,50,40
F#,4,25,32700,32750,50,54
E,3,50,32760,32810,50,40
F#,4,40,32760,32810,50,54
F#,3,50,32760,32810,50,42
E,3,40,32820,32870,50,40
F#,4,25,32820,32870,50,54
E,3,70,32880,32930,50,40
A#,5,50,32880,32930,50,70
F#,4,60,32880,32930,50,54
C#,3,60,32880,32930,50,37
F#,3,50,32880,32930,50,42
D,3,60,32880,32930,50,38
E,3,40,32940,32990,50,40
F#,4,25,32940,32990,50,54
E,3,50,33000,33050,50,40
F#,4,40,33000,33050,50,54
F#,3,50,33000,33050,50,42
B,2,40,33000,33050,50,35
E,3,40,33060,33110,50,40
F#,4,25,33060,33110,50,54
E,3,50,33120,33170,50,40
F#,4,40,33120,33170,50,54
F#,3,50,33120,33170,50,42
B,2,60,33120,33170,50,35
E,3,40,33180,33230,50,40
F#,4,25,33180,33230,50,54
E,3,50,33240,33290,50,40
F#,4,40,33240,33290,50,54
F#,3,50,33240,33290,50,42
E,3,40,33300,33350,50,40
F#,4,25,33300,33350,50,54
E,3,70,33360,33410,50,40
A#,5,50,33360,33410,50,70
F#,4,60,33360,33410,50,54
C#,3,60,33360,33410,50,37
F#,3,50,33360,33410,50,42
D,3,60,33360,33410,50,38
E,3,40,33420,33470,50,40
F#,4,25,33420,33470,50,54
E,3,50,33480,33530,50,40
F#,4,40,33480,33530,50,54
F#,3,50,33480,33530,50,42
E,3,40,33540,33590,50,40
F#,4,25,33540,33590,50,54
E,3,50,33600,33650,50,40
F#,4,40,33600,33650,50,54
B,2,60,33600,33650,50,35
E,3,40,33660,33710,50,40
F#,4,25,33660,33710,50,54
E,3,50,33720,33770,50,40
F#,4,40,33720,33770,50,54
F#,3,50,33720,33770,50,42
E,3,40,33780,33830,50,40
F#,4,25,33780,33830,50,54
E,3,70,33840,33890,50,40
A#,5,50,33840,33890,50,70
F#,4,60,33840,33890,50,54
C#,3,60,33840,33890,50,37
F#,3,50,33840,33890,50,42
D,3,60,33840,33890,50,38
E,3,40,33900,33950,50,40
F#,4,25,33900,33950,50,54
E,3,50,33960,34010,50,40
F#,4,40,33960,34010,50,54
C,4,60,33960,34010,50,48
F#,3,50,33960,34010,50,42
B,2,40,33960,34010,50,35
E,3,40,34020,34070,50,40
F#,4,25,34020,34070,50,54
E,3,50,34080,34130,50,40
F#,4,40,34080,34130,50,54
F#,3,50,34080,34130,50,42
B,2,60,34080,34130,50,35
E,3,40,34140,34190,50,40
F#,4,25,34140,34190,50,54
E,3,50,34200,34250,50,40
F#,4,40,34200,34250,50,54
C,4,60,34200,34250,50,48
F#,3,50,34200,34250,50,42
E,3,40,34260,34310,50,40
F#,4,25,34260,34310,50,54
E,3,70,34320,34370,50,40
A#,5,50,34320,34370,50,70
F#,4,60,34320,34370,50,54
A,3,60,34320,34370,50,45
C#,3,60,34320,34370,50,37
F#,3,50,34320,34370,50,42
D,3,60,34320,34370,50,38
E,3,40,34380,34430,50,40
F#,4,25,34380,34430,50,54
A,3,60,34380,34430,50,45
E,3,50,34440,34490,50,40
F#,4,40,34440,34490,50,54
F,3,50,34440,34490,50,41
F#,3,50,34440,34490,50,42
E,3,40,34500,34550,50,40
F#,4,25,34500,34550,50,54
F,3,50,34500,34550,50,41
E,3,50,34560,34610,50,40
C#,4,50,34560,34610,50,49
B,2,50,34560,34610,50,35
E,3,40,34620,34670,50,40
E,3,50,34680,34730,50,40
F#,3,50,34680,34730,50,42
E,3,40,34740,34790,50,40
E,3,70,34800,34850,50,40
A#,5,50,34800,34850,50,70
C#,3,60,34800,34850,50,37
F#,3,50,34800,34850,50,42
D,3,40,34800,34850,50,38
E,3,40,34860,34910,50,40
E,3,50,34920,34970,50,40
F#,3,50,34920,34970,50,42
B,2,40,34920,34970,50,35
E,3,40,34980,35030,50,40
E,3,50,35040,35090,50,40
F#,3,50,35040,35090,50,42
B,2,50,35040,35090,50,35
E,3,40,35100,35150,50,40
E,3,50,35160,35210,50,40
F#,3,50,35160,35210,50,42
E,3,40,35220,35270,50,40
E,3,70,35280,35330,50,40
A#,5,50,35280,35330,50,70
C#,3,60,35280,35330,50,37
F#,3,50,35280,35330,50,42
D,3,40,35280,35330,50,38
E,3,40,35340,35390,50,40
E,3,50,35400,35450,50,40
F#,3,50,35400,35450,50,42
E,3,40,35460,35510,50,40
E,3,50,35520,35570,50,40
B,2,50,35520,35570,50,35
E,3,40,35580,35630,50,40
E,3,50,35640,35690,50,40
F#,3,50,35640,35690,50,42
E,3,40,35700,35750,50,40
E,3,70,35760,35810,50,40
A#,5,50,35760,35810,50,70
C#,3,60,35760,35810,50,37
F#,3,50,35760,35810,50,42
D,3,40,35760,35810,50,38
E,3,40,35820,35870,50,40
E,3,50,35880,35930,50,40
F#,3,50,35880,35930,50,42
B,2,40,35880,35930,50,35
E,3,40,35940,35990,50,40
E,3,50,36000,36050,50,40
F#,3,50,36000,36050,50,42
B,2,50,36000,36050,50,35
E,3,40,36060,36110,50,40
E,3,50,36120,36170,50,40
F#,3,50,36120,36170,50,42
E,3,40,36180,36230,50,40
E,3,70,36240,36290,50,40
A#,5,50,36240,36290,50,70
C#,3,60,36240,36290,50,37
F#,3,50,36240,36290,50,42
D,3,40,36240,36290,50,38
E,3,40,36300,36350,50,40
E,3,50,36360,36410,50,40
F#,3,50,36360,36410,50,42
E,3,40,36420,36470,50,40
E,3,50,36480,36530,50,40
B,2,50,36480,36530,50,35
E,3,40,36540,36590,50,40
E,3,50,36600,36650,50,40
F#,3,50,36600,36650,50,42
E,3,40,36660,36710,50,40
E,3,70,36720,36770,50,40
A#,5,50,36720,36770,50,70
C#,3,60,36720,36770,50,37
F#,3,50,36720,36770,50,42
D,3,40,36720,36770,50,38
E,3,40,36780,36830,50,40
E,3,50,36840,36890,50,40
F#,3,50,36840,36890,50,42
B,2,40,36840,36890,50,35
E,3,40,36900,36950,50,40
E,3,50,36960,37010,50,40
F#,3,50,36960,37010,50,42
B,2,50,36960,37010,50,35
E,3,40,37020,37070,50,40
E,3,50,37080,37130,50,40
F#,3,50,37080,37130,50,42
E,3,40,37140,37190,50,40
E,3,70,37200,37250,50,40
A#,5,50,37200,37250,50,70
C#,3,60,37200,37250,50,37
F#,3,50,37200,37250,50,42
D,3,40,37200,37250,50,38
E,3,40,37260,37310,50,40
E,3,50,37320,37370,50,40
F#,3,50,37320,37370,50,42
E,3,40,37380,37430,50,40
E,3,50,37440,37490,50,40
B,2,50,37440,37490,50,35
E,3,40,37500,37550,50,40
E,3,50,37560,37610,50,40
F#,3,50,37560,37610,50,42
E,3,40,37620,37670,50,40
E,3,70,37680,37730,50,40
A#,5,50,37680,37730,50,70
C#,3,60,37680,37730,50,37
F#,3,50,37680,37730,50,42
D,3,40,37680,37730,50,38
E,3,40,37740,37790,50,40
E,3,50,37800,37850,50,40
F#,3,50,37800,37850,50,42
B,2,40,37800,37850,50,35
E,3,40,37860,37910,50,40
E,3,50,37920,37970,50,40
F#,3,50,37920,37970,50,42
B,2,50,37920,37970,50,35
E,3,40,37980,38030,50,40
E,3,50,38040,38090,50,40
F#,3,50,38040,38090,50,42
E,3,40,38100,38150,50,40
E,3,70,38160,38210,50,40
A#,5,50,38160,38210,50,70
C#,3,60,38160,38210,50,37
F#,3,50,38160,38210,50,42
D,3,40,38160,38210,50,38
E,3,40,38220,38270,50,40
E,3,50,38280,38330,50,40
F#,3,50,38280,38330,50,42
E,3,40,38340,38390,50,40
E,3,50,38400,38450,50,40
B,2,50,38400,38450,50,35
E,3,40,38460,38510,50,40
E,3,50,38520,38570,50,40
F#,3,50,38520,38570,50,42
E,3,40,38580,38630,50,40
E,3,70,38640,38690,50,40
A#,5,50,38640,38690,50,70
C#,3,60,38640,38690,50,37
F#,3,50,38640,38690,50,42
D,3,40,38640,38690,50,38
E,3,40,38700,38750,50,40
E,3,50,38760,38810,50,40
F#,3,50,38760,38810,50,42
B,2,40,38760,38810,50,35
E,3,40,38820,38870,50,40
E,3,50,38880,38930,50,40
F#,3,50,38880,38930,50,42
B,2,50,38880,38930,50,35
E,3,40,38940,38990,50,40
E,3,50,39000,39050,50,40
F#,3,50,39000,39050,50,42
E,3,40,39060,39110,50,40
E,3,70,39120,39170,50,40
A#,5,50,39120,39170,50,70
C#,3,60,39120,39170,50,37
F#,3,50,39120,39170,50,42
D,3,40,39120,39170,50,38
E,3,40,39180,39230,50,40
E,3,50,39240,39290,50,40
F#,3,50,39240,39290,50,42
E,3,40,39300,39350,50,40
E,3,50,39360,39410,50,40
B,2,50,39360,39410,50,35
E,3,40,39420,39470,50,40
E,3,50,39480,39530,50,40
F#,3,50,39480,39530,50,42
E,3,40,39540,39590,50,40
E,3,70,39600,39650,50,40
A#,5,50,39600,39650,50,70
C#,3,60,39600,39650,50,37
F#,3,50,39600,39650,50,42
D,3,40,39600,39650,50,38
E,3,40,39660,39710,50,40
E,3,50,39720,39770,50,40
F#,3,50,39720,39770,50,42
B,2,40,39720,39770,50,35
E,3,40,39780,39830,50,40
E,3,50,39840,39890,50,40
F#,3,50,39840,39890,50,42
B,2,50,39840,39890,50,35
E,3,40,39900,39950,50,40
E,3,50,39960,40010,50,40
F#,3,50,39960,40010,50,42
E,3,40,40020,40070,50,40
E,3,70,40080,40130,50,40
A#,5,50,40080,40130,50,70
C#,3,60,40080,40130,50,37
F#,3,50,40080,40130,50,42
D,3,40,40080,40130,50,38
E,3,40,40140,40190,50,40
E,3,50,40200,40250,50,40
F#,3,50,40200,40250,50,42
E,3,40,40260,40310,50,40
E,3,50,40320,40370,50,40
B,2,50,40320,40370,50,35
E,3,40,40380,40430,50,40
E,3,50,40440,40490,50,40
F#,3,50,40440,40490,50,42
E,3,40,40500,40550,50,40
E,3,70,40560,40610,50,40
A#,5,50,40560,40610,50,70
C#,3,60,40560,40610,50,37
F#,3,50,40560,40610,50,42
D,3,40,40560,40610,50,38
E,3,40,40620,40670,50,40
E,3,50,40680,40730,50,40
F#,3,50,40680,40730,50,42
B,2,40,40680,40730,50,35
E,3,40,40740,40790,50,40
E,3,50,40800,40850,50,40
F#,3,50,40800,40850,50,42
B,2,50,40800,40850,50,35
E,3,40,40860,40910,50,40
E,3,50,40920,40970,50,40
F#,3,50,40920,40970,50,42
E,3,40,40980,41030,50,40
E,3,70,41040,41090,50,40
A#,5,50,41040,41090,50,70
C#,3,60,41040,41090,50,37
F#,3,50,41040,41090,50,42
D,3,40,41040,41090,50,38
E,3,40,41100,41150,50,40
E,3,50,41160,41210,50,40
F#,3,50,41160,41210,50,42
E,3,40,41220,41270,50,40
E,3,50,41280,41330,50,40
B,2,50,41280,41330,50,35
E,3,40,41340,41390,50,40
E,3,50,41400,41450,50,40
F#,3,50,41400,41450,50,42
E,3,40,41460,41510,50,40
E,3,70,41520,41570,50,40
A#,5,50,41520,41570,50,70
C#,3,60,41520,41570,50,37
F#,3,50,41520,41570,50,42
D,3,40,41520,41570,50,38
E,3,40,41580,41630,50,40
E,3,50,41640,41690,50,40
F#,3,50,41640,41690,50,42
B,2,40,41640,41690,50,35
E,3,40,41700,41750,50,40
E,3,50,41760,41810,50,40
F#,3,50,41760,41810,50,42
B,2,50,41760,41810,50,35
E,3,40,41820,41870,50,40
E,3,50,41880,41930,50,40
F#,3,50,41880,41930,50,42
E,3,40,41940,41990,50,40
E,3,70,42000,42050,50,40
A#,5,50,42000,42050,50,70
C#,3,60,42000,42050,50,37
F#,3,50,42000,42050,50,42
D,3,40,42000,42050,50,38
E,3,40,42060,42110,50,40
E,3,50,42120,42170,50,40
F#,3,50,42120,42170,50,42
E,3,40,42180,42230,50,40
E,3,50,42240,42290,50,40
B,2,50,42240,42290,50,35
E,3,40,42300,42350,50,40
E,3,50,42360,42410,50,40
F#,3,50,42360,42410,50,42
E,3,40,42420,42470,50,40
E,3,70,42480,42530,50,40
A#,5,50,42480,42530,50,70
C#,3,60,42480,42530,50,37
F#,3,50,42480,42530,50,42
D,3,40,42480,42530,50,38
E,3,40,42540,42590,50,40
E,3,50,42600,42650,50,40
F#,3,50,42600,42650,50,42
B,2,40,42600,42650,50,35
E,3,40,42660,42710,50,40
E,3,50,42720,42770,50,40
F#,3,50,42720,42770,50,42
B,2,50,42720,42770,50,35
E,3,40,42780,42830,50,40
E,3,50,42840,42890,50,40
F#,3,50,42840,42890,50,42
E,3,40,42900,42950,50,40
E,3,70,42960,43010,50,40
A#,5,50,42960,43010,50,70
C#,3,60,42960,43010,50,37
F#,3,50,42960,43010,50,42
D,3,40,42960,43010,50,38
E,3,40,43020,43070,50,40
E,3,50,43080,43130,50,40
F#,3,50,43080,43130,50,42
E,3,40,43140,43190,50,40
E,3,50,43200,43250,50,40
B,2,50,43200,43250,50,35
E,3,40,43260,43310,50,40
E,3,50,43320,43370,50,40
F#,3,50,43320,43370,50,42
E,3,40,43380,43430,50,40
E,3,70,43440,43490,50,40
A#,5,50,43440,43490,50,70
C#,3,60,43440,43490,50,37
F#,3,50,43440,43490,50,42
D,3,40,43440,43490,50,38
E,3,40,43500,43550,50,40
E,3,50,43560,43610,50,40
F#,3,50,43560,43610,50,42
B,2,40,43560,43610,50,35
E,3,40,43620,43670,50,40
E,3,50,43680,43730,50,40
F#,3,50,43680,43730,50,42
B,2,50,43680,43730,50,35
E,3,40,43740,43790,50,40
E,3,50,43800,43850,50,40
F#,3,50,43800,43850,50,42
E,3,40,43860,43910,50,40
E,3,70,43920,43970,50,40
A#,5,50,43920,43970,50,70
C#,3,60,43920,43970,50,37
F#,3,50,43920,43970,50,42
D,3,40,43920,43970,50,38
E,3,40,43980,44030,50,40
E,3,50,44040,44090,50,40
F#,3,50,44040,44090,50,42
E,3,40,44100,44150,50,40
E,3,50,44160,44210,50,40
B,2,50,44160,44210,50,35
E,3,40,44220,44270,50,40
E,3,50,44280,44330,50,40
F#,3,50,44280,44330,50,42
E,3,40,44340,44390,50,40
E,3,70,44400,44450,50,40
A#,5,50,44400,44450,50,70
C#,3,60,44400,44450,50,37
F#,3,50,44400,44450,50,42
D,3,40,44400,44450,50,38
E,3,40,44460,44510,50,40
E,3,50,44520,44570,50,40
F#,3,50,44520,44570,50,42
B,2,40,44520,44570,50,35
E,3,40,44580,44630,50,40
E,3,50,44640,44690,50,40
F#,3,50,44640,44690,50,42
B,2,50,44640,44690,50,35
E,3,40,44700,44750,50,40
E,3,50,44760,44810,50,40
F#,3,50,44760,44810,50,42
E,3,40,44820,44870,50,40
E,3,70,44880,44930,50,40
A#,5,50,44880,44930,50,70
C#,3,60,44880,44930,50,37
F#,3,50,44880,44930,50,42
D,3,40,44880,44930,50,38
E,3,40,44940,44990,50,40
E,3,50,45000,45050,50,40
F#,3,50,45000,45050,50,42
E,3,40,45060,45110,50,40
E,3,50,45120,45170,50,40
B,2,50,45120,45170,50,35
E,3,40,45180,45230,50,40
E,3,50,45240,45290,50,40
F#,3,50,45240,45290,50,42
E,3,40,45300,45350,50,40
E,3,70,45360,45410,50,40
A#,5,50,45360,45410,50,70
C#,3,60,45360,45410,50,37
F#,3,50,45360,45410,50,42
D,3,40,45360,45410,50,38
E,3,40,45420,45470,50,40
E,3,50,45480,45530,50,40
F#,3,50,45480,45530,50,42
B,2,40,45480,45530,50,35
E,3,40,45540,45590,50,40
E,3,50,45600,45650,50,40
F#,3,50,45600,45650,50,42
B,2,50,45600,45650,50,35
E,3,40,45660,45710,50,40
E,3,50,45720,45770,50,40
F#,3,50,45720,45770,50,42
E,3,40,45780,45830,50,40
E,3,70,45840,45890,50,40
A#,5,50,45840,45890,50,70
C#,3,60,45840,45890,50,37
F#,3,50,45840,45890,50,42
D,3,40,45840,45890,50,38
E,3,40,45900,45950,50,40
E,3,50,45960,46010,50,40
F#,3,50,45960,46010,50,42
E,3,40,46020,46070,50,40
E,3,50,46080,46130,50,40
B,2,50,46080,46130,50,35
E,3,40,46140,46190,50,40
E,3,50,46200,46250,50,40
F#,3,50,46200,46250,50,42
E,3,40,46260,46310,50,40
E,3,70,46320,46370,50,40
A#,5,50,46320,46370,50,70
C#,3,60,46320,46370,50,37
F#,3,50,46320,46370,50,42
D,3,40,46320,46370,50,38
E,3,40,46380,46430,50,40
E,3,50,46440,46490,50,40
F#,3,50,46440,46490,50,42
B,2,40,46440,46490,50,35
E,3,40,46500,46550,50,40
E,3,50,46560,46610,50,40
F#,3,50,46560,46610,50,42
B,2,50,46560,46610,50,35
E,3,40,46620,46670,50,40
E,3,50,46680,46730,50,40
F#,3,50,46680,46730,50,42
E,3,40,46740,46790,50,40
E,3,70,46800,46850,50,40
A#,5,50,46800,46850,50,70
C#,3,60,46800,46850,50,37
F#,3,50,46800,46850,50,42
D,3,40,46800,46850,50,38
E,3,40,46860,46910,50,40
E,3,50,46920,46970,50,40
F#,3,50,46920,46970,50,42
E,3,40,46980,47030,50,40
E,3,50,47040,47090,50,40
B,2,50,47040,47090,50,35
E,3,40,47100,47150,50,40
E,3,50,47160,47210,50,40
F#,3,50,47160,47210,50,42
E,3,40,47220,47270,50,40
E,3,70,47280,47330,50,40
A#,5,50,47280,47330,50,70
C#,3,60,47280,47330,50,37
F#,3,50,47280,47330,50,42
D,3,40,47280,47330,50,38
E,3,40,47340,47390,50,40
E,3,50,47400,47450,50,40
F#,3,50,47400,47450,50,42
B,2,40,47400,47450,50,35
E,3,40,47460,47510,50,40
E,3,50,47520,47570,50,40
F#,3,50,47520,47570,50,42
B,2,50,47520,47570,50,35
E,3,40,47580,47630,50,40
E,3,50,47640,47690,50,40
F#,3,50,47640,47690,50,42
E,3,40,47700,47750,50,40
E,3,70,47760,47810,50,40
A#,5,50,47760,47810,50,70
C#,3,60,47760,47810,50,37
F#,3,50,47760,47810,50,42
D,3,40,47760,47810,50,38
E,3,40,47820,47870,50,40
E,3,50,47880,47930,50,40
F#,3,50,47880,47930,50,42
E,3,40,47940,47990,50,40
E,3,50,48000,48050,50,40
B,2,50,48000,48050,50,35
E,3,40,48060,48110,50,40
E,3,50,48120,48170,50,40
F#,3,50,48120,48170,50,42
E,3,40,48180,48230,50,40
E,3,70,48240,48290,50,40
A#,5,50,48240,48290,50,70
C#,3,60,48240,48290,50,37
F#,3,50,48240,48290,50,42
D,3,40,48240,48290,50,38
E,3,40,48300,48350,50,40
E,3,50,48360,48410,50,40
F#,3,50,48360,48410,50,42
B,2,40,48360,48410,50,35
E,3,40,48420,48470,50,40
E,3,50,48480,48530,50,40
F#,3,50,48480,48530,50,42
B,2,50,48480,48530,50,35
E,3,40,48540,48590,50,40
E,3,50,48600,48650,50,40
F#,3,50,48600,48650,50,42
E,3,40,48660,48710,50,40
E,3,70,48720,48770,50,40
A#,5,50,48720,48770,50,70
C#,3,60,48720,48770,50,37
F#,3,50,48720,48770,50,42
D,3,40,48720,48770,50,38
E,3,40,48780,48830,50,40
E,3,50,48840,48890,50,40
F#,3,50,48840,48890,50,42
E,3,40,48900,48950,50,40
E,3,50,48960,49010,50,40
B,2,50,48960,49010,50,35
E,3,40,49020,49070,50,40
E,3,50,49080,49130,50,40
F#,3,50,49080,49130,50,42
E,3,40,49140,49190,50,40
E,3,70,49200,49250,50,40
A#,5,50,49200,49250,50,70
C#,3,60,49200,49250,50,37
F#,3,50,49200,49250,50,42
D,3,40,49200,49250,50,38
E,3,40,49260,49310,50,40
E,3,50,49320,49370,50,40
F#,3,50,49320,49370,50,42
B,2,40,49320,49370,50,35
E,3,40,49380,49430,50,40
E,3,50,49440,49490,50,40
F#,3,50,49440,49490,50,42
B,2,50,49440,49490,50,35
E,3,40,49500,49550,50,40
E,3,50,49560,49610,50,40
F#,3,50,49560,49610,50,42
E,3,40,49620,49670,50,40
E,3,70,49680,49730,50,40
A#,5,50,49680,49730,50,70
C#,3,60,49680,49730,50,37
F#,3,50,49680,49730,50,42
D,3,40,49680,49730,50,38
E,3,40,49740,49790,50,40
E,3,50,49800,49850,50,40
F#,3,50,49800,49850,50,42
E,3,40,49860,49910,50,40
E,3,50,49920,49970,50,40
B,2,50,49920,49970,50,35
E,3,40,49980,50030,50,40
E,3,50,50040,50090,50,40
F#,3,50,50040,50090,50,42
E,3,40,50100,50150,50,40
E,3,70,50160,50210,50,40
A#,5,50,50160,50210,50,70
C#,3,60,50160,50210,50,37
F#,3,50,50160,50210,50,42
D,3,40,50160,50210,50,38
E,3,40,50220,50270,50,40
E,3,50,50280,50330,50,40
F#,3,50,50280,50330,50,42
B,2,40,50280,50330,50,35
E,3,40,50340,50390,50,40
E,3,50,50400,50450,50,40
F#,3,50,50400,50450,50,42
B,2,50,50400,50450,50,35
E,3,40,50460,50510,50,40
E,3,50,50520,50570,50,40
F#,3,50,50520,50570,50,42
E,3,40,50580,50630,50,40
E,3,70,50640,50690,50,40
A#,5,50,50640,50690,50,70
C,4,50,50640,50690,50,48
C#,3,60,50640,50690,50,37
F#,3,50,50640,50690,50,42
D,3,40,50640,50690,50,38
E,3,40,50700,50750,50,40
C,4,50,50700,50750,50,48
E,3,50,50760,50810,50,40
A,3,40,50760,50810,50,45
F#,3,50,50760,50810,50,42
E,3,40,50820,50870,50,40
A,3,50,50820,50870,50,45
E,3,50,50880,50930,50,40
F#,4,40,50880,50930,50,54
B,2,60,50880,50930,50,35
E,3,40,50940,50990,50,40
F#,4,25,50940,50990,50,54
E,3,50,51000,51050,50,40
F#,4,40,51000,51050,50,54
F#,3,50,51000,51050,50,42
E,3,40,51060,51110,50,40
F#,4,25,51060,51110,50,54
E,3,70,51120,51170,50,40
A#,5,50,51120,51170,50,70
F#,4,60,51120,51170,50,54
C#,3,60,51120,51170,50,37
F#,3,50,51120,51170,50,42
D,3,60,51120,51170,50,38
E,3,40,51180,51230,50,40
F#,4,25,51180,51230,50,54
E,3,50,51240,51290,50,40
F#,4,40,51240,51290,50,54
F#,3,50,51240,51290,50,42
B,2,40,51240,51290,50,35
E,3,40,51300,51350,50,40
F#,4,25,51300,51350,50,54
E,3,50,51360,51410,50,40
F#,4,40,51360,51410,50,54
F#,3,50,51360,51410,50,42
B,2,60,51360,51410,50,35
E,3,40,51420,51470,50,40
F#,4,25,51420,51470,50,54
E,3,50,51480,51530,50,40
F#,4,40,51480,51530,50,54
F#,3,50,51480,51530,50,42
E,3,40,51540,51590,50,40
F#,4,25,51540,51590,50,54
E,3,70,51600,51650,50,40
A#,5,50,51600,51650,50,70
F#,4,60,51600,51650,50,54
C#,3,60,51600,51650,50,37
F#,3,50,51600,51650,50,42
D,3,60,51600,51650,50,38
E,3,40,51660,51710,50,40
F#,4,25,51660,51710,50,54
E,3,50,51720,51770,50,40
F#,4,40,51720,51770,50,54
F#,3,50,51720,51770,50,42
E,3,40,51780,51830,50,40
F#,4,25,51780,51830,50,54
E,3,50,51840,51890,50,40
F#,4,40,51840,51890,50,54
B,2,60,51840,51890,50,35
E,3,40,51900,51950,50,40
F#,4,25,51900,51950,50,54
E,3,50,51960,52010,50,40
F#,4,40,51960,52010,50,54
F#,3,50,51960,52010,50,42
E,3,40,52020,52070,50,40
F#,4,25,52020,52070,50,54
E,3,70,52080,52130,50,40
A#,5,50,52080,52130,50,70
F#,4,60,52080,52130,50,54
C#,3,60,52080,52130,50,37
F#,3,50,52080,52130,50,42
D,3,60,52080,52130,50,38
E,3,40,52140,52190,50,40
F#,4,25,52140,52190,50,54
E,3,50,52200,52250,50,40
F#,4,40,52200,52250,50,54
F#,3,50,52200,52250,50,42
B,2,40,52200,52250,50,35
E,3,40,52260,52310,50,40
F#,4,25,52260,52310,50,54
E,3,50,52320,52370,50,40
F#,4,40,52320,52370,50,54
F#,3,50,52320,52370,50,42
B,2,60,52320,52370,50,35
E,3,40,52380,52430,50,40
F#,4,25,52380,52430,50,54
E,3,50,52440,52490,50,40
F#,4,40,52440,52490,50,54
F#,3,50,52440,52490,50,42
E,3,40,52500,52550,50,40
F#,4,25,52500,52550,50,54
E,3,70,52560,52610,50,40
A#,5,50,52560,52610,50,70
F#,4,60,52560,52610,50,54
C#,3,60,52560,52610,50,37
F#,3,50,52560,52610,50,42
D,3,60,52560,52610,50,38
E,3,40,52620,52670,50,40
F#,4,25,52620,52670,50,54
E,3,50,52680,52730,50,40
F#,4,40,52680,52730,50,54
F#,3,50,52680,52730,50,42
E,3,40,52740,52790,50,40
F#,4,25,52740,52790,50,54
E,3,50,52800,52850,50,40
F#,4,40,52800,52850,50,54
B,2,60,52800,52850,50,35
E,3,40,52860,52910,50,40
F#,4,25,52860,52910,50,54
E,3,50,52920,52970,50,40
F#,4,40,52920,52970,50,54
F#,3,50,52920,52970,50,42
E,3,40,52980,53030,50,40
F#,4,25,52980,53030,50,54
E,3,70,53040,53090,50,40
A#,5,50,53040,53090,50,70
F#,4,60,53040,53090,50,54
C#,3,60,53040,53090,50,37
F#,3,50,53040,53090,50,42
D,3,60,53040,53090,50,38
E,3,40,53100,53150,50,40
F#,4,25,53100,53150,50,54
E,3,50,53160,53210,50,40
F#,4,40,53160,53210,50,54
F#,3,50,53160,53210,50,42
B,2,40,53160,53210,50,35
E,3,40,53220,53270,50,40
F#,4,25,53220,53270,50,54
E,3,50,53280,53330,50,40
F#,4,40,53280,53330,50,54
F#,3,50,53280,53330,50,42
B,2,60,53280,53330,50,35
E,3,40,53340,53390,50,40
F#,4,25,53340,53390,50,54
E,3,50,53400,53450,50,40
F#,4,40,53400,53450,50,54
F#,3,50,53400,53450,50,42
E,3,40,53460,53510,50,40
F#,4,25,53460,53510,50,54
E,3,70,53520,53570,50,40
A#,5,50,53520,53570,50,70
F#,4,60,53520,53570,50,54
C#,3,60,53520,53570,50,37
F#,3,50,53520,53570,50,42
D,3,60,53520,53570,50,38
E,3,40,53580,53630,50,40
F#,4,25,53580,53630,50,54
E,3,50,53640,53690,50,40
F#,4,40,53640,53690,50,54
F#,3,50,53640,53690,50,42
E,3,40,53700,53750,50,40
F#,4,25,53700,53750,50,54
E,3,50,53760,53810,50,40
F#,4,40,53760,53810,50,54
B,2,60,53760,53810,50,35
E,3,40,53820,53870,50,40
F#,4,25,53820,53870,50,54
E,3,50,53880,53930,50,40
F#,4,40,53880,53930,50,54
F#,3,50,53880,53930,50,42
E,3,40,53940,53990,50,40
F#,4,25,53940,53990,50,54
E,3,70,54000,54050,50,40
A#,5,50,54000,54050,50,70
F#,4,60,54000,54050,50,54
C#,3,60,54000,54050,50,37
F#,3,50,54000,54050,50,42
D,3,60,54000,54050,50,38
E,3,40,54060,54110,50,40
F#,4,25,54060,54110,50,54
E,3,50,54120,54170,50,40
F#,4,40,54120,54170,50,54
F#,3,50,54120,54170,50,42
B,2,40,54120,54170,50,35
E,3,40,54180,54230,50,40
F#,4,25,54180,54230,50,54
E,3,50,54240,54290,50,40
F#,4,40,54240,54290,50,54
F#,3,50,54240,54290,50,42
B,2,60,54240,54290,50,35
E,3,40,54300,54350,50,40
F#,4,25,54300,54350,50,54
E,3,50,54360,54410,50,40
F#,4,40,54360,54410,50,54
F#,3,50,54360,54410,50,42
E,3,40,54420,54470,50,40
F#,4,25,54420,54470,50,54
E,3,70,54480,54530,50,40
A#,5,50,54480,54530,50,70
F#,4,60,54480,54530,50,54
C#,3,60,54480,54530,50,37
F#,3,50,54480,54530,50,42
D,3,60,54480,54530,50,38
E,3,40,54540,54590,50,40
F#,4,25,54540,54590,50,54
E,3,50,54600,54650,50,40
F#,4,40,54600,54650,50,54
F#,3,50,54600,54650,50,42
E,3,40,54660,54710,50,40
F#,4,25,54660,54710,50,54
E,3,50,54720,54770,50,40
F#,4,40,54720,54770,50,54
B,2,60,54720,54770,50,35
E,3,40,54780,54830,50,40
F#,4,25,54780,54830,50,54
E,3,50,54840,54890,50,40
F#,4,40,54840,54890,50,54
F#,3,50,54840,54890,50,42
E,3,40,54900,54950,50,40
F#,4,25,54900,54950,50,54
E,3,70,54960,55010,50,40
A#,5,50,54960,55010,50,70
F#,4,60,54960,55010,50,54
C#,3,60,54960,55010,50,37
F#,3,50,54960,55010,50,42
D,3,60,54960,55010,50,38
E,3,40,55020,55070,50,40
F#,4,25,55020,55070,50,54
E,3,50,55080,55130,50,40
F#,4,40,55080,55130,50,54
F#,3,50,55080,55130,50,42
B,2,40,55080,55130,50,35
E,3,40,55140,55190,50,40
F#,4,25,55140,55190,50,54
E,3,50,55200,55250,50,40
F#,4,40,55200,55250,50,54
F#,3,50,55200,55250,50,42
B,2,60,55200,55250,50,35
E,3,40,55260,55310,50,40
F#,4,25,55260,55310,50,54
E,3,50,55320,55370,50,40
F#,4,40,55320,55370,50,54
F#,3,50,55320,55370,50,42
E,3,40,55380,55430,50,40
F#,4,25,55380,55430,50,54
E,3,70,55440,55490,50,40
A#,5,50,55440,55490,50,70
F#,4,60,55440,55490,50,54
C#,3,60,55440,55490,50,37
F#,3,50,55440,55490,50,42
D,3,60,55440,55490,50,38
E,3,40,55500,55550,50,40
F#,4,25,55500,55550,50,54
E,3,50,55560,55610,50,40
F#,4,40,55560,55610,50,54
F#,3,50,55560,55610,50,42
E,3,40,55620,55670,50,40
F#,4,25,55620,55670,50,54
E,3,50,55680,55730,50,40
F#,4,40,55680,55730,50,54
B,2,60,55680,55730,50,35
E,3,40,55740,55790,50,40
F#,4,25,55740,55790,50,54
E,3,50,55800,55850,50,40
F#,4,40,55800,55850,50,54
F#,3,50,55800,55850,50,42
E,3,40,55860,55910,50,40
F#,4,25,55860,55910,50,54
E,3,70,55920,55970,50,40
A#,5,50,55920,55970,50,70
F#,4,60,55920,55970,50,54
C#,3,60,55920,55970,50,37
F#,3,50,55920,55970,50,42
D,3,60,55920,55970,50,38
E,3,40,55980,56030,50,40
F#,4,25,55980,56030,50,54
E,3,50,56040,56090,50,40
F#,4,40,56040,56090,50,54
F#,3,50,56040,56090,50,42
B,2,40,56040,56090,50,35
E,3,40,56100,56150,50,40
F#,4,25,56100,56150,50,54
E,3,50,56160,56210,50,40
F#,4,40,56160,56210,50,54
F#,3,50,56160,56210,50,42
B,2,60,56160,56210,50,35
E,3,40,56220,56270,50,40
F#,4,25,56220,56270,50,54
E,3,50,56280,56330,50,40
F#,4,40,56280,56330,50,54
F#,3,50,56280,56330,50,42
E,3,40,56340,56390,50,40
F#,4,25,56340,56390,50,54
E,3,70,56400,56450,50,40
A#,5,50,56400,56450,50,70
F#,4,60,56400,56450,50,54
C#,3,60,56400,56450,50,37
F#,3,50,56400,56450,50,42
D,3,60,56400,56450,50,38
E,3,40,56460,56510,50,40
F#,4,25,56460,56510,50,54
E,3,50,56520,56570,50,40
F#,4,40,56520,56570,50,54
F#,3,50,56520,56570,50,42
E,3,40,56580,56630,50,40
F#,4,25,56580,56630,50,54
E,3,50,56640,56690,50,40
F#,4,40,56640,56690,50,54
B,2,60,56640,56690,50,35
E,3,40,56700,56750,50,40
F#,4,25,56700,56750,50,54
E,3,50,56760,56810,50,40
F#,4,40,56760,56810,50,54
F#,3,50,56760,56810,50,42
E,3,40,56820,56870,50,40
F#,4,25,56820,56870,50,54
E,3,70,56880,56930,50,40
A#,5,50,56880,56930,50,70
F#,4,60,56880,56930,50,54
C#,3,60,56880,56930,50,37
F#,3,50,56880,56930,50,42
D,3,60,56880,56930,50,38
E,3,40,56940,56990,50,40
F#,4,25,56940,56990,50,54
E,3,50,57000,57050,50,40
F#,4,40,57000,57050,50,54
F#,3,50,57000,57050,50,42
B,2,40,57000,57050,50,35
E,3,40,57060,57110,50,40
F#,4,25,57060,57110,50,54
E,3,50,57120,57170,50,40
F#,4,40,57120,57170,50,54
F#,3,50,57120,57170,50,42
B,2,60,57120,57170,50,35
E,3,40,57180,57230,50,40
F#,4,25,57180,57230,50,54
E,3,50,57240,57290,50,40
F#,4,40,57240,57290,50,54
F#,3,50,57240,57290,50,42
E,3,40,57300,57350,50,40
F#,4,25,57300,57350,50,54
E,3,70,57360,57410,50,40
A#,5,50,57360,57410,50,70
F#,4,60,57360,57410,50,54
C#,3,60,57360,57410,50,37
F#,3,50,57360,57410,50,42
D,3,60,57360,57410,50,38
E,3,40,57420,57470,50,40
F#,4,25,57420,57470,50,54
E,3,50,57480,57530,50,40
F#,4,40,57480,57530,50,54
F#,3,50,57480,57530,50,42
E,3,40,57540,57590,50,40
F#,4,25,57540,57590,50,54
E,3,50,57600,57650,50,40
F#,4,40,57600,57650,50,54
B,2,60,57600,57650,50,35
E,3,40,57660,57710,50,40
F#,4,25,57660,57710,50,54
E,3,50,57720,57770,50,40
F#,4,40,57720,57770,50,54
F#,3,50,57720,57770,50,42
E,3,40,57780,57830,50,40
F#,4,25,57780,57830,50,54
E,3,70,57840,57890,50,40
A#,5,50,57840,57890,50,70
F#,4,60,57840,57890,50,54
C#,3,60,57840,57890,50,37
F#,3,50,57840,57890,50,42
D,3,60,57840,57890,50,38
E,3,40,57900,57950,50,40
F#,4,25,57900,57950,50,54
E,3,50,57960,58010,50,40
F#,4,40,57960,58010,50,54
F#,3,50,57960,58010,50,42
B,2,40,57960,58010,50,35
E,3,40,58020,58070,50,40
F#,4,25,58020,58070,50,54
E,3,50,58080,58130,50,40
F#,4,40,58080,58130,50,54
F#,3,50,58080,58130,50,42
B,2,60,58080,58130,50,35
E,3,40,58140,58190,50,40
F#,4,25,58140,58190,50,54
E,3,50,58200,58250,50,40
F#,4,40,58200,58250,50,54
F#,3,50,58200,58250,50,42
E,3,40,58260,58310,50,40
F#,4,25,58260,58310,50,54
E,3,70,58320,58370,50,40
A#,5,50,58320,58370,50,70
F#,4,60,58320,58370,50,54
C#,3,60,58320,58370,50,37
F#,3,50,58320,58370,50,42
D,3,60,58320,58370,50,38
E,3,40,58380,58430,50,40
F#,4,25,58380,58430,50,54
E,3,50,58440,58490,50,40
F#,4,40,58440,58490,50,54
F#,3,50,58440,58490,50,42
E,3,40,58500,58550,50,40
F#,4,25,58500,58550,50,54
E,3,50,58560,58610,50,40
F#,4,40,58560,58610,50,54
B,2,60,58560,58610,50,35
E,3,40,58620,58670,50,40
F#,4,25,58620,58670,50,54
E,3,50,58680,58730,50,40
F#,4,40,58680,58730,50,54
F#,3,50,58680,58730,50,42
E,3,40,58740,58790,50,40
F#,4,25,58740,58790,50,54
E,3,70,58800,58850,50,40
A#,5,50,58800,58850,50,70
F#,4,60,58800,58850,50,54
C#,3,60,58800,58850,50,37
F#,3,50,58800,58850,50,42
D,3,60,58800,58850,50,38
E,3,40,58860,58910,50,40
F#,4,25,58860,58910,50,54
E,3,50,58920,58970,50,40
F#,4,40,58920,58970,50,54
C,4,60,58920,58970,50,48
F#,3,50,58920,58970,50,42
B,2,40,58920,58970,50,35
E,3,40,58980,59030,50,40
F#,4,25,58980,59030,50,54
E,3,50,59040,59090,50,40
F#,4,40,59040,59090,50,54
F#,3,50,59040,59090,50,42
B,2,60,59040,59090,50,35
E,3,40,59100,59150,50,40
F#,4,25,59100,59150,50,54
E,3,50,59160,59210,50,40
F#,4,40,59160,59210,50,54
C,4,60,59160,59210,50,48
F#,3,50,59160,59210,50,42
E,3,40,59220,59270,50,40
F#,4,25,59220,59270,50,54
E,3,70,59280,59330,50,40
A#,5,50,59280,59330,50,70
F#,4,60,59280,59330,50,54
A,3,60,59280,59330,50,45
C#,3,60,59280,59330,50,37
F#,3,50,59280,59330,50,42
D,3,60,59280,59330,50,38
E,3,40,59340,59390,50,40
F#,4,25,59340,59390,50,54
A,3,60,59340,59390,50,45
E,3,50,59400,59450,50,40
F#,4,40,59400,59450,50,54
F,3,50,59400,59450,50,41
F#,3,50,59400,59450,50,42
E,3,40,59460,59510,50,40
F#,4,25,59460,59510,50,54
F,3,50,59460,59510,50,41
E,3,50,59520,59570,50,40
F#,4,40,59520,59570,50,54
B,2,60,59520,59570,50,35
E,3,40,59580,59630,50,40
F#,4,25,59580,59630,50,54
E,3,50,59640,59690,50,40
F#,4,40,59640,59690,50,54
F#,3,50,59640,59690,50,42
E,3,40,59700,59750,50,40
F#,4,25,59700,59750,50,54
E,3,70,59760,59810,50,40
A#,5,50,59760,59810,50,70
F#,4,60,59760,59810,50,54
C#,3,60,59760,59810,50,37
F#,3,50,59760,59810,50,42
D,3,60,59760,59810,50,38
E,3,40,59820,59870,50,40
F#,4,25,59820,59870,50,54
E,3,50,59880,59930,50,40
F#,4,40,59880,59930,50,54
F#,3,50,59880,59930,50,42
B,2,40,59880,59930,50,35
E,3,40,59940,59990,50,40
F#,4,25,59940,59990,50,54
E,3,50,60000,60050,50,40
F#,4,40,60000,60050,50,54
F#,3,50,60000,60050,50,42
B,2,60,60000,60050,50,35
E,3,40,60060,60110,50,40
F#,4,25,60060,60110,50,54
E,3,50,60120,60170,50,40
F#,4,40,60120,60170,50,54
F#,3,50,60120,60170,50,42
E,3,40,60180,60230,50,40
F#,4,25,60180,60230,50,54
E,3,70,60240,60290,50,40
A#,5,50,60240,60290,50,70
F#,4,60,60240,60290,50,54
C#,3,60,60240,60290,50,37
F#,3,50,60240,60290,50,42
D,3,60,60240,60290,50,38
E,3,40,60300,60350,50,40
F#,4,25,60300,60350,50,54
E,3,50,60360,60410,50,40
F#,4,40,60360,60410,50,54
F#,3,50,60360,60410,50,42
E,3,40,60420,60470,50,40
F#,4,25,60420,60470,50,54
E,3,50,60480,60530,50,40
F#,4,40,60480,60530,50,54
C,4,50,60480,60530,50,48
B,2,60,60480,60530,50,35
E,3,40,60540,60590,50,40
F#,4,25,60540,60590,50,54
C,4,40,60540,60590,50,48
E,3,50,60600,60650,50,40
F#,4,40,60600,60650,50,54
C,4,50,60600,60650,50,48
F#,3,50,60600,60650,50,42
E,3,40,60660,60710,50,40
F#,4,25,60660,60710,50,54
E,3,70,60720,60770,50,40
A#,5,50,60720,60770,50,70
F#,4,60,60720,60770,50,54
A,3,60,60720,60770,50,45
C#,3,60,60720,60770,50,37
F#,3,50,60720,60770,50,42
D,3,60,60720,60770,50,38
E,3,40,60780,60830,50,40
F#,4,25,60780,60830,50,54
A,3,40,60780,60830,50,45
E,3,50,60840,60890,50,40
F#,4,40,60840,60890,50,54
F,3,60,60840,60890,50,41
F#,3,50,60840,60890,50,42
B,2,40,60840,60890,50,35
E,3,40,60900,60950,50,40
F#,4,25,60900,60950,50,54
F,3,40,60900,60950,50,41
E,3,50,60960,61010,50,40
F#,4,40,60960,61010,50,54
C#,4,40,60960,61010,50,49
F#,3,50,60960,61010,50,42
B,2,60,60960,61010,50,35
A,4,17,2880,2964,84,57
A,6,65,3120,3240,120,81
D,6,70,3000,3240,240,74
D,5,67,2880,3662,782,62
F,5,71,2880,3674,794,65
A,6,69,3600,3782,182,81
G,6,69,5648,5760,112,79
C,6,73,5526,5760,234,72
G,5,67,5410,5760,350,67
C,4,59,3846,5760,1914,48
A,4,77,3890,5760,1870,57
A,5,52,5932,7218,1286,69
E,5,51,5898,7238,1340,64
E,6,69,7568,7680,112,76
A,5,73,7446,7680,234,69
E,5,67,7330,7680,350,64
A,3,59,5766,7680,1914,45
C,5,57,5856,7680,1824,60
E,5,62,8286,8398,112,64
E,5,66,8526,8640,114,64
G,4,71,7686,8640,954,55
B,4,57,7682,8640,958,59
D,5,61,7680,8640,960,62
G,4,24,8700,8724,24,55
G,6,65,8880,9000,120,79
C,6,70,8760,9000,240,72
A,6,66,9120,9336,216,81
A,4,80,8640,9408,768,57
C,5,67,8640,9422,782,60
E,5,71,8640,9434,794,64
G,6,69,9360,9542,182,79
G,6,68,10446,10560,114,79
C,6,66,10330,10560,230,72
G,5,55,10202,10560,358,67
A,4,73,9614,10560,946,57
F,4,48,9610,10560,950,53
C,5,61,9608,10560,952,60
E,5,64,9604,10560,956,64
C,5,65,10560,10788,228,60
A,4,48,10560,10804,244,57
D,5,61,10560,10808,248,62
F,5,56,10560,10808,248,65
A,5,60,11160,11344,184,69
D,6,71,11280,11352,72,74
A,4,46,10920,11392,472,57
C,5,80,10920,11396,476,60
D,5,62,10920,11406,486,62
F,5,63,10920,11410,490,65
B,4,65,11520,11748,228,59
A,4,48,11520,11764,244,57
D,5,61,11520,11768,248,62
F,5,56,11520,11768,248,65
A,5,60,12120,12304,184,69
D,6,71,12240,12312,72,74
A,4,46,11880,12352,472,57
B,4,80,11880,12356,476,59
D,5,62,11880,12366,486,62
F,5,63,11880,12370,490,65
F,6,70,12360,12414,54,77
A,4,66,12480,12934,454,57
G,4,45,12480,12958,478,55
C,5,53,12480,12960,480,60
E,5,52,12480,12978,498,64
A,5,65,12480,13032,552,69
G,5,50,12480,13038,558,67
E,6,59,12480,13050,570,76
A,5,85,13380,13440,60,69
G,5,69,13320,13440,120,67
E,5,79,13260,13440,180,64
C,5,76,13200,13440,240,60
A,4,49,13140,13440,300,57
G,4,69,13080,13440,360,55
A,4,65,13440,13668,228,57
G,4,48,13440,13684,244,55
C,5,61,13440,13688,248,60
E,5,56,13440,13688,248,64
G,5,60,14040,14224,184,67
C,6,71,14160,14232,72,72
G,4,46,13800,14272,472,55
A,4,80,13800,14276,476,57
C,5,62,13800,14286,486,60
E,5,63,13800,14290,490,64
E,6,70,14280,14334,54,76
F,6,68,15246,15360,114,77
D,6,66,15130,15360,230,74
F,4,48,14410,15360,950,53
D,5,61,14408,15360,952,62
F,5,64,14404,15360,956,65
F,6,68,16206,16320,114,77
D,6,66,16090,16320,230,74
A#,4,73,15374,16320,946,58
F,4,48,15370,16320,950,53
D,5,61,15368,16320,952,62
F,5,64,15364,16320,956,65
A,4,65,16320,16548,228,57
G,4,48,16320,16564,244,55
C,5,61,16320,16568,248,60
E,5,56,16320,16568,248,64
G,5,60,16920,17104,184,67
C,6,71,17040,17112,72,72
G,4,46,16680,17152,472,55
A,4,80,16680,17156,476,57
C,5,62,16680,17166,486,60
E,5,63,16680,17170,490,64
E,6,70,17160,17214,54,76
A,4,65,17280,17508,228,57
G,4,48,17280,17524,244,55
C,5,61,17280,17528,248,60
E,5,56,17280,17528,248,64
G,5,60,17880,18064,184,67
C,6,71,18000,18072,72,72
G,4,46,17640,18112,472,55
A,4,80,17640,18116,476,57
C,5,62,17640,18126,486,60
E,5,63,17640,18130,490,64
E,6,70,18120,18174,54,76
C,5,73,18240,18468,228,60
A,4,56,18240,18484,244,57
D,5,69,18240,18488,248,62
F,5,64,18240,18488,248,65
A,5,68,18840,19024,184,69
D,6,79,18960,19032,72,74
A,4,54,18600,19072,472,57
C,5,88,18600,19076,476,60
D,5,70,18600,19086,486,62
F,5,71,18600,19090,490,65
F,6,78,19080,19134,54,77
B,4,74,19200,19654,454,59
A,4,53,19200,19678,478,57
D,5,61,19200,19680,480,62
F,5,60,19200,19698,498,65
B,5,73,19200,19752,552,71
A,5,58,19200,19758,558,69
F,6,67,19200,19770,570,77
B,5,93,20100,20160,60,71
A,5,77,20040,20160,120,69
F,5,87,19980,20160,180,65
D,5,84,19920,20160,240,62
B,4,57,19860,20160,300,59
A,4,77,19800,20160,360,57
A,4,73,20160,20388,228,57
G,4,56,20160,20404,244,55
C,5,69,20160,20408,248,60
E,5,64,20160,20408,248,64
G,5,68,20760,20944,184,67
C,6,79,20880,20952,72,72
G,4,54,20520,20992,472,55
A,4,88,20520,20996,476,57
C,5,70,20520,21006,486,60
E,5,71,20520,21010,490,64
E,6,78,21000,21054,54,76
A,4,74,21120,21376,256,57
G,4,57,21120,21376,256,55
C,5,68,21120,21386,266,60
E,5,77,21120,21386,266,64
C,6,72,21840,22064,224,72
G,6,82,21960,22074,114,79
G,5,64,21720,22074,354,67
A,4,83,21480,22074,594,57
C,5,71,21480,22074,594,60
G,4,57,21480,22074,594,55
E,5,75,21480,22074,594,64
G,4,73,22080,22308,228,55
E,4,56,22080,22324,244,52
A,4,69,22080,22328,248,57
C,5,64,22080,22328,248,60
E,5,68,22680,22864,184,64
A,5,79,22800,22872,72,69
E,4,54,22440,22912,472,52
G,4,88,22440,22916,476,55
A,4,70,22440,22926,486,57
C,5,71,22440,22930,490,60
C,6,78,22920,22974,54,72
G,4,74,23040,23296,256,55
E,4,57,23040,23296,256,52
A,4,68,23040,23306,266,57
C,5,77,23040,23306,266,60
A,5,72,23760,23984,224,69
E,6,82,23880,23994,114,76
E,5,64,23640,23994,354,64
G,4,83,23400,23994,594,55
A,4,71,23400,23994,594,57
E,4,57,23400,23994,594,52
C,5,75,23400,23994,594,60
G,4,74,24000,24454,454,55
E,4,53,24000,24478,478,52
B,4,61,24000,24480,480,59
D,5,60,24000,24498,498,62
G,5,73,24000,24552,552,67
E,5,58,24000,24558,558,64
D,6,67,24000,24570,570,74
G,5,93,24900,24960,60,67
E,5,77,24840,24960,120,64
D,5,87,24780,24960,180,62
B,4,84,24720,24960,240,59
G,4,57,24660,24960,300,55
E,4,77,24600,24960,360,52
A,4,74,24960,25414,454,57
F,4,53,24960,25438,478,53
C,5,61,24960,25440,480,60
E,5,60,24960,25458,498,64
A,5,73,24960,25512,552,69
G,5,58,24960,25518,558,67
E,6,67,24960,25530,570,76
A,5,93,25860,25920,60,69
G,5,77,25800,25920,120,67
E,5,87,25740,25920,180,64
C,5,84,25680,25920,240,60
A,4,57,25620,25920,300,57
F,4,77,25560,25920,360,53
A,4,74,25920,26374,454,57
F,4,53,25920,26398,478,53
C,5,61,25920,26400,480,60
E,5,60,25920,26418,498,64
A,5,73,25920,26472,552,69
G,5,58,25920,26478,558,67
E,6,67,25920,26490,570,76
A,5,93,26820,26880,60,69
G,5,77,26760,26880,120,67
E,5,87,26700,26880,180,64
C,5,84,26640,26880,240,60
A,4,57,26580,26880,300,57
F,4,77,26520,26880,360,53
A,4,25,26880,26964,84,57
A,6,73,27120,27240,120,81
D,6,78,27000,27240,240,74
D,7,83,27240,27344,104,86
C,7,74,27360,27576,216,84
C,5,88,26880,27648,768,60
D,5,75,26880,27662,782,62
F,5,79,26880,27674,794,65
A,6,77,27600,27782,182,81
B,4,73,27840,28068,228,59
A,4,56,27840,28084,244,57
D,5,69,27840,28088,248,62
F,5,64,27840,28088,248,65
A,5,68,28440,28624,184,69
D,6,79,28560,28632,72,74
A,4,54,28200,28672,472,57
B,4,88,28200,28676,476,59
D,5,70,28200,28686,486,62
F,5,71,28200,28690,490,65
F,6,78,28680,28734,54,77
A,4,73,28800,29028,228,57
G,4,56,28800,29044,244,55
C,5,69,28800,29048,248,60
E,5,64,28800,29048,248,64
G,5,68,29400,29584,184,67
C,6,79,29520,29592,72,72
G,4,54,29160,29632,472,55
A,4,88,29160,29636,476,57
C,5,70,29160,29646,486,60
E,5,71,29160,29650,490,64
E,6,78,29640,29694,54,76
G,5,70,30366,30478,112,67
C,6,68,30486,30606,120,72
G,5,74,30606,30720,114,67
A,4,79,29766,30720,954,57
C,5,65,29762,30720,958,60
E,5,69,29760,30720,960,64
G,4,66,29760,30720,960,55
F,6,76,31566,31680,114,77
D,6,74,31450,31680,230,74
A#,4,81,30734,31680,946,58
F,4,56,30730,31680,950,53
D,5,69,30728,31680,952,62
F,5,72,30724,31680,956,65
F,6,76,32526,32640,114,77
D,6,74,32410,32640,230,74
A#,4,81,31694,32640,946,58
F,4,56,31690,32640,950,53
D,5,69,31688,32640,952,62
F,5,72,31684,32640,956,65
A,4,74,32640,33094,454,57
G,4,53,32640,33118,478,55
C,5,61,32640,33120,480,60
E,5,60,32640,33138,498,64
A,5,73,32640,33192,552,69
G,5,58,32640,33198,558,67
E,6,67,32640,33210,570,76
A,5,93,33540,33600,60,69
G,5,77,33480,33600,120,67
E,5,87,33420,33600,180,64
C,5,84,33360,33600,240,60
A,4,57,33300,33600,300,57
G,4,77,33240,33600,360,55
G,5,70,34206,34318,112,67
C,6,68,34326,34446,120,72
G,5,74,34446,34560,114,67
A,4,79,33606,34560,954,57
C,5,65,33602,34560,958,60
E,5,69,33600,34560,960,64
G,4,66,33600,34560,960,55
C,5,66,34560,35014,454,60
A,4,45,34560,35038,478,57
D,5,53,34560,35040,480,62
F,5,52,34560,35058,498,65
C,6,65,34560,35112,552,72
A,5,50,34560,35118,558,69
F,6,59,34560,35130,570,77
C,6,85,35460,35520,60,72
A,5,69,35400,35520,120,69
F,5,79,35340,35520,180,65
D,5,76,35280,35520,240,62
C,5,49,35220,35520,300,60
A,4,69,35160,35520,360,57
A,5,62,36126,36238,112,69
D,6,60,36246,36366,120,74
A,5,66,36366,36480,114,69
B,4,71,35526,36480,954,59
D,5,57,35522,36480,958,62
F,5,61,35520,36480,960,65
A,4,58,35520,36480,960,57
A,4,80,36480,36564,84,57
G,6,65,36720,36840,120,79
C,6,70,36600,36840,240,72
C,7,75,36840,36944,104,84
A,6,66,36960,37176,216,81
G,4,17,36480,37262,782,55
C,5,67,36480,37262,782,60
E,5,71,36480,37274,794,64
G,6,69,37200,37382,182,79
G,6,57,37920,38044,124,79
C,6,61,37800,38160,360,72
C,7,71,38040,38188,148,84
G,6,66,38160,38264,104,79
C,6,52,38280,38352,72,72
G,4,58,37440,38370,930,55
C,5,68,37440,38376,936,60
A,4,76,37440,38376,936,57
E,5,68,37440,38384,944,64
A,5,52,38572,39858,1286,69
E,5,51,38538,39878,1340,64
E,6,57,38614,39884,1270,76
E,6,69,40208,40320,112,76
A,5,73,40086,40320,234,69
E,5,67,39970,40320,350,64
A,3,59,38406,40320,1914,45
G,4,77,38450,40320,1870,55
C,5,57,38496,40320,1824,60
G,4,66,40320,40774,454,55
E,4,45,40320,40798,478,52
B,4,53,40320,40800,480,59
D,5,52,40320,40818,498,62
G,5,65,40320,40872,552,67
E,5,50,40320,40878,558,64
D,6,59,40320,40890,570,74
G,5,85,41220,41280,60,67
E,5,69,41160,41280,120,64
D,5,79,41100,41280,180,62
B,4,76,41040,41280,240,59
G,4,49,40980,41280,300,55
E,4,69,40920,41280,360,52
G,6,68,42126,42240,114,79
C,6,66,42010,42240,230,72
G,5,55,41882,42240,358,67
A,4,73,41294,42240,946,57
F,4,48,41290,42240,950,53
C,5,61,41288,42240,952,60
E,5,64,41284,42240,956,64
G,6,68,43086,43200,114,79
C,6,66,42970,43200,230,72
G,5,55,42842,43200,358,67
A,4,73,42254,43200,946,57
F,4,48,42250,43200,950,53
C,5,61,42248,43200,952,60
E,5,64,42244,43200,956,64
A,5,62,43806,43918,112,69
D,6,60,43926,44046,120,74
A,5,66,44046,44160,114,69
C,5,71,43206,44160,954,60
D,5,57,43202,44160,958,62
F,5,61,43200,44160,960,65
A,4,58,43200,44160,960,57
B,4,65,44160,44388,228,59
A,4,48,44160,44404,244,57
D,5,61,44160,44408,248,62
F,5,56,44160,44408,248,65
A,5,60,44760,44944,184,69
D,6,71,44880,44952,72,74
A,4,46,44520,44992,472,57
B,4,80,44520,44996,476,59
D,5,62,44520,45006,486,62
F,5,63,44520,45010,490,65
F,6,70,45000,45054,54,77
G,6,68,45966,46080,114,79
C,6,66,45850,46080,230,72
G,5,55,45722,46080,358,67
A,4,73,45134,46080,946,57
G,4,48,45130,46080,950,55
C,5,61,45128,46080,952,60
E,5,64,45124,46080,956,64
G,6,68,46926,47040,114,79
C,6,66,46810,47040,230,72
G,5,55,46682,47040,358,67
A,4,73,46094,47040,946,57
G,4,48,46090,47040,950,55
C,5,61,46088,47040,952,60
E,5,64,46084,47040,956,64
A#,4,65,47040,47268,228,58
F,4,48,47040,47284,244,53
D,5,61,47040,47288,248,62
F,5,56,47040,47288,248,65
F,5,63,47400,47824,424,65
D,6,71,47760,47832,72,74
F,4,46,47400,47872,472,53
A#,4,80,47400,47876,476,58
D,5,62,47400,47886,486,62
F,6,70,47880,47934,54,77
A#,4,65,48000,48228,228,58
F,4,48,48000,48244,244,53
D,5,61,48000,48248,248,62
F,5,56,48000,48248,248,65
F,5,63,48360,48784,424,65
D,6,71,48720,48792,72,74
F,4,46,48360,48832,472,53
A#,4,80,48360,48836,476,58
D,5,62,48360,48846,486,62
F,6,70,48840,48894,54,77
A,4,66,48960,49414,454,57
G,4,45,48960,49438,478,55
C,5,53,48960,49440,480,60
E,5,52,48960,49458,498,64
A,5,65,48960,49512,552,69
G,5,50,48960,49518,558,67
E,6,59,48960,49530,570,76
A,5,85,49860,49920,60,69
G,5,69,49800,49920,120,67
E,5,79,49740,49920,180,64
C,5,76,49680,49920,240,60
A,4,49,49620,49920,300,57
G,4,69,49560,49920,360,55
A,4,66,49920,50374,454,57
G,4,45,49920,50398,478,55
C,5,53,49920,50400,480,60
E,5,52,49920,50418,498,64
A,5,65,49920,50472,552,69
G,5,50,49920,50478,558,67
E,6,59,49920,50490,570,76
A,5,85,50820,50880,60,69
G,5,69,50760,50880,120,67
E,5,79,50700,50880,180,64
C,5,76,50640,50880,240,60
A,4,49,50580,50880,300,57
G,4,69,50520,50880,360,55
C,5,73,50880,51108,228,60
A,4,56,50880,51124,244,57
D,5,69,50880,51128,248,62
F,5,64,50880,51128,248,65
A,5,68,51480,51664,184,69
D,6,79,51600,51672,72,74
A,4,54,51240,51712,472,57
C,5,88,51240,51716,476,60
D,5,70,51240,51726,486,62
F,5,71,51240,51730,490,65
F,6,78,51720,51774,54,77
C,5,74,51840,52096,256,60
A,4,57,51840,52096,256,57
D,5,68,51840,52106,266,62
F,5,77,51840,52106,266,65
D,6,72,52560,52784,224,74
A,6,82,52680,52794,114,81
A,5,64,52440,52794,354,69
C,5,83,52200,52794,594,60
D,5,71,52200,52794,594,62
A,4,57,52200,52794,594,57
F,5,75,52200,52794,594,65
G,6,65,53014,53280,266,79
C,6,60,52972,53280,308,72
G,5,59,52938,53280,342,67
E,5,65,52896,53280,384,64
A,4,85,52850,53280,430,57
C,4,67,52806,53280,474,48
B,4,73,53280,53508,228,59
A,4,56,53280,53524,244,57
D,5,69,53280,53528,248,62
F,5,64,53280,53528,248,65
F,5,71,53640,53760,120,65
A,4,54,53640,53760,120,57
B,4,88,53640,53760,120,59
D,5,70,53640,53760,120,62
A,5,70,54366,54478,112,69
D,6,68,54486,54606,120,74
A,5,74,54606,54720,114,69
B,4,79,53766,54720,954,59
D,5,65,53762,54720,958,62
F,5,69,53760,54720,960,65
A,4,66,53760,54720,960,57
A,4,74,54720,55174,454,57
G,4,53,54720,55198,478,55
C,5,61,54720,55200,480,60
E,5,60,54720,55218,498,64
A,5,73,54720,55272,552,69
G,5,58,54720,55278,558,67
E,6,67,54720,55290,570,76
A,5,93,55620,55680,60,69
G,5,77,55560,55680,120,67
E,5,87,55500,55680,180,64
C,5,84,55440,55680,240,60
A,4,57,55380,55680,300,57
G,4,77,55320,55680,360,55
F,5,70,56286,56398,112,65
A#,5,68,56406,56526,120,70
F,5,74,56526,56640,114,65
G,4,79,55686,56640,954,55
A#,4,65,55682,56640,958,58
D,5,69,55680,56640,960,62
F,4,66,55680,56640,960,53
A,4,73,56640,56868,228,57
G,4,56,56640,56884,244,55
C,5,69,56640,56888,248,60
E,5,64,56640,56888,248,64
G,5,68,57240,57424,184,67
C,6,79,57360,57432,72,72
G,4,54,57000,57472,472,55
A,4,88,57000,57476,476,57
C,5,70,57000,57486,486,60
E,5,71,57000,57490,490,64
E,6,78,57480,57534,54,76
F,5,70,58206,58318,112,65
A#,5,68,58326,58446,120,70
F,5,74,58446,58560,114,65
G,4,79,57606,58560,954,55
A#,4,65,57602,58560,958,58
D,5,69,57600,58560,960,62
F,4,66,57600,58560,960,53
A,4,74,58560,59014,454,57
G,4,53,58560,59038,478,55
C,5,61,58560,59040,480,60
E,5,60,58560,59058,498,64
A,5,73,58560,59112,552,69
G,5,58,58560,59118,558,67
E,6,67,58560,59130,570,76
A,5,93,59460,59520,60,69
G,5,77,59400,59520,120,67
E,5,87,59340,59520,180,64
C,5,84,59280,59520,240,60
A,4,57,59220,59520,300,57
G,4,77,59160,59520,360,55
G,5,73,60006,60156,150,67
C,6,82,60128,60196,68,72
E,6,80,60244,60282,38,76
G,6,85,60360,60396,36,79
A,4,82,59544,60414,870,57
G,4,57,59544,60414,870,55
C,5,60,59536,60414,878,60
E,5,63,59532,60420,888,64
A,4,78,60498,61162,664,57
C,7,84,60496,61162,666,84
C,5,63,60498,61166,668,60
G,4,46,60498,61170,672,55
E,5,67,60498,61172,674,64
A,4,65,2040,2130,90,57
D,5,73,2160,2268,108,62
A,4,64,2280,2398,118,57
F,5,78,2400,2530,130,65
A,4,52,2520,2610,90,57
D,5,73,2640,2740,100,62
D,4,85,1920,2760,840,50
A,4,64,2760,2842,82,57
A,4,65,3000,3090,90,57
D,5,73,3120,3228,108,62
A,4,64,3240,3358,118,57
F,5,78,3360,3490,130,65
A,4,52,3480,3570,90,57
D,5,73,3600,3700,100,62
G,3,85,2880,3720,840,43
A,4,64,3720,3802,82,57
G,4,65,3960,4050,90,55
C,5,73,4080,4188,108,60
G,4,64,4200,4318,118,55
E,5,78,4320,4450,130,64
G,4,52,4440,4530,90,55
C,5,73,4560,4660,100,60
C,4,85,3840,4680,840,48
G,4,64,4680,4762,82,55
G,4,72,4920,5040,120,55
C,5,76,5040,5158,118,60
G,4,52,5160,5282,122,55
E,5,82,5282,5406,124,64
G,4,66,5406,5510,104,55
C,5,70,5520,5632,112,60
G,4,71,5640,5718,78,55
C,4,79,4800,5740,940,48
C,5,73,5760,5908,148,60
E,4,56,5880,5984,104,52
A,4,65,6000,6076,76,57
A,3,73,5760,6076,316,45
C,5,75,6120,6272,152,60
E,4,61,6360,6448,88,52
A,4,70,6480,6540,60,57
A,3,75,6240,6560,320,45
C,5,83,6600,6650,50,60
C,5,79,6720,6866,146,60
E,4,48,6840,6944,104,52
A,4,68,6960,7034,74,57
A,3,72,6720,7066,346,45
C,5,78,7080,7184,104,60
E,4,62,7320,7450,130,52
A,4,79,7440,7538,98,57
C,5,67,7560,7614,54,60
A,3,76,7200,7636,436,45
E,4,70,7680,7836,156,52
D,5,70,7800,7904,104,62
B,4,78,7920,8006,86,59
E,4,72,8040,8142,102,52
D,5,67,8160,8254,94,62
B,4,72,8280,8352,72,59
E,4,66,8400,8490,90,52
B,4,71,8520,8578,58,59
F,4,65,8760,8850,90,53
C,5,73,8880,8988,108,60
F,4,64,9000,9118,118,53
E,5,78,9120,9250,130,64
F,4,52,9240,9330,90,53
C,5,73,9360,9460,100,60
F,3,85,8640,9480,840,41
F,4,64,9480,9562,82,53
F,4,65,9720,9810,90,53
C,5,73,9840,9948,108,60
F,4,64,9960,10078,118,53
E,5,78,10080,10210,130,64
F,4,52,10200,10290,90,53
C,5,73,10320,10420,100,60
F,3,85,9600,10440,840,41
F,4,64,10440,10522,82,53
A,4,70,10560,10740,180,57
F,5,69,10680,10792,112,65
C,5,72,10800,10850,50,60
D,5,77,10920,10972,52,62
C,5,65,11040,11266,226,60
A,5,65,11160,11290,130,69
D,5,73,11280,11362,82,62
F,5,71,11400,11458,58,65
A,4,70,11520,11700,180,57
F,5,69,11640,11752,112,65
B,4,72,11760,11810,50,59
D,5,77,11880,11932,52,62
B,4,65,12000,12226,226,59
A,5,65,12120,12250,130,69
D,5,73,12240,12322,82,62
F,5,71,12360,12418,58,65
E,5,73,12480,12628,148,64
G,4,56,12600,12704,104,55
C,5,65,12720,12796,76,60
C,4,73,12480,12796,316,48
E,5,75,12840,12992,152,64
G,4,61,13080,13168,88,55
C,5,70,13200,13260,60,60
C,4,75,12960,13280,320,48
E,5,83,13320,13370,50,64
G,4,70,13440,13596,156,55
E,5,70,13560,13664,104,64
C,5,78,13680,13766,86,60
G,4,72,13800,13902,102,55
E,5,67,13920,14014,94,64
C,5,72,14040,14112,72,60
G,4,66,14160,14250,90,55
C,5,71,14280,14338,58,60
F,4,65,14520,14610,90,53
D,5,73,14640,14748,108,62
F,4,64,14760,14878,118,53
F,5,78,14880,15010,130,65
F,4,52,15000,15090,90,53
D,5,73,15120,15220,100,62
A#,3,85,14400,15240,840,46
F,4,64,15240,15322,82,53
F,5,73,15360,15508,148,65
F,4,56,15480,15584,104,53
D,5,65,15600,15676,76,62
A#,3,73,15360,15676,316,46
F,5,75,15720,15872,152,65
F,4,61,15960,16048,88,53
D,5,70,16080,16140,60,62
A#,3,75,15840,16160,320,46
F,5,83,16200,16250,50,65
G,4,62,16320,16424,104,55
E,5,75,16380,16442,62,64
A,4,71,16442,16516,74,57
C,5,63,16560,16678,118,60
A,4,77,16680,16748,68,57
E,5,72,16800,16912,112,64
A,4,73,16920,16986,66,57
C,5,68,17040,17134,94,60
A,4,74,17160,17210,50,57
E,5,73,17280,17496,216,64
G,4,66,17400,17550,150,55
A,4,66,17520,17580,60,57
E,5,67,17640,17776,136,64
A,4,75,17880,17942,62,57
G,4,61,17760,17972,212,55
E,5,76,18000,18094,94,64
A,4,83,18120,18164,44,57
A,4,77,18240,18420,180,57
F,5,76,18360,18472,112,65
C,5,79,18480,18530,50,60
D,5,84,18600,18652,52,62
C,5,72,18720,18946,226,60
A,5,72,18840,18970,130,69
D,5,80,18960,19042,82,62
F,5,78,19080,19138,58,65
A,4,77,19200,19356,156,57
F,5,77,19320,19424,104,65
D,5,85,19440,19526,86,62
A,4,79,19560,19662,102,57
F,5,74,19680,19774,94,65
D,5,79,19800,19872,72,62
A,4,73,19920,20010,90,57
D,5,78,20040,20098,58,62
G,4,69,20160,20264,104,55
E,5,82,20220,20282,62,64
A,4,78,20282,20356,74,57
C,5,70,20400,20518,118,60
A,4,84,20520,20588,68,57
E,5,79,20640,20752,112,64
A,4,80,20760,20826,66,57
C,5,75,20880,20974,94,60
A,4,81,21000,21050,50,57
G,4,73,21120,21168,48,55
E,5,77,21180,21236,56,64
A,4,84,21240,21294,54,57
C,5,69,21360,21440,80,60
A,4,72,21480,21534,54,57
E,5,79,21600,21672,72,64
A,4,83,21720,21774,54,57
C,5,76,21840,21902,62,60
A,4,84,21960,21994,34,57
E,4,69,22080,22184,104,52
C,5,82,22140,22202,62,60
G,4,78,22202,22276,74,55
A,4,70,22320,22438,118,57
G,4,84,22440,22508,68,55
C,5,79,22560,22672,112,60
G,4,80,22680,22746,66,55
A,4,75,22800,22894,94,57
G,4,81,22920,22970,50,55
E,4,73,23040,23088,48,52
C,5,77,23100,23156,56,60
G,4,84,23160,23214,54,55
A,4,69,23280,23360,80,57
G,4,72,23400,23454,54,55
C,5,79,23520,23592,72,60
G,4,83,23640,23694,54,55
A,4,76,23760,23822,62,57
G,4,84,23880,23914,34,55
E,4,77,24000,24180,180,52
D,5,76,24120,24232,112,62
G,4,79,24240,24290,50,55
B,4,84,24360,24412,52,59
G,4,72,24480,24706,226,55
E,5,72,24600,24730,130,64
B,4,80,24720,24802,82,59
D,5,78,24840,24898,58,62
F,4,72,25080,25170,90,53
C,5,80,25200,25308,108,60
F,4,71,25320,25438,118,53
E,5,85,25440,25570,130,64
F,4,59,25560,25650,90,53
C,5,80,25680,25780,100,60
F,3,92,24960,25800,840,41
F,4,71,25800,25882,82,53
F,4,72,26040,26130,90,53
C,5,80,26160,26268,108,60
F,4,71,26280,26398,118,53
E,5,85,26400,26530,130,64
F,4,59,26520,26610,90,53
C,5,80,26640,26740,100,60
F,3,92,25920,26760,840,41
F,4,71,26760,26842,82,53
F,5,80,26880,27096,216,65
A,4,73,27000,27150,150,57
C,5,73,27120,27180,60,60
F,5,74,27240,27376,136,65
C,5,82,27480,27542,62,60
A,4,68,27360,27572,212,57
F,5,83,27600,27694,94,65
C,5,90,27720,27764,44,60
F,5,80,27840,27988,148,65
A,4,63,27960,28064,104,57
D,5,72,28080,28156,76,62
G,3,80,27840,28156,316,43
F,5,82,28200,28352,152,65
A,4,68,28440,28528,88,57
D,5,77,28560,28620,60,62
G,3,82,28320,28640,320,43
F,5,90,28680,28730,50,65
G,4,77,28800,28980,180,55
E,5,76,28920,29032,112,64
A,4,79,29040,29090,50,57
C,5,84,29160,29212,52,60
A,4,72,29280,29506,226,57
G,5,72,29400,29530,130,67
C,5,80,29520,29602,82,60
E,5,78,29640,29698,58,64
E,5,80,29760,29976,216,64
G,4,73,29880,30030,150,55
A,4,73,30000,30060,60,57
E,5,74,30120,30256,136,64
A,4,82,30360,30422,62,57
G,4,68,30240,30452,212,55
E,5,83,30480,30574,94,64
A,4,90,30600,30644,44,57
F,5,80,30720,30868,148,65
F,4,63,30840,30944,104,53
D,5,72,30960,31036,76,62
A#,3,80,30720,31036,316,46
F,5,82,31080,31232,152,65
F,4,68,31320,31408,88,53
D,5,77,31440,31500,60,62
A#,3,82,31200,31520,320,46
F,5,90,31560,31610,50,65
F,4,77,31680,31836,156,53
F,5,77,31800,31904,104,65
D,5,85,31920,32006,86,62
F,4,79,32040,32142,102,53
F,5,74,32160,32254,94,65
D,5,79,32280,32352,72,62
F,4,73,32400,32490,90,53
D,5,78,32520,32578,58,62
G,4,69,32640,32744,104,55
E,5,82,32700,32762,62,64
A,4,78,32762,32836,74,57
C,5,70,32880,32998,118,60
A,4,84,33000,33068,68,57
E,5,79,33120,33232,112,64
A,4,80,33240,33306,66,57
C,5,75,33360,33454,94,60
A,4,81,33480,33530,50,57
G,4,77,33600,33780,180,55
E,5,76,33720,33832,112,64
A,4,79,33840,33890,50,57
C,5,84,33960,34012,52,60
A,4,72,34080,34306,226,57
G,5,72,34200,34330,130,67
C,5,80,34320,34402,82,60
E,5,78,34440,34498,58,64
A,4,62,34560,34664,104,57
F,5,75,34620,34682,62,65
C,5,71,34682,34756,74,60
D,5,63,34800,34918,118,62
C,5,77,34920,34988,68,60
F,5,72,35040,35152,112,65
C,5,73,35160,35226,66,60
D,5,68,35280,35374,94,62
C,5,74,35400,35450,50,60
F,5,73,35520,35668,148,65
A,4,56,35640,35744,104,57
D,5,65,35760,35836,76,62
G,3,73,35520,35836,316,43
F,5,75,35880,36032,152,65
A,4,61,36120,36208,88,57
D,5,70,36240,36300,60,62
G,3,75,36000,36320,320,43
F,5,83,36360,36410,50,65
G,4,62,36480,36584,104,55
E,5,75,36540,36602,62,64
A,4,71,36602,36676,74,57
C,5,63,36720,36838,118,60
A,4,77,36840,36908,68,57
E,5,72,36960,37072,112,64
A,4,73,37080,37146,66,57
C,5,68,37200,37294,94,60
A,4,74,37320,37370,50,57
G,4,66,37440,37488,48,55
E,5,70,37500,37556,56,64
A,4,77,37560,37614,54,57
C,5,62,37680,37760,80,60
A,4,65,37800,37854,54,57
E,5,72,37920,37992,72,64
A,4,76,38040,38094,54,57
C,5,69,38160,38222,62,60
A,4,77,38280,38314,34,57
C,5,73,38400,38548,148,60
E,4,56,38520,38624,104,52
A,4,65,38640,38716,76,57
A,3,73,38400,38716,316,45
C,5,75,38760,38912,152,60
E,4,61,39000,39088,88,52
A,4,70,39120,39180,60,57
A,3,75,38880,39200,320,45
C,5,83,39240,39290,50,60
C,5,79,39360,39506,146,60
E,4,48,39480,39584,104,52
A,4,68,39600,39674,74,57
A,3,72,39360,39706,346,45
C,5,78,39720,39824,104,60
E,4,62,39960,40090,130,52
A,4,79,40080,40178,98,57
C,5,67,40200,40254,54,60
A,3,76,39840,40276,436,45
E,4,70,40320,40476,156,52
D,5,70,40440,40544,104,62
B,4,78,40560,40646,86,59
E,4,72,40680,40782,102,52
D,5,67,40800,40894,94,62
B,4,72,40920,40992,72,59
E,4,66,41040,41130,90,52
B,4,71,41160,41218,58,59
F,4,70,41280,41436,156,53
E,5,70,41400,41504,104,64
C,5,78,41520,41606,86,60
F,4,72,41640,41742,102,53
E,5,67,41760,41854,94,64
C,5,72,41880,41952,72,60
F,4,66,42000,42090,90,53
C,5,71,42120,42178,58,60
F,4,70,42240,42420,180,53
E,5,69,42360,42472,112,64
A,4,72,42480,42530,50,57
C,5,77,42600,42652,52,60
A,4,65,42720,42946,226,57
G,5,65,42840,42970,130,67
C,5,73,42960,43042,82,60
E,5,71,43080,43138,58,64
A,4,65,43320,43410,90,57
D,5,73,43440,43548,108,62
A,4,64,43560,43678,118,57
F,5,78,43680,43810,130,65
A,4,52,43800,43890,90,57
D,5,73,43920,44020,100,62
G,3,85,43200,44040,840,43
A,4,64,44040,44122,82,57
F,5,73,44160,44308,148,65
A,4,56,44280,44384,104,57
D,5,65,44400,44476,76,62
G,3,73,44160,44476,316,43
F,5,75,44520,44672,152,65
A,4,61,44760,44848,88,57
D,5,70,44880,44940,60,62
G,3,75,44640,44960,320,43
F,5,83,45000,45050,50,65
E,5,73,45120,45336,216,64
G,4,66,45240,45390,150,55
A,4,66,45360,45420,60,57
E,5,67,45480,45616,136,64
A,4,75,45720,45782,62,57
G,4,61,45600,45812,212,55
E,5,76,45840,45934,94,64
A,4,83,45960,46004,44,57
E,5,73,46080,46296,216,64
G,4,66,46200,46350,150,55
A,4,66,46320,46380,60,57
E,5,67,46440,46576,136,64
A,4,75,46680,46742,62,57
G,4,61,46560,46772,212,55
E,5,76,46800,46894,94,64
A,4,83,46920,46964,44,57
F,4,70,47040,47196,156,53
F,5,70,47160,47264,104,65
D,5,78,47280,47366,86,62
F,4,72,47400,47502,102,53
F,5,67,47520,47614,94,65
D,5,72,47640,47712,72,62
F,4,66,47760,47850,90,53
D,5,71,47880,47938,58,62
F,4,70,48000,48156,156,53
F,5,70,48120,48224,104,65
D,5,78,48240,48326,86,62
F,4,72,48360,48462,102,53
F,5,67,48480,48574,94,65
D,5,72,48600,48672,72,62
F,4,66,48720,48810,90,53
D,5,71,48840,48898,58,62
G,4,62,48960,49064,104,55
E,5,75,49020,49082,62,64
A,4,71,49082,49156,74,57
C,5,63,49200,49318,118,60
A,4,77,49320,49388,68,57
E,5,72,49440,49552,112,64
A,4,73,49560,49626,66,57
C,5,68,49680,49774,94,60
A,4,74,49800,49850,50,57
G,4,70,49920,50100,180,55
E,5,69,50040,50152,112,64
A,4,72,50160,50210,50,57
C,5,77,50280,50332,52,60
A,4,65,50400,50626,226,57
G,5,65,50520,50650,130,67
C,5,73,50640,50722,82,60
E,5,71,50760,50818,58,64
A,4,69,50880,50984,104,57
F,5,82,50940,51002,62,65
C,5,78,51002,51076,74,60
D,5,70,51120,51238,118,62
C,5,84,51240,51308,68,60
F,5,79,51360,51472,112,65
C,5,80,51480,51546,66,60
D,5,75,51600,51694,94,62
C,5,81,51720,51770,50,60
A,4,73,51840,51888,48,57
F,5,77,51900,51956,56,65
C,5,84,51960,52014,54,60
D,5,69,52080,52160,80,62
C,5,72,52200,52254,54,60
F,5,79,52320,52392,72,65
C,5,83,52440,52494,54,60
D,5,76,52560,52622,62,62
C,5,84,52680,52714,34,60
G,4,72,52920,53010,90,55
C,5,80,53040,53148,108,60
G,4,71,53160,53278,118,55
C,4,92,52800,53280,480,48
A,4,72,53400,53490,90,57
D,5,80,53520,53628,108,62
A,4,71,53640,53758,118,57
G,3,92,53280,53760,480,43
F,5,80,53760,53908,148,65
A,4,63,53880,53984,104,57
D,5,72,54000,54076,76,62
G,3,80,53760,54076,316,43
F,5,82,54120,54272,152,65
A,4,68,54360,54448,88,57
D,5,77,54480,54540,60,62
G,3,82,54240,54560,320,43
F,5,90,54600,54650,50,65
G,4,72,54840,54930,90,55
C,5,80,54960,55068,108,60
G,4,71,55080,55198,118,55
E,5,85,55200,55330,130,64
G,4,59,55320,55410,90,55
C,5,80,55440,55540,100,60
C,4,92,54720,55560,840,48
G,4,71,55560,55642,82,55
D,5,80,55680,55828,148,62
F,4,63,55800,55904,104,53
A#,4,72,55920,55996,76,58
A#,3,80,55680,55996,316,46
D,5,82,56040,56192,152,62
F,4,68,56280,56368,88,53
A#,4,77,56400,56460,60,58
A#,3,82,56160,56480,320,46
D,5,90,56520,56570,50,62
G,4,77,56640,56820,180,55
E,5,76,56760,56872,112,64
A,4,79,56880,56930,50,57
C,5,84,57000,57052,52,60
A,4,72,57120,57346,226,57
G,5,72,57240,57370,130,67
C,5,80,57360,57442,82,60
E,5,78,57480,57538,58,64
D,5,80,57600,57748,148,62
F,4,63,57720,57824,104,53
A#,4,72,57840,57916,76,58
A#,3,80,57600,57916,316,46
D,5,82,57960,58112,152,62
F,4,68,58200,58288,88,53
A#,4,77,58320,58380,60,58
A#,3,82,58080,58400,320,46
D,5,90,58440,58490,50,62
G,4,77,58560,58716,156,55
E,5,77,58680,58784,104,64
C,5,85,58800,58886,86,60
G,4,79,58920,59022,102,55
E,5,74,59040,59134,94,64
C,5,79,59160,59232,72,60
G,4,73,59280,59370,90,55
C,5,78,59400,59458,58,60
E,4,63,59640,59782,142,52
C,5,78,59760,59870,110,60
G,4,76,59880,59968,88,55
E,5,80,60000,60082,82,64
C,5,80,60120,60190,70,60
G,5,76,60240,60310,70,67
E,5,84,60360,60428,68,64
C,6,82,60480,60610,130,72
F,6,40,2520,2640,120,77
D,6,44,2640,2756,116,74
A,5,36,2760,2818,58,69
A,5,40,1920,2880,960,69
C,5,40,1920,2880,960,60
D,5,40,1920,2880,960,62
F,4,40,1920,2880,960,53
E,5,40,2882,3358,476,64
B,4,40,2882,3358,476,59
A,5,40,2882,3358,476,69
F,4,40,2882,3358,476,53
A,5,40,3360,3816,456,69
B,4,40,3360,3816,456,59
D,5,40,3360,3816,456,62
F,5,40,3360,3816,456,65
E,5,26,3840,5524,1684,64
E,5,61,5580,5666,86,64
G,5,46,5640,5718,78,67
G,4,2,3840,5746,1906,55
C,6,70,5700,5756,56,72
A,4,40,3840,5756,1916,57
C,5,39,3840,5756,1916,60
E,5,40,6244,6366,122,64
A,5,52,6374,6428,54,69
C,6,46,6492,6534,42,72
E,6,54,6604,6646,42,76
G,4,42,5772,7512,1740,55
A,6,41,6730,7516,786,81
E,4,21,5768,7516,1748,52
A,4,32,5768,7520,1752,57
C,5,37,5768,7526,1758,60
D,6,40,8280,8400,120,74
B,5,44,8400,8516,116,71
E,5,36,8520,8578,58,64
E,5,40,7680,8640,960,64
B,5,40,7680,8640,960,71
D,5,40,7680,8640,960,62
G,4,40,7680,8640,960,55
G,5,31,8884,9170,286,67
E,6,48,9126,9360,234,76
C,6,43,9364,9578,214,72
G,5,39,8646,9600,954,67
E,5,39,8646,9600,954,64
A,4,39,8646,9600,954,57
C,5,39,8646,9600,954,60
C,5,32,9600,10210,610,60
A,4,32,9600,10210,610,57
G,5,32,9600,10210,610,67
E,5,32,9600,10210,610,64
A,5,44,10200,10326,126,69
G,5,38,10320,10446,126,67
E,5,48,10440,10560,120,64
E,5,40,10562,11038,476,64
C,5,40,10562,11038,476,60
A,5,40,10562,11038,476,69
F,4,40,10562,11038,476,53
A,5,40,11040,11496,456,69
C,5,40,11040,11496,456,60
D,5,40,11040,11496,456,62
F,5,40,11040,11496,456,65
F,4,37,11528,12480,952,53
A,4,37,11528,12480,952,57
B,4,37,11528,12480,952,59
D,5,37,11528,12480,952,62
G,5,44,12720,12982,262,67
E,6,43,12970,13214,244,76
C,6,42,13198,13440,242,72
A,4,31,12480,13440,960,57
C,5,31,12480,13440,960,60
E,4,31,12480,13440,960,52
G,4,31,12480,13440,960,55
G,4,29,13444,13946,502,55
E,4,29,13444,13946,502,52
C,5,29,13444,13946,502,60
A,4,29,13444,13946,502,57
E,5,49,13916,14066,150,64
G,4,49,14048,14178,130,55
A,4,50,14164,14290,126,57
C,5,49,14280,14398,118,60
F,5,49,14876,14906,30,65
D,5,29,14404,14906,502,62
A#,4,29,14404,14906,502,58
F,5,29,14404,15026,622,65
F,4,49,15008,15138,130,53
A#,4,50,15124,15250,126,58
D,5,49,15240,15358,118,62
F,5,49,15836,15866,30,65
D,5,29,15364,15866,502,62
A#,5,29,15364,15866,502,70
A#,4,29,15364,15866,502,58
F,5,29,15364,15986,622,65
F,4,49,15968,16098,130,53
A#,4,50,16084,16210,126,58
D,5,49,16200,16318,118,62
G,5,40,16322,16798,476,67
E,5,40,16322,16798,476,64
C,6,40,16322,16798,476,72
A,4,40,16322,16798,476,57
G,5,40,16800,17256,456,67
A,4,40,16800,17256,456,57
C,5,40,16800,17256,456,60
E,5,40,16800,17256,456,64
E,6,40,17880,18000,120,76
C,6,44,18000,18116,116,72
G,5,36,18120,18178,58,67
G,5,40,17280,18240,960,67
C,6,40,17280,18240,960,72
A,4,40,17280,18240,960,57
E,5,40,17280,18240,960,64
C,5,45,18248,19200,952,60
E,5,45,18248,19200,952,64
F,5,45,18248,19200,952,65
A,5,45,18248,19200,952,69
A,5,49,19440,19702,262,69
F,6,48,19690,19934,244,77
D,6,47,19918,20160,242,74
A,5,36,19200,20160,960,69
F,5,36,19200,20160,960,65
B,4,36,19200,20160,960,59
D,6,36,19200,20160,960,74
E,5,31,20160,21844,1684,64
E,5,66,21900,21986,86,64
G,5,51,21960,22038,78,67
G,4,7,20160,22066,1906,55
C,6,75,22020,22076,56,72
A,4,45,20160,22076,1916,57
C,5,44,20160,22076,1916,60
G,4,45,22088,23932,1844,55
A,5,45,22088,23932,1844,69
C,5,45,22088,23932,1844,60
E,5,45,22088,23932,1844,64
B,4,45,24002,24478,476,59
G,4,45,24002,24478,476,55
E,5,45,24002,24478,476,64
D,5,45,24002,24478,476,62
G,5,45,24480,24936,456,67
B,4,45,24480,24936,456,59
D,5,45,24480,24936,456,62
E,5,45,24480,24936,456,64
E,6,45,25560,25680,120,76
C,6,49,25680,25796,116,72
G,5,41,25800,25858,58,67
G,5,45,24960,25920,960,67
E,5,45,24960,25920,960,64
A,4,45,24960,25920,960,57
C,5,45,24960,25920,960,60
E,5,45,25928,26880,952,64
G,5,45,25928,26880,952,67
A,4,45,25928,26880,952,57
C,6,45,25928,26880,952,72
F,4,45,26888,27840,952,53
A,4,45,26888,27840,952,57
C,5,45,26888,27840,952,60
E,5,45,26888,27840,952,64
F,4,45,27848,28800,952,53
A,5,45,27848,28800,952,69
B,4,45,27848,28800,952,59
E,5,45,27848,28800,952,64
G,5,36,29044,29330,286,67
E,6,53,29286,29520,234,76
C,6,48,29524,29738,214,72
G,5,44,28806,29760,954,67
A,4,44,28806,29760,954,57
C,5,44,28806,29760,954,60
E,4,44,28806,29760,954,52
G,5,49,30000,30262,262,67
E,6,48,30250,30494,244,76
C,6,47,30478,30720,242,72
G,5,36,29760,30720,960,67
A,4,36,29760,30720,960,57
C,5,36,29760,30720,960,60
E,4,36,29760,30720,960,52
F,5,49,30960,31222,262,65
F,6,48,31210,31454,244,77
D,6,47,31438,31680,242,74
F,5,36,30720,31680,960,65
A#,4,36,30720,31680,960,58
D,5,36,30720,31680,960,62
F,5,36,31924,32210,286,65
F,6,53,32166,32400,234,77
D,6,48,32404,32618,214,74
F,5,44,31686,32640,954,65
A#,4,44,31686,32640,954,58
A#,5,44,31686,32640,954,70
D,5,44,31686,32640,954,62
C,6,56,33236,33374,138,72
G,5,41,33360,33512,152,67
A,5,39,33476,33600,124,69
G,5,46,32642,33600,958,67
C,6,46,32642,33600,958,72
A,4,46,32642,33600,958,57
E,5,46,32642,33600,958,64
G,5,49,33840,34102,262,67
E,6,48,34090,34334,244,76
C,6,47,34318,34560,242,72
G,5,36,33600,34560,960,67
A,4,36,33600,34560,960,57
C,5,36,33600,34560,960,60
E,5,36,33600,34560,960,64
C,5,37,34568,35520,952,60
D,6,37,34568,35520,952,74
F,5,37,34568,35520,952,65
A,5,37,34568,35520,952,69
E,6,40,35522,35998,476,76
B,4,40,35522,35998,476,59
A,5,40,35522,35998,476,69
F,5,40,35522,35998,476,65
A,5,40,36000,36456,456,69
B,4,40,36000,36456,456,59
D,5,40,36000,36456,456,62
F,5,40,36000,36456,456,65
E,5,26,36480,38164,1684,64
E,5,61,38220,38306,86,64
G,5,46,38280,38358,78,67
G,4,2,36480,38386,1906,55
C,6,70,38340,38396,56,72
A,4,40,36480,38396,1916,57
C,5,39,36480,38396,1916,60
E,5,40,38884,39006,122,64
A,5,52,39014,39068,54,69
C,6,46,39132,39174,42,72
E,6,54,39244,39286,42,76
G,4,42,38412,40152,1740,55
A,6,41,39370,40156,786,81
E,4,21,38408,40156,1748,52
A,4,32,38408,40160,1752,57
C,5,37,38408,40166,1758,60
B,4,32,40320,40930,610,59
G,4,32,40320,40930,610,55
E,5,32,40320,40930,610,64
D,5,32,40320,40930,610,62
G,5,44,40920,41046,126,67
E,5,38,41040,41166,126,64
D,5,48,41160,41280,120,62
C,5,40,41282,41758,476,60
A,4,40,41282,41758,476,57
G,5,40,41282,41758,476,67
E,5,40,41282,41758,476,64
A,5,40,41760,42216,456,69
C,5,40,41760,42216,456,60
E,5,40,41760,42216,456,64
G,5,40,41760,42216,456,67
E,6,40,42840,42960,120,76
C,6,44,42960,43076,116,72
G,5,36,43080,43138,58,67
G,5,40,42240,43200,960,67
C,6,40,42240,43200,960,72
E,5,40,42240,43200,960,64
A,4,40,42240,43200,960,57
A,5,44,43440,43702,262,69
F,6,43,43690,43934,244,77
D,6,42,43918,44160,242,74
A,5,31,43200,44160,960,69
F,4,31,43200,44160,960,53
C,5,31,43200,44160,960,60
E,5,31,43200,44160,960,64
F,4,37,44168,45120,952,53
A,5,37,44168,45120,952,69
B,4,37,44168,45120,952,59
E,5,37,44168,45120,952,64
G,5,33,45120,45824,704,67
E,4,33,45120,45824,704,52
C,5,33,45120,45824,704,60
A,4,33,45120,45824,704,57
C,5,44,45840,45944,104,60
E,5,43,45900,45998,98,64
G,5,29,45960,46028,68,67
C,6,52,46020,46080,60,72
G,5,40,46082,46558,476,67
E,4,40,46082,46558,476,52
C,5,40,46082,46558,476,60
A,4,40,46082,46558,476,57
G,5,40,46560,47016,456,67
A,4,40,46560,47016,456,57
C,5,40,46560,47016,456,60
E,5,40,46560,47016,456,64
F,5,32,47040,47650,610,65
D,5,32,47040,47650,610,62
A#,5,44,47640,47650,10,70
A#,4,32,47040,47650,610,58
A#,5,32,47040,47766,726,70
F,5,38,47760,47886,126,65
D,5,48,47880,48000,120,62
F,5,31,48244,48530,286,65
F,6,48,48486,48720,234,77
D,6,43,48724,48938,214,74
F,5,39,48006,48960,954,65
A#,4,39,48006,48960,954,58
A#,5,39,48006,48960,954,70
D,5,39,48006,48960,954,62
G,5,44,49200,49462,262,67
E,6,43,49450,49694,244,76
C,6,42,49678,49920,242,72
G,5,31,48960,49920,960,67
A,4,31,48960,49920,960,57
C,6,31,48960,49920,960,72
E,5,31,48960,49920,960,64
E,6,40,50520,50640,120,76
C,6,44,50640,50756,116,72
G,5,36,50760,50818,58,67
G,5,40,49920,50880,960,67
C,6,40,49920,50880,960,72
A,4,40,49920,50880,960,57
E,5,40,49920,50880,960,64
A,5,45,51364,51486,122,69
D,6,57,51494,51548,54,74
F,6,51,51612,51654,42,77
A,6,59,51724,51766,42,81
C,5,47,50892,52632,1740,60
D,7,46,51850,52636,786,86
A,4,26,50888,52636,1748,57
D,5,37,50888,52640,1752,62
F,5,42,50888,52646,1758,65
A,4,47,52812,53280,468,57
C,5,37,52808,53280,472,60
G,4,26,52808,53280,472,55
E,5,42,52808,53280,472,64
F,5,45,53288,53760,472,65
A,5,45,53288,53760,472,69
B,4,45,53288,53760,472,59
D,5,45,53288,53760,472,62
D,6,56,54356,54494,138,74
A,5,41,54480,54632,152,69
B,5,39,54596,54720,124,71
A,5,46,53762,54720,958,69
F,5,46,53762,54720,958,65
B,4,46,53762,54720,958,59
E,5,46,53762,54720,958,64
C,6,56,55316,55454,138,72
G,5,41,55440,55592,152,67
A,5,39,55556,55680,124,69
G,5,46,54722,55680,958,67
C,6,46,54722,55680,958,72
A,4,46,54722,55680,958,57
E,5,46,54722,55680,958,64
G,5,45,55688,56640,952,67
A#,5,45,55688,56640,952,70
D,5,45,55688,56640,952,62
F,6,45,55688,56640,952,77
G,5,49,56880,57142,262,67
E,6,48,57130,57374,244,76
C,6,47,57358,57600,242,72
G,5,36,56640,57600,960,67
A,4,36,56640,57600,960,57
C,6,36,56640,57600,960,72
E,5,36,56640,57600,960,64
A#,5,56,58196,58334,138,70
F,5,41,58320,58472,152,65
G,5,39,58436,58560,124,67
F,5,46,57602,58560,958,65
G,4,46,57602,58560,958,55
A#,4,46,57602,58560,958,58
D,5,46,57602,58560,958,62
G,5,49,58800,59062,262,67
E,6,48,59050,59294,244,76
C,6,47,59278,59520,242,72
G,5,36,58560,59520,960,67
A,4,36,58560,59520,960,57
C,5,36,58560,59520,960,60
E,5,36,58560,59520,960,64
A,4,45,59536,61288,1752,57
C,6,45,59536,61288,1752,72
E,5,45,59536,61288,1752,64
G,5,45,59536,61288,1752,67
A,4,107,2284,2422,138,57
D,5,107,2426,2616,190,62
D,5,107,2656,3396,740,62
D,5,107,3500,3664,164,62
E,5,107,3662,3756,94,64
F,5,107,3754,3868,114,65
E,5,107,3856,4212,356,64
C,5,107,4204,4352,148,60
G,4,107,4354,5798,1444,55
C,5,107,6128,6244,116,60
E,5,107,6250,6568,318,64
E,5,107,6606,6750,144,64
F,5,107,6750,6904,154,65
E,5,107,6902,7666,764,64
G,5,107,7686,7906,220,67
G,5,107,7944,8054,110,67
G,5,107,8070,8180,110,67
G,5,107,8180,8290,110,67
A,5,107,8306,8434,128,69
G,5,107,8412,8498,86,67
F,5,107,8492,8578,86,65
E,5,107,8556,8666,110,64
F,5,107,8654,10344,1690,65
G,4,107,10344,10454,110,55
G,4,107,10468,10584,116,55
G,5,107,10590,10774,184,67
G,5,107,10818,10928,110,67
G,5,107,10950,11056,106,67
F,5,107,11078,11226,148,65
E,5,107,11232,12250,1018,64
E,5,107,12302,12412,110,64
D,5,107,12394,12508,114,62
E,5,107,12498,12838,340,64
C,5,107,12840,12980,140,60
G,4,107,12978,14334,1356,55
G,4,107,14400,14570,170,55
A,4,107,14556,14694,138,57
A#,4,107,14684,15880,1196,58
G,4,107,15856,15944,88,55
G,4,107,15982,16082,100,55
A,4,107,16094,16254,160,57
G,4,107,16252,16352,100,55
G,4,107,16398,18232,1834,55
A,4,107,18604,18742,138,57
D,5,107,18746,18936,190,62
D,5,107,18976,19716,740,62
D,5,107,19820,19984,164,62
E,5,107,19982,20076,94,64
F,5,107,20074,20188,114,65
E,5,107,20176,20532,356,64
C,5,107,20524,20672,148,60
G,4,107,20674,22118,1444,55
C,5,107,22448,22564,116,60
E,5,107,22570,22888,318,64
E,5,107,22926,23070,144,64
F,5,107,23070,23224,154,65
E,5,107,23222,23986,764,64
G,5,107,24006,24226,220,67
G,5,107,24264,24374,110,67
G,5,107,24390,24500,110,67
G,5,107,24500,24610,110,67
A,5,107,24626,24754,128,69
G,5,107,24732,24818,86,67
F,5,107,24812,24898,86,65
E,5,107,24876,24980,104,64
F,5,107,24974,26664,1690,65
G,4,107,26664,26742,78,55
G,4,107,26788,26904,116,55
G,5,107,26910,27094,184,67
G,5,107,27138,27224,86,67
G,5,107,27270,27376,106,67
F,5,107,27398,27546,148,65
E,5,107,27552,28570,1018,64
E,5,107,28622,28718,96,64
D,5,107,28714,28828,114,62
E,5,107,28818,29158,340,64
C,5,107,29160,29300,140,60
G,4,107,29298,30654,1356,55
G,4,107,30720,30890,170,55
A,4,107,30876,31014,138,57
A#,4,107,31004,32200,1196,58
G,4,107,32176,32264,88,55
G,4,107,32302,32402,100,55
A,4,107,32414,32574,160,57
G,4,107,32572,32672,100,55
G,4,107,32718,34552,1834,55
A,4,107,34924,35062,138,57
D,5,107,35066,35256,190,62
D,5,107,35296,36036,740,62
D,5,107,36140,36304,164,62
E,5,107,36302,36396,94,64
F,5,107,36394,36508,114,65
E,5,107,36496,36852,356,64
C,5,107,36844,36992,148,60
G,4,107,36994,38438,1444,55
C,5,107,38768,38884,116,60
E,5,107,38890,39208,318,64
E,5,107,39246,39390,144,64
F,5,107,39390,39544,154,65
E,5,107,39542,40306,764,64
G,5,107,40326,40546,220,67
G,5,107,40584,40694,110,67
G,5,107,40710,40820,110,67
G,5,107,40820,40920,100,67
A,5,107,40946,41074,128,69
G,5,107,41052,41138,86,67
F,5,107,41132,41218,86,65
E,5,107,41196,41300,104,64
F,5,107,41294,42984,1690,65
G,4,107,42984,43062,78,55
G,4,107,43108,43224,116,55
G,5,107,43230,43414,184,67
G,5,107,43458,43544,86,67
G,5,107,43590,43696,106,67
F,5,107,43718,43866,148,65
E,5,107,43872,44890,1018,64
E,5,107,44942,45038,96,64
D,5,107,45034,45148,114,62
E,5,107,45138,45478,340,64
C,5,107,45480,45620,140,60
G,4,107,45618,46974,1356,55
G,4,107,47040,47210,170,55
A,4,107,47196,47334,138,57
A#,4,107,47324,48520,1196,58
G,4,107,48496,48584,88,55
G,4,107,48622,48722,100,55
A,4,107,48734,48894,160,57
G,4,107,48892,48992,100,55
G,4,107,49038,50872,1834,55
A,4,107,51240,51366,126,57
D,5,107,51378,51578,200,62
D,5,107,51622,52268,646,62
D,5,107,52328,52490,162,62
E,5,107,52500,52666,166,64
F,5,107,52658,52812,154,65
E,5,107,52816,53184,368,64
F,5,107,53172,53320,148,65
D,5,107,53324,54712,1388,62
C,5,107,55084,55196,112,60
C,5,107,55242,55994,752,60
D,5,107,56166,56730,564,62
E,5,107,57010,57124,114,64
E,5,107,57164,57618,454,64
F,5,107,57614,58366,752,65
G,5,107,58396,58514,118,67
G,5,107,58566,60390,1824,67