letter,octave,velocity,time_on,time_off,duration,note_number
A,5,117,60,90,30,69
A,5,117,120,150,30,69
A,5,117,300,330,30,69
A,5,117,360,390,30,69
G,5,117,420,450,30,67
A,5,117,480,510,30,69
A,5,117,540,570,30,69
A,5,117,600,630,30,69
G,5,117,660,780,120,67
A,5,117,780,810,30,69
A#,5,117,810,840,30,70
A,5,117,840,870,30,69
G,5,117,900,930,30,67
A,5,117,960,990,30,69
A,5,117,1020,1050,30,69
A,5,117,1080,1110,30,69
G,5,117,1140,1260,120,67
A,5,117,1260,1290,30,69
A#,5,117,1290,1320,30,70
A,5,117,1320,1350,30,69
G,5,117,1380,1410,30,67
A,5,117,1440,1470,30,69
A,5,117,1500,1530,30,69
A,5,117,1560,1590,30,69
G,5,117,1620,1740,120,67
A,5,117,1740,1770,30,69
A#,5,117,1770,1800,30,70
A,5,117,1800,1830,30,69
G,5,117,1860,1890,30,67
A,5,117,1920,1950,30,69
A,5,117,1980,2010,30,69
A,5,117,2040,2070,30,69
G,5,117,2100,2220,120,67
A,5,117,2220,2250,30,69
A#,5,117,2250,2280,30,70
A,5,117,2280,2310,30,69
G,5,117,2340,2370,30,67
A,5,117,2400,2430,30,69
A,5,117,2460,2490,30,69
A,5,117,2520,2550,30,69
G,5,117,2580,2700,120,67
A,5,117,2700,2730,30,69
A#,5,117,2730,2760,30,70
A,5,117,2760,2790,30,69
G,5,117,2820,2850,30,67
A,5,117,2880,3240,360,69
A,5,117,14640,14670,30,69
A,5,117,14700,14730,30,69
A,5,117,14760,14790,30,69
G,5,117,14820,14940,120,67
A,5,117,14940,14970,30,69
A#,5,117,14970,15000,30,70
A,5,117,15000,15030,30,69
G,5,117,15060,15090,30,67
A,5,117,15120,15150,30,69
A,5,117,15180,15210,30,69
A,5,117,15240,15270,30,69
G,5,117,15300,15420,120,67
A,5,117,15420,15450,30,69
A#,5,117,15450,15480,30,70
A,5,117,15480,15510,30,69
G,5,117,15540,15570,30,67
A,5,117,15600,15630,30,69
A,5,117,15660,15690,30,69
A,5,117,15720,15750,30,69
G,5,117,15780,15900,120,67
A,5,117,15900,15930,30,69
A#,5,117,15930,15960,30,70
A,5,117,15960,15990,30,69
G,5,117,16020,16050,30,67
A,5,117,16080,16110,30,69
A,5,117,16140,16170,30,69
A,5,117,16200,16230,30,69
G,5,117,16260,16380,120,67
A,5,117,16380,16410,30,69
A#,5,117,16410,16440,30,70
A,5,117,16440,16470,30,69
G,5,117,16500,16530,30,67
A,5,117,16560,16590,30,69
A,5,117,16620,16650,30,69
A,5,117,16680,16710,30,69
G,5,117,16740,16860,120,67
A,5,117,16860,16890,30,69
A#,5,117,16890,16920,30,70
A,5,117,16920,16950,30,69
G,5,117,16980,17010,30,67
A,5,117,17040,17070,30,69
A,5,117,17100,17130,30,69
A,5,117,17160,17190,30,69
G,5,117,17220,17340,120,67
A,5,117,17340,17370,30,69
A#,5,117,17370,17400,30,70
A,5,117,17400,17430,30,69
G,5,117,17460,17490,30,67
A,5,117,17520,17880,360,69
A,5,117,29340,29400,60,69
A,5,117,29400,29430,30,69
A,5,117,29280,29460,180,69
G,5,117,29460,29580,120,67
A,5,117,29580,29610,30,69
A#,5,117,29610,29640,30,70
A,5,117,29640,29670,30,69
G,5,117,29700,29730,30,67
A,5,117,29760,29790,30,69
A,5,117,29820,29850,30,69
A,5,117,29880,29910,30,69
G,5,117,29940,30060,120,67
A,5,117,30060,30090,30,69
A#,5,117,30090,30120,30,70
A,5,117,30120,30150,30,69
G,5,117,30180,30210,30,67
A,5,117,30240,30270,30,69
A,5,117,30300,30330,30,69
A,5,117,30360,30390,30,69
G,5,117,30420,30540,120,67
A,5,117,30540,30570,30,69
A#,5,117,30570,30600,30,70
A,5,117,30600,30630,30,69
G,5,117,30660,30690,30,67
A,5,117,30720,30750,30,69
A,5,117,30780,30810,30,69
A,5,117,30840,30870,30,69
G,5,117,30900,31020,120,67
A,5,117,31020,31050,30,69
A#,5,117,31050,31080,30,70
A,5,117,31080,31110,30,69
G,5,117,31140,31170,30,67
A,5,117,31200,31230,30,69
A,5,117,31260,31290,30,69
A,5,117,31320,31350,30,69
G,5,117,31380,31500,120,67
A,5,117,31500,31530,30,69
A#,5,117,31530,31560,30,70
A,5,117,31560,31590,30,69
G,5,117,31620,31650,30,67
A,5,117,31680,31710,30,69
A,5,117,31740,31770,30,69
A,5,117,31800,31830,30,69
G,5,117,31860,31980,120,67
A,5,117,31980,32010,30,69
A#,5,117,32010,32040,30,70
A,5,117,32040,32070,30,69
G,5,117,32100,32130,30,67
A,5,117,32160,32190,30,69
A,5,117,32220,32250,30,69
A,5,117,32280,32310,30,69
G,5,117,32340,32460,120,67
A,5,117,32460,32490,30,69
A#,5,117,32490,32520,30,70
A,5,117,32520,32550,30,69
G,5,117,32580,32610,30,67
A,5,117,32640,32670,30,69
A,5,117,32700,32730,30,69
A,5,117,32760,32790,30,69
G,5,117,32820,32940,120,67
A,5,117,32940,32970,30,69
A#,5,117,32970,33000,30,70
A,5,117,33000,33030,30,69
G,5,117,33060,33090,30,67
D,6,127,33195,33201,6,74
E,6,127,33225,33231,6,76
E,6,117,33360,33480,120,76
E,6,117,33480,33600,120,76
E,6,117,33600,33720,120,76
E,6,117,33720,33750,30,76
E,6,117,33780,33900,120,76
E,6,117,33960,34080,120,76
A,5,117,34080,34110,30,69
A,5,117,34140,34170,30,69
A,5,117,34200,34230,30,69
G,5,117,34260,34380,120,67
A,5,117,34380,34410,30,69
A#,5,117,34410,34440,30,70
A,5,117,34440,34470,30,69
G,5,117,34500,34530,30,67
A,5,117,34560,34590,30,69
A,5,117,34620,34650,30,69
A,5,117,34680,34710,30,69
G,5,117,34740,34860,120,67
A,5,117,34860,34890,30,69
A#,5,117,34890,34920,30,70
A,5,117,34920,34950,30,69
D,6,117,35022,35033,11,74
D#,6,117,35040,35051,11,75
E,6,36,35051,35061,10,76
F,6,117,35340,35460,120,77
F,6,117,35520,35640,120,77
F,6,117,35700,35820,120,77
F,6,117,35820,35850,30,77
F,6,117,35880,35910,30,77
E,6,117,35940,35970,30,76
E,6,117,36000,36120,120,76
D,6,117,36180,36300,120,74
D,6,117,36360,36480,120,74
D,6,117,36480,36600,120,74
D,6,117,36660,36780,120,74
D,6,117,36780,36810,30,74
D,6,117,36840,36870,30,74
D,6,117,36900,36930,30,74
D,6,117,36960,36990,30,74
E,6,117,37020,37140,120,76
E,6,117,37140,37260,120,76
E,6,117,37320,37440,120,76
E,6,117,37440,37560,120,76
E,6,117,37620,37740,120,76
E,6,117,37800,37830,30,76
E,6,117,37860,37890,30,76
A,5,117,37920,37950,30,69
A,5,117,37980,38010,30,69
A,5,117,38040,38070,30,69
G,5,117,38100,38220,120,67
A,5,117,38220,38250,30,69
A#,5,117,38250,38280,30,70
A,5,117,38280,38310,30,69
G,5,117,38340,38370,30,67
A,5,117,38400,38430,30,69
A,5,117,38460,38490,30,69
A,5,117,38520,38550,30,69
G,5,117,38580,38700,120,67
A,5,117,38700,38730,30,69
A#,5,117,38730,38760,30,70
A,5,117,38760,38790,30,69
C,6,117,38827,38838,11,72
C#,6,117,38845,38856,11,73
D,6,117,38862,38873,11,74
D#,6,117,38880,38891,11,75
E,6,36,38891,38901,10,76
F,6,117,38910,39150,240,77
F,6,117,39180,39300,120,77
F,6,117,39360,39480,120,77
F,6,117,39540,39660,120,77
F,6,117,39660,39690,30,77
F,6,117,39720,39750,30,77
E,6,117,39780,39810,30,76
E,6,117,39840,39960,120,76
D,6,117,40020,40140,120,74
D,6,117,40200,40320,120,74
D,6,117,40320,40440,120,74
D,6,117,40500,40620,120,74
D,6,117,40620,40650,30,74
D,6,117,40680,40710,30,74
D#,6,117,40740,40770,30,75
E,6,117,40800,40920,120,76
E,6,117,40980,41100,120,76
E,6,117,41160,41280,120,76
E,6,117,41280,41400,120,76
E,6,117,41460,41580,120,76
E,6,117,41580,41610,30,76
E,6,117,41640,41760,120,76
A,5,117,41760,41790,30,69
A,5,117,41820,41850,30,69
A,5,117,41880,41910,30,69
G,5,117,41940,42060,120,67
A,5,117,42060,42090,30,69
A#,5,117,42090,42120,30,70
A,5,117,42120,42150,30,69
G,5,117,42180,42210,30,67
A,5,117,42240,42270,30,69
A,5,117,42300,42330,30,69
A,5,117,42360,42390,30,69
G,5,117,42420,42540,120,67
A,5,117,42540,42570,30,69
A#,5,117,42570,42600,30,70
A,5,117,42600,42630,30,69
G,5,117,42660,42690,30,67
A,5,117,42720,43080,360,69
A,5,107,0,30,30,69
A,5,107,60,90,30,69
A,5,107,120,150,30,69
A,5,107,300,330,30,69
A#,5,107,330,360,30,70
A,5,107,360,390,30,69
G,5,107,180,420,240,67
G,5,107,420,450,30,67
A,5,107,480,510,30,69
A,5,107,540,570,30,69
A,5,107,600,630,30,69
A,5,107,780,810,30,69
A#,5,107,810,840,30,70
A,5,107,840,870,30,69
G,5,107,660,900,240,67
G,5,107,900,930,30,67
A,5,107,960,990,30,69
A,5,107,1020,1050,30,69
A,5,107,1080,1110,30,69
A,5,107,1260,1290,30,69
A#,5,107,1290,1320,30,70
A,5,107,1320,1350,30,69
G,5,107,1140,1380,240,67
G,5,107,1380,1410,30,67
A,5,107,1440,1470,30,69
A,5,107,1500,1530,30,69
A,5,107,1560,1590,30,69
A,5,107,1740,1770,30,69
A#,5,107,1770,1800,30,70
A,5,107,1800,1830,30,69
G,5,107,1620,1860,240,67
G,5,107,1860,1890,30,67
A,5,107,1920,1950,30,69
A,5,107,1980,2010,30,69
A,5,107,2040,2070,30,69
A,5,107,2220,2250,30,69
A#,5,107,2250,2280,30,70
A,5,107,2280,2310,30,69
G,5,107,2100,2340,240,67
G,5,107,2340,2370,30,67
A,5,107,2400,2430,30,69
A,5,107,2460,2490,30,69
A,5,107,2520,2550,30,69
A,5,107,2700,2730,30,69
A#,5,107,2730,2760,30,70
A,5,107,2760,2790,30,69
G,5,107,2580,2820,240,67
G,5,107,2820,2850,30,67
A,5,107,2880,3360,480,69
A,5,107,14640,14670,30,69
A,5,107,14700,14730,30,69
A,5,107,14760,14790,30,69
A,5,107,14940,14970,30,69
A#,5,107,14970,15000,30,70
A,5,107,15000,15030,30,69
G,5,107,14820,15060,240,67
G,5,107,15060,15090,30,67
A,5,107,15120,15150,30,69
A,5,107,15180,15210,30,69
A,5,107,15240,15270,30,69
A,5,107,15420,15450,30,69
A#,5,107,15450,15480,30,70
A,5,107,15480,15510,30,69
G,5,107,15300,15540,240,67
G,5,107,15540,15570,30,67
A,5,107,15600,15630,30,69
A,5,107,15660,15690,30,69
A,5,107,15720,15750,30,69
A,5,107,15900,15930,30,69
A#,5,107,15930,15960,30,70
A,5,107,15960,15990,30,69
G,5,107,15780,16020,240,67
G,5,107,16020,16050,30,67
A,5,107,16080,16110,30,69
A,5,107,16140,16170,30,69
A,5,107,16200,16230,30,69
A,5,107,16380,16410,30,69
A#,5,107,16410,16440,30,70
A,5,107,16440,16470,30,69
G,5,107,16260,16500,240,67
G,5,107,16500,16530,30,67
A,5,107,16560,16590,30,69
A,5,107,16620,16650,30,69
A,5,107,16680,16710,30,69
A,5,107,16860,16890,30,69
A#,5,107,16890,16920,30,70
A,5,107,16920,16950,30,69
G,5,107,16740,16980,240,67
G,5,107,16980,17010,30,67
A,5,107,17040,17070,30,69
A,5,107,17100,17130,30,69
A,5,107,17160,17190,30,69
A,5,107,17340,17370,30,69
A#,5,107,17370,17400,30,70
A,5,107,17400,17430,30,69
G,5,107,17220,17460,240,67
G,5,107,17460,17490,30,67
A,5,107,17520,18000,480,69
A,5,107,29400,29430,30,69
E,5,107,29280,29520,240,64
A,5,107,29340,29520,180,69
A,4,107,29280,29520,240,57
A,5,107,29280,29580,300,69
A,5,107,29580,29610,30,69
A#,5,107,29610,29640,30,70
A,5,107,29640,29670,30,69
G,5,107,29460,29700,240,67
G,5,107,29700,29730,30,67
A,5,107,29760,29790,30,69
A,5,107,29820,29850,30,69
A,5,107,29880,29910,30,69
A,5,107,30060,30090,30,69
A#,5,107,30090,30120,30,70
A,5,107,30120,30150,30,69
G,5,107,29940,30180,240,67
G,5,107,30180,30210,30,67
A,5,107,30240,30270,30,69
A,5,107,30300,30330,30,69
A,5,107,30360,30390,30,69
A,5,107,30540,30570,30,69
A#,5,107,30570,30600,30,70
A,5,107,30600,30630,30,69
G,5,107,30420,30660,240,67
G,5,107,30660,30690,30,67
A,5,107,30720,30750,30,69
A,5,107,30780,30810,30,69
A,5,107,30840,30870,30,69
A,5,107,31020,31050,30,69
A#,5,107,31050,31080,30,70
A,5,107,31080,31110,30,69
G,5,107,30900,31140,240,67
G,5,107,31140,31170,30,67
A,5,107,31200,31230,30,69
A,5,107,31260,31290,30,69
A,5,107,31320,31350,30,69
A,5,107,31500,31530,30,69
A#,5,107,31530,31560,30,70
A,5,107,31560,31590,30,69
G,5,107,31380,31620,240,67
G,5,107,31620,31650,30,67
A,5,107,31680,31710,30,69
A,5,107,31740,31770,30,69
A,5,107,31800,31830,30,69
A,5,107,31980,32010,30,69
A#,5,107,32010,32040,30,70
A,5,107,32040,32070,30,69
G,5,107,31860,32100,240,67
G,5,107,32100,32130,30,67
A,5,107,32160,32190,30,69
A,5,107,32220,32250,30,69
A,5,107,32280,32310,30,69
A,5,107,32460,32490,30,69
A#,5,107,32490,32520,30,70
A,5,107,32520,32550,30,69
G,5,107,32340,32580,240,67
G,5,107,32580,32610,30,67
A,5,107,32640,32670,30,69
A,5,107,32700,32730,30,69
A,5,107,32760,32790,30,69
A,5,107,32940,32970,30,69
A#,5,107,32970,33000,30,70
A,5,107,33000,33030,30,69
G,5,107,32820,33060,240,67
G,5,107,33060,33090,30,67
D,6,106,33180,33186,6,74
D,6,106,33195,33201,6,74
E,6,106,33210,33216,6,76
E,6,106,33225,33231,6,76
D#,6,106,33240,33480,240,75
E,6,107,33480,33600,120,76
E,6,107,33600,33720,120,76
E,6,107,33720,33750,30,76
E,6,107,33780,33840,60,76
E,6,107,33960,34020,60,76
A,5,107,34080,34110,30,69
A,5,107,34140,34170,30,69
E,6,125,33360,34200,840,76
A,5,107,34200,34230,30,69
A,5,107,34380,34410,30,69
A#,5,107,34410,34440,30,70
A,5,107,34440,34470,30,69
G,5,107,34260,34500,240,67
G,5,107,34500,34530,30,67
A,5,107,34560,34590,30,69
A,5,107,34620,34650,30,69
A,5,107,34680,34710,30,69
A,5,107,34860,34890,30,69
A#,5,107,34890,34920,30,70
A,5,107,34920,34950,30,69
G,5,107,34740,34980,240,67
C,6,107,34987,34998,11,72
C#,6,107,35005,35016,11,73
D,6,107,35022,35033,11,74
D#,6,107,35040,35051,11,75
E,6,32,35051,35061,10,76
F,6,107,35070,35310,240,77
F,6,107,35520,35580,60,77
F,6,107,35700,35760,60,77
F,6,107,35820,35850,30,77
F,6,107,35880,35910,30,77
F,6,107,35340,35940,600,77
E,6,107,35940,35970,30,76
E,6,107,36000,36240,240,76
D,6,107,36360,36420,60,74
D,6,107,36480,36600,120,74
D,6,107,36660,36720,60,74
D,6,107,36780,36810,30,74
D,6,107,36840,36870,30,74
D,6,107,36180,36900,720,74
D,6,107,36900,36930,30,74
D,6,107,36960,36990,30,74
E,6,107,37140,37260,120,76
E,6,107,37320,37380,60,76
E,6,107,37440,37560,120,76
E,6,107,37620,37680,60,76
E,6,107,37800,37830,30,76
E,6,107,37020,37860,840,76
E,6,107,37860,37890,30,76
A,5,107,37920,37950,30,69
A,5,107,37980,38010,30,69
A,5,107,38040,38070,30,69
A,5,107,38220,38250,30,69
A#,5,107,38250,38280,30,70
A,5,107,38280,38310,30,69
G,5,107,38100,38340,240,67
G,5,107,38340,38370,30,67
A,5,107,38400,38430,30,69
A,5,107,38460,38490,30,69
A,5,107,38520,38550,30,69
A,5,107,38700,38730,30,69
A#,5,107,38730,38760,30,70
A,5,107,38760,38790,30,69
G,5,107,38580,38820,240,67
C,6,107,38827,38838,11,72
C#,6,107,38845,38856,11,73
D,6,107,38862,38873,11,74
D#,6,107,38880,38891,11,75
E,6,32,38891,38901,10,76
F,6,107,38910,39150,240,77
F,6,107,39360,39420,60,77
F,6,107,39540,39600,60,77
F,6,107,39660,39690,30,77
F,6,107,39720,39750,30,77
F,6,107,39180,39780,600,77
E,6,107,39780,39810,30,76
E,6,107,39840,40080,240,76
D,6,107,40200,40260,60,74
D,6,107,40320,40440,120,74
D,6,107,40500,40560,60,74
D,6,107,40620,40650,30,74
D,6,107,40680,40710,30,74
D,6,107,40020,40740,720,74
D#,6,107,40740,40770,30,75
E,6,107,40980,41040,60,76
E,6,107,41160,41220,60,76
E,6,107,41280,41400,120,76
E,6,107,41460,41520,60,76
E,6,107,41580,41610,30,76
E,6,107,41640,41700,60,76
A,5,107,41760,41790,30,69
A,5,107,41820,41850,30,69
E,6,107,40800,41880,1080,76
A,5,107,41880,41910,30,69
A,5,107,42060,42090,30,69
A#,5,107,42090,42120,30,70
A,5,107,42120,42150,30,69
G,5,107,41940,42180,240,67
G,5,107,42180,42210,30,67
A,5,107,42240,42270,30,69
A,5,107,42300,42330,30,69
A,5,107,42360,42390,30,69
A,5,107,42540,42570,30,69
A#,5,107,42570,42600,30,70
A,5,107,42600,42630,30,69
G,5,107,42420,42660,240,67
G,5,107,42660,42690,30,67
A,5,107,42720,43080,360,69
A,5,108,1920,1960,40,69
F,6,108,1920,1960,40,77
C,6,108,1920,1960,40,72
A,5,108,1980,2020,40,69
F,6,108,1980,2020,40,77
F,5,108,1980,2020,40,65
C,6,108,1980,2020,40,72
A,5,108,2040,2080,40,69
F,6,108,2040,2080,40,77
F,5,108,2040,2080,40,65
C,6,108,2040,2080,40,72
F,6,108,2100,2180,80,77
C,6,108,2100,2180,80,72
G,5,108,2100,2180,80,67
F,5,108,2100,2180,80,65
F,6,108,2220,2300,80,77
C,6,108,2220,2300,80,72
G,5,108,2220,2300,80,67
F,5,108,2220,2300,80,65
F,6,108,2340,2380,40,77
C,6,108,2340,2380,40,72
G,5,108,2340,2380,40,67
F,5,108,2340,2380,40,65
A,5,108,2400,2440,40,69
F,6,108,2400,2440,40,77
F,5,108,2400,2440,40,65
C,6,108,2400,2440,40,72
A,5,108,2460,2500,40,69
F,6,108,2460,2500,40,77
F,5,108,2460,2500,40,65
C,6,108,2460,2500,40,72
A,5,108,2520,2560,40,69
F,6,108,2520,2560,40,77
F,5,108,2520,2560,40,65
C,6,108,2520,2560,40,72
F,6,108,2580,2660,80,77
C,6,108,2580,2660,80,72
G,5,108,2580,2660,80,67
F,5,108,2580,2660,80,65
F,6,108,2700,2780,80,77
C,6,108,2700,2780,80,72
G,5,108,2700,2780,80,67
F,5,108,2700,2780,80,65
F,6,108,2820,2860,40,77
C,6,108,2820,2860,40,72
G,5,108,2820,2860,40,67
F,5,108,2820,2860,40,65
F,6,108,2880,3200,320,77
D,6,108,2880,3200,320,74
A,5,108,2880,3200,320,69
C#,6,108,3840,3880,40,73
E,5,108,3840,3880,40,64
E,6,108,3840,3880,40,76
A,4,108,3840,3880,40,57
A,5,108,3840,3880,40,69
C#,6,108,3900,3940,40,73
E,5,108,3900,3940,40,64
E,6,108,3900,3940,40,76
A,4,108,3900,3940,40,57
A,5,108,3900,3940,40,69
A,4,108,4020,4100,80,57
C#,6,108,4020,4100,80,73
E,6,108,4020,4100,80,76
A,5,108,4020,4100,80,69
E,5,108,4020,4100,80,64
E,5,108,4140,4220,80,64
A,5,108,4140,4220,80,69
E,6,108,4140,4220,80,76
C#,6,108,4140,4220,80,73
A,4,108,4140,4220,80,57
E,5,108,4260,4300,40,64
A,5,108,4260,4300,40,69
E,6,108,4260,4300,40,76
C#,6,108,4260,4300,40,73
A,4,108,4260,4300,40,57
C#,6,108,4320,4360,40,73
E,5,108,4320,4360,40,64
E,6,108,4320,4360,40,76
A,4,108,4320,4360,40,57
A,5,108,4320,4360,40,69
C#,6,108,4380,4420,40,73
E,5,108,4380,4420,40,64
E,6,108,4380,4420,40,76
A,4,108,4380,4420,40,57
A,5,108,4380,4420,40,69
A,4,108,4500,4580,80,57
C#,6,108,4500,4580,80,73
E,6,108,4500,4580,80,76
A,5,108,4500,4580,80,69
E,5,108,4500,4580,80,64
E,5,108,4620,4700,80,64
A,5,108,4620,4700,80,69
E,6,108,4620,4700,80,76
C#,6,108,4620,4700,80,73
A,4,108,4620,4700,80,57
E,5,108,4740,4780,40,64
A,5,108,4740,4780,40,69
E,6,108,4740,4780,40,76
C#,6,108,4740,4780,40,73
A,4,108,4740,4780,40,57
F,6,108,4800,4840,40,77
D,5,108,4800,4840,40,62
A,5,108,4800,4840,40,69
D,6,108,4800,4840,40,74
F,6,108,4860,4900,40,77
D,5,108,4860,4900,40,62
A,5,108,4860,4900,40,69
D,6,108,4860,4900,40,74
F,6,108,4980,5060,80,77
D,6,108,4980,5060,80,74
A,5,108,4980,5060,80,69
D,5,108,4980,5060,80,62
F,6,108,5100,5180,80,77
D,5,108,5100,5180,80,62
A,5,108,5100,5180,80,69
D,6,108,5100,5180,80,74
F,6,108,5220,5260,40,77
D,6,108,5220,5260,40,74
A,5,108,5220,5260,40,69
D,5,108,5220,5260,40,62
F,6,108,5280,5320,40,77
D,5,108,5280,5320,40,62
A,5,108,5280,5320,40,69
D,6,108,5280,5320,40,74
F,6,108,5340,5380,40,77
D,5,108,5340,5380,40,62
A,5,108,5340,5380,40,69
D,6,108,5340,5380,40,74
F,6,108,5460,5540,80,77
D,6,108,5460,5540,80,74
A,5,108,5460,5540,80,69
D,5,108,5460,5540,80,62
F,6,108,5580,5660,80,77
D,5,108,5580,5660,80,62
A,5,108,5580,5660,80,69
D,6,108,5580,5660,80,74
F,6,108,5700,5740,40,77
D,6,108,5700,5740,40,74
A,5,108,5700,5740,40,69
D,5,108,5700,5740,40,62
C#,6,108,5760,5800,40,73
E,5,108,5760,5800,40,64
E,6,108,5760,5800,40,76
A,4,108,5760,5800,40,57
A,5,108,5760,5800,40,69
C#,6,108,5820,5860,40,73
E,5,108,5820,5860,40,64
E,6,108,5820,5860,40,76
A,4,108,5820,5860,40,57
A,5,108,5820,5860,40,69
A,4,108,5940,6020,80,57
C#,6,108,5940,6020,80,73
E,6,108,5940,6020,80,76
A,5,108,5940,6020,80,69
E,5,108,5940,6020,80,64
E,5,108,6060,6140,80,64
A,5,108,6060,6140,80,69
E,6,108,6060,6140,80,76
C#,6,108,6060,6140,80,73
A,4,108,6060,6140,80,57
E,5,108,6180,6220,40,64
A,5,108,6180,6220,40,69
E,6,108,6180,6220,40,76
C#,6,108,6180,6220,40,73
A,4,108,6180,6220,40,57
C#,6,108,6240,6280,40,73
E,5,108,6240,6280,40,64
E,6,108,6240,6280,40,76
A,4,108,6240,6280,40,57
A,5,108,6240,6280,40,69
C#,6,108,6300,6340,40,73
E,5,108,6300,6340,40,64
E,6,108,6300,6340,40,76
A,4,108,6300,6340,40,57
A,5,108,6300,6340,40,69
A,4,108,6420,6500,80,57
C#,6,108,6420,6500,80,73
E,6,108,6420,6500,80,76
A,5,108,6420,6500,80,69
E,5,108,6420,6500,80,64
E,5,108,6540,6620,80,64
A,5,108,6540,6620,80,69
E,6,108,6540,6620,80,76
C#,6,108,6540,6620,80,73
A,4,108,6540,6620,80,57
A,5,108,6660,6700,40,69
A,4,108,6660,6700,40,57
E,6,108,6660,6700,40,76
C#,6,108,6660,6700,40,73
E,5,108,6660,6700,40,64
F,6,108,6720,6760,40,77
A,5,108,6720,6760,40,69
F,5,108,6720,6760,40,65
C,6,108,6720,6760,40,72
F,6,108,6780,6820,40,77
A,5,108,6780,6820,40,69
C,5,108,6780,6820,40,60
F,5,108,6780,6820,40,65
C,6,108,6780,6820,40,72
C,5,108,6900,6980,80,60
A,5,108,6900,6980,80,69
F,6,108,6900,6980,80,77
C,6,108,6900,6980,80,72
F,5,108,6900,6980,80,65
C,5,108,7020,7100,80,60
A,5,108,7020,7100,80,69
F,6,108,7020,7100,80,77
F,5,108,7020,7100,80,65
C,6,108,7020,7100,80,72
C,5,108,7140,7180,40,60
A,5,108,7140,7180,40,69
F,6,108,7140,7180,40,77
C,6,108,7140,7180,40,72
F,5,108,7140,7180,40,65
F,6,108,7200,7240,40,77
A,5,108,7200,7240,40,69
C,5,108,7200,7240,40,60
F,5,108,7200,7240,40,65
C,6,108,7200,7240,40,72
F,6,108,7260,7300,40,77
A,5,108,7260,7300,40,69
C,5,108,7260,7300,40,60
F,5,108,7260,7300,40,65
C,6,108,7260,7300,40,72
C,5,108,7380,7460,80,60
A,5,108,7380,7460,80,69
F,6,108,7380,7460,80,77
C,6,108,7380,7460,80,72
F,5,108,7380,7460,80,65
C,5,108,7500,7580,80,60
A,5,108,7500,7580,80,69
F,6,108,7500,7580,80,77
F,5,108,7500,7580,80,65
C,6,108,7500,7580,80,72
C,5,108,7620,7660,40,60
A,5,108,7620,7660,40,69
F,6,108,7620,7660,40,77
C,6,108,7620,7660,40,72
F,5,108,7620,7660,40,65
E,6,108,7680,7720,40,76
C,5,108,7680,7720,40,60
G,5,108,7680,7720,40,67
C,6,108,7680,7720,40,72
C,5,108,7740,7780,40,60
E,6,108,7740,7780,40,76
C,6,108,7740,7780,40,72
G,5,108,7740,7780,40,67
C,5,108,7860,7940,80,60
E,6,108,7860,7940,80,76
C,6,108,7860,7940,80,72
G,5,108,7860,7940,80,67
E,6,108,7980,8060,80,76
C,5,108,7980,8060,80,60
G,5,108,7980,8060,80,67
C,6,108,7980,8060,80,72
E,6,108,8100,8140,40,76
C,5,108,8100,8140,40,60
G,5,108,8100,8140,40,67
C,6,108,8100,8140,40,72
E,6,108,8160,8200,40,76
C,5,108,8160,8200,40,60
G,5,108,8160,8200,40,67
C,6,108,8160,8200,40,72
C,5,108,8220,8260,40,60
E,6,108,8220,8260,40,76
C,6,108,8220,8260,40,72
G,5,108,8220,8260,40,67
C,5,108,8340,8420,80,60
E,6,108,8340,8420,80,76
C,6,108,8340,8420,80,72
G,5,108,8340,8420,80,67
E,6,108,8460,8540,80,76
C,5,108,8460,8540,80,60
G,5,108,8460,8540,80,67
C,6,108,8460,8540,80,72
E,6,108,8580,8620,40,76
C,5,108,8580,8620,40,60
G,5,108,8580,8620,40,67
C,6,108,8580,8620,40,72
C#,6,108,8640,8680,40,73
E,5,108,8640,8680,40,64
E,6,108,8640,8680,40,76
A,4,108,8640,8680,40,57
A,5,108,8640,8680,40,69
C#,6,108,8700,8740,40,73
E,5,108,8700,8740,40,64
E,6,108,8700,8740,40,76
A,4,108,8700,8740,40,57
A,5,108,8700,8740,40,69
A,4,108,8820,8900,80,57
C#,6,108,8820,8900,80,73
E,6,108,8820,8900,80,76
A,5,108,8820,8900,80,69
E,5,108,8820,8900,80,64
E,5,108,8940,9020,80,64
A,5,108,8940,9020,80,69
E,6,108,8940,9020,80,76
C#,6,108,8940,9020,80,73
A,4,108,8940,9020,80,57
E,5,108,9060,9100,40,64
A,5,108,9060,9100,40,69
E,6,108,9060,9100,40,76
C#,6,108,9060,9100,40,73
A,4,108,9060,9100,40,57
C#,6,108,9120,9160,40,73
E,5,108,9120,9160,40,64
E,6,108,9120,9160,40,76
A,4,108,9120,9160,40,57
A,5,108,9120,9160,40,69
C#,6,108,9180,9220,40,73
E,5,108,9180,9220,40,64
E,6,108,9180,9220,40,76
A,4,108,9180,9220,40,57
A,5,108,9180,9220,40,69
F,6,108,9360,9440,80,77
D,6,108,9360,9440,80,74
A,5,108,9360,9440,80,69
D,5,108,9360,9440,80,62
D,5,108,9540,9640,100,62
F,6,108,9540,9640,100,77
D,6,108,9540,9640,100,74
A,5,108,9540,9640,100,69
F,6,108,9660,9700,40,77
D,5,108,9660,9700,40,62
A,5,108,9660,9700,40,69
D,6,108,9660,9700,40,74
F,6,108,9780,9860,80,77
D,6,108,9780,9860,80,74
A,5,108,9780,9860,80,69
D,5,108,9780,9860,80,62
F,6,108,9900,9980,80,77
D,5,108,9900,9980,80,62
A,5,108,9900,9980,80,69
D,6,108,9900,9980,80,74
F,6,108,10020,10060,40,77
D,6,108,10020,10060,40,74
A,5,108,10020,10060,40,69
D,5,108,10020,10060,40,62
F,6,108,10080,10120,40,77
D,5,108,10080,10120,40,62
A,5,108,10080,10120,40,69
D,6,108,10080,10120,40,74
F,6,108,10140,10180,40,77
D,5,108,10140,10180,40,62
A,5,108,10140,10180,40,69
D,6,108,10140,10180,40,74
F,6,108,10260,10340,80,77
D,6,108,10260,10340,80,74
A,5,108,10260,10340,80,69
D,5,108,10260,10340,80,62
C,5,127,11280,11320,40,60
D,5,127,11340,11380,40,62
E,5,127,11400,11440,40,64
F,5,127,11460,11500,40,65
G,5,127,11520,11560,40,67
A,5,127,11580,11620,40,69
A#,5,127,11640,11680,40,70
C,6,127,11700,11740,40,72
A,4,127,11880,11920,40,57
C,5,127,12000,12040,40,60
D,5,127,12060,12100,40,62
E,5,127,12120,12160,40,64
F,5,127,12180,12220,40,65
D,5,127,12240,12360,120,62
A#,4,127,12240,12360,120,58
A#,5,127,12240,12360,120,70
F,5,127,12240,12360,120,65
A#,4,127,12420,12460,40,58
A#,5,127,12420,12460,40,70
F,5,127,12420,12460,40,65
D,5,127,12420,12460,40,62
D,6,127,12480,12560,80,74
D,5,127,12480,12560,80,62
A#,4,127,12600,12680,80,58
A#,5,127,12600,12680,80,70
F,5,127,12600,12680,80,65
D,5,127,12600,12680,80,62
F,4,127,12720,12760,40,53
G,4,127,12780,12820,40,55
A,4,127,12840,12880,40,57
A#,4,127,12900,12940,40,58
C,5,127,12960,13000,40,60
D,5,127,13020,13060,40,62
E,5,127,13080,13120,40,64
F,5,127,13140,13180,40,65
C,5,127,13200,13240,40,60
D,5,127,13260,13300,40,62
E,5,127,13320,13360,40,64
F,5,127,13380,13420,40,65
G,5,127,13440,13480,40,67
A,5,127,13500,13540,40,69
A#,5,127,13560,13600,40,70
C,6,127,13620,13660,40,72
F,4,127,13680,13720,40,53
G,4,127,13740,13780,40,55
A,4,127,13800,13840,40,57
A#,4,127,13860,13900,40,58
C,5,127,13920,13960,40,60
D,5,127,13980,14020,40,62
E,5,127,14040,14080,40,64
F,5,127,14100,14140,40,65
D,5,127,14160,14280,120,62
A#,4,127,14160,14280,120,58
A#,5,127,14160,14280,120,70
F,5,127,14160,14280,120,65
A#,4,127,14340,14380,40,58
A#,5,127,14340,14380,40,70
F,5,127,14340,14380,40,65
D,5,127,14340,14380,40,62
D,6,127,14400,14480,80,74
D,5,127,14400,14480,80,62
A#,4,127,14520,14600,80,58
A#,5,127,14520,14600,80,70
F,5,127,14520,14600,80,65
D,5,127,14520,14600,80,62
A,5,108,16560,16600,40,69
F,6,108,16560,16600,40,77
F,5,108,16560,16600,40,65
C,6,108,16560,16600,40,72
A,5,108,16620,16660,40,69
F,6,108,16620,16660,40,77
F,5,108,16620,16660,40,65
C,6,108,16620,16660,40,72
A,5,108,16680,16720,40,69
F,6,108,16680,16720,40,77
F,5,108,16680,16720,40,65
C,6,108,16680,16720,40,72
F,6,108,16740,16820,80,77
C,6,108,16740,16820,80,72
G,5,108,16740,16820,80,67
F,5,108,16740,16820,80,65
F,6,108,16860,16940,80,77
C,6,108,16860,16940,80,72
G,5,108,16860,16940,80,67
F,5,108,16860,16940,80,65
F,6,108,16980,17020,40,77
C,6,108,16980,17020,40,72
G,5,108,16980,17020,40,67
F,5,108,16980,17020,40,65
A,5,108,17040,17080,40,69
F,6,108,17040,17080,40,77
F,5,108,17040,17080,40,65
C,6,108,17040,17080,40,72
A,5,108,17100,17140,40,69
F,6,108,17100,17140,40,77
F,5,108,17100,17140,40,65
C,6,108,17100,17140,40,72
A,5,108,17160,17200,40,69
F,6,108,17160,17200,40,77
F,5,108,17160,17200,40,65
C,6,108,17160,17200,40,72
F,6,108,17220,17300,80,77
C,6,108,17220,17300,80,72
G,5,108,17220,17300,80,67
F,5,108,17220,17300,80,65
F,6,108,17340,17420,80,77
C,6,108,17340,17420,80,72
G,5,108,17340,17420,80,67
F,5,108,17340,17420,80,65
F,6,108,17460,17500,40,77
C,6,108,17460,17500,40,72
G,5,108,17460,17500,40,67
F,5,108,17460,17500,40,65
D,5,108,17520,17840,320,62
F,6,108,17520,17840,320,77
D,6,108,17520,17840,320,74
A,5,108,17520,17840,320,69
C#,6,108,18480,18520,40,73
E,5,108,18480,18520,40,64
E,6,108,18480,18520,40,76
A,4,108,18480,18520,40,57
A,5,108,18480,18520,40,69
C#,6,108,18540,18580,40,73
E,5,108,18540,18580,40,64
E,6,108,18540,18580,40,76
A,4,108,18540,18580,40,57
A,5,108,18540,18580,40,69
A,4,108,18660,18740,80,57
C#,6,108,18660,18740,80,73
E,6,108,18660,18740,80,76
A,5,108,18660,18740,80,69
E,5,108,18660,18740,80,64
E,5,108,18780,18860,80,64
A,5,108,18780,18860,80,69
E,6,108,18780,18860,80,76
C#,6,108,18780,18860,80,73
A,4,108,18780,18860,80,57
E,5,108,18900,18940,40,64
A,5,108,18900,18940,40,69
E,6,108,18900,18940,40,76
C#,6,108,18900,18940,40,73
A,4,108,18900,18940,40,57
C#,6,108,18960,19000,40,73
E,5,108,18960,19000,40,64
E,6,108,18960,19000,40,76
A,4,108,18960,19000,40,57
A,5,108,18960,19000,40,69
C#,6,108,19020,19060,40,73
E,5,108,19020,19060,40,64
E,6,108,19020,19060,40,76
A,4,108,19020,19060,40,57
A,5,108,19020,19060,40,69
A,4,108,19140,19220,80,57
C#,6,108,19140,19220,80,73
E,6,108,19140,19220,80,76
A,5,108,19140,19220,80,69
E,5,108,19140,19220,80,64
E,5,108,19260,19340,80,64
A,5,108,19260,19340,80,69
E,6,108,19260,19340,80,76
C#,6,108,19260,19340,80,73
A,4,108,19260,19340,80,57
E,5,108,19380,19420,40,64
A,5,108,19380,19420,40,69
E,6,108,19380,19420,40,76
C#,6,108,19380,19420,40,73
A,4,108,19380,19420,40,57
F,6,108,19440,19480,40,77
D,5,108,19440,19480,40,62
A,5,108,19440,19480,40,69
D,6,108,19440,19480,40,74
F,6,108,19500,19540,40,77
D,5,108,19500,19540,40,62
A,5,108,19500,19540,40,69
D,6,108,19500,19540,40,74
F,6,108,19620,19700,80,77
D,6,108,19620,19700,80,74
A,5,108,19620,19700,80,69
D,5,108,19620,19700,80,62
F,6,108,19740,19820,80,77
D,5,108,19740,19820,80,62
A,5,108,19740,19820,80,69
D,6,108,19740,19820,80,74
F,6,108,19860,19900,40,77
D,6,108,19860,19900,40,74
A,5,108,19860,19900,40,69
D,5,108,19860,19900,40,62
F,6,108,19920,19960,40,77
D,5,108,19920,19960,40,62
A,5,108,19920,19960,40,69
D,6,108,19920,19960,40,74
F,6,108,19980,20020,40,77
D,5,108,19980,20020,40,62
A,5,108,19980,20020,40,69
D,6,108,19980,20020,40,74
F,6,108,20100,20180,80,77
D,6,108,20100,20180,80,74
A,5,108,20100,20180,80,69
D,5,108,20100,20180,80,62
F,6,108,20220,20300,80,77
D,5,108,20220,20300,80,62
A,5,108,20220,20300,80,69
D,6,108,20220,20300,80,74
F,6,108,20340,20380,40,77
D,6,108,20340,20380,40,74
A,5,108,20340,20380,40,69
D,5,108,20340,20380,40,62
C#,6,108,20400,20440,40,73
E,5,108,20400,20440,40,64
E,6,108,20400,20440,40,76
A,4,108,20400,20440,40,57
A,5,108,20400,20440,40,69
C#,6,108,20460,20500,40,73
E,5,108,20460,20500,40,64
E,6,108,20460,20500,40,76
A,4,108,20460,20500,40,57
A,5,108,20460,20500,40,69
A,4,108,20580,20660,80,57
C#,6,108,20580,20660,80,73
E,6,108,20580,20660,80,76
A,5,108,20580,20660,80,69
E,5,108,20580,20660,80,64
E,5,108,20700,20780,80,64
A,5,108,20700,20780,80,69
E,6,108,20700,20780,80,76
C#,6,108,20700,20780,80,73
A,4,108,20700,20780,80,57
E,5,108,20820,20860,40,64
A,5,108,20820,20860,40,69
E,6,108,20820,20860,40,76
C#,6,108,20820,20860,40,73
A,4,108,20820,20860,40,57
C#,6,108,20880,20920,40,73
E,5,108,20880,20920,40,64
E,6,108,20880,20920,40,76
A,4,108,20880,20920,40,57
A,5,108,20880,20920,40,69
C#,6,108,20940,20980,40,73
E,5,108,20940,20980,40,64
E,6,108,20940,20980,40,76
A,4,108,20940,20980,40,57
A,5,108,20940,20980,40,69
A,4,108,21060,21140,80,57
C#,6,108,21060,21140,80,73
E,6,108,21060,21140,80,76
A,5,108,21060,21140,80,69
E,5,108,21060,21140,80,64
E,5,108,21180,21260,80,64
A,5,108,21180,21260,80,69
E,6,108,21180,21260,80,76
C#,6,108,21180,21260,80,73
A,4,108,21180,21260,80,57
A,5,108,21300,21340,40,69
A,4,108,21300,21340,40,57
E,6,108,21300,21340,40,76
C#,6,108,21300,21340,40,73
E,5,108,21300,21340,40,64
F,6,108,21360,21400,40,77
A,5,108,21360,21400,40,69
C,5,108,21360,21400,40,60
F,5,108,21360,21400,40,65
C,6,108,21360,21400,40,72
F,6,108,21420,21460,40,77
A,5,108,21420,21460,40,69
C,5,108,21420,21460,40,60
F,5,108,21420,21460,40,65
C,6,108,21420,21460,40,72
C,5,108,21540,21620,80,60
A,5,108,21540,21620,80,69
F,6,108,21540,21620,80,77
C,6,108,21540,21620,80,72
F,5,108,21540,21620,80,65
C,5,108,21660,21740,80,60
A,5,108,21660,21740,80,69
F,6,108,21660,21740,80,77
F,5,108,21660,21740,80,65
C,6,108,21660,21740,80,72
C,5,108,21780,21820,40,60
A,5,108,21780,21820,40,69
F,6,108,21780,21820,40,77
C,6,108,21780,21820,40,72
F,5,108,21780,21820,40,65
F,6,108,21840,21880,40,77
A,5,108,21840,21880,40,69
C,5,108,21840,21880,40,60
F,5,108,21840,21880,40,65
C,6,108,21840,21880,40,72
F,6,108,21900,21940,40,77
A,5,108,21900,21940,40,69
C,5,108,21900,21940,40,60
F,5,108,21900,21940,40,65
C,6,108,21900,21940,40,72
C,5,108,22020,22100,80,60
A,5,108,22020,22100,80,69
F,6,108,22020,22100,80,77
C,6,108,22020,22100,80,72
F,5,108,22020,22100,80,65
C,5,108,22140,22220,80,60
A,5,108,22140,22220,80,69
F,6,108,22140,22220,80,77
F,5,108,22140,22220,80,65
C,6,108,22140,22220,80,72
C,5,108,22260,22300,40,60
A,5,108,22260,22300,40,69
F,6,108,22260,22300,40,77
C,6,108,22260,22300,40,72
F,5,108,22260,22300,40,65
E,6,108,22320,22360,40,76
C,5,108,22320,22360,40,60
G,5,108,22320,22360,40,67
C,6,108,22320,22360,40,72
C,5,108,22380,22420,40,60
E,6,108,22380,22420,40,76
C,6,108,22380,22420,40,72
G,5,108,22380,22420,40,67
C,5,108,22500,22580,80,60
E,6,108,22500,22580,80,76
C,6,108,22500,22580,80,72
G,5,108,22500,22580,80,67
E,6,108,22620,22700,80,76
C,5,108,22620,22700,80,60
G,5,108,22620,22700,80,67
C,6,108,22620,22700,80,72
E,6,108,22740,22780,40,76
C,5,108,22740,22780,40,60
G,5,108,22740,22780,40,67
C,6,108,22740,22780,40,72
E,6,108,22800,22840,40,76
C,5,108,22800,22840,40,60
G,5,108,22800,22840,40,67
C,6,108,22800,22840,40,72
C,5,108,22860,22900,40,60
E,6,108,22860,22900,40,76
C,6,108,22860,22900,40,72
G,5,108,22860,22900,40,67
C,5,108,22980,23060,80,60
E,6,108,22980,23060,80,76
C,6,108,22980,23060,80,72
G,5,108,22980,23060,80,67
E,6,108,23100,23180,80,76
C,5,108,23100,23180,80,60
G,5,108,23100,23180,80,67
C,6,108,23100,23180,80,72
E,6,108,23220,23260,40,76
C,5,108,23220,23260,40,60
G,5,108,23220,23260,40,67
C,6,108,23220,23260,40,72
C#,6,108,23280,23320,40,73
E,5,108,23280,23320,40,64
E,6,108,23280,23320,40,76
A,4,108,23280,23320,40,57
A,5,108,23280,23320,40,69
C#,6,108,23340,23380,40,73
E,5,108,23340,23380,40,64
E,6,108,23340,23380,40,76
A,4,108,23340,23380,40,57
A,5,108,23340,23380,40,69
A,4,108,23460,23540,80,57
C#,6,108,23460,23540,80,73
E,6,108,23460,23540,80,76
A,5,108,23460,23540,80,69
E,5,108,23460,23540,80,64
E,5,108,23580,23660,80,64
A,5,108,23580,23660,80,69
E,6,108,23580,23660,80,76
C#,6,108,23580,23660,80,73
A,4,108,23580,23660,80,57
E,5,108,23700,23740,40,64
A,5,108,23700,23740,40,69
E,6,108,23700,23740,40,76
C#,6,108,23700,23740,40,73
A,4,108,23700,23740,40,57
C#,6,108,23760,23800,40,73
E,5,108,23760,23800,40,64
E,6,108,23760,23800,40,76
A,4,108,23760,23800,40,57
A,5,108,23760,23800,40,69
C#,6,108,23820,23860,40,73
E,5,108,23820,23860,40,64
E,6,108,23820,23860,40,76
A,4,108,23820,23860,40,57
A,5,108,23820,23860,40,69
F,6,108,24000,24080,80,77
D,6,108,24000,24080,80,74
A,5,108,24000,24080,80,69
D,5,108,24000,24080,80,62
D,5,108,24180,24280,100,62
F,6,108,24180,24280,100,77
D,6,108,24180,24280,100,74
A,5,108,24180,24280,100,69
F,6,108,24300,24340,40,77
D,5,108,24300,24340,40,62
A,5,108,24300,24340,40,69
D,6,108,24300,24340,40,74
F,6,108,24420,24500,80,77
D,6,108,24420,24500,80,74
A,5,108,24420,24500,80,69
D,5,108,24420,24500,80,62
F,6,108,24540,24620,80,77
D,5,108,24540,24620,80,62
A,5,108,24540,24620,80,69
D,6,108,24540,24620,80,74
F,6,108,24660,24700,40,77
D,6,108,24660,24700,40,74
A,5,108,24660,24700,40,69
D,5,108,24660,24700,40,62
F,6,108,24720,24760,40,77
D,5,108,24720,24760,40,62
A,5,108,24720,24760,40,69
D,6,108,24720,24760,40,74
F,6,108,24780,24820,40,77
D,5,108,24780,24820,40,62
A,5,108,24780,24820,40,69
D,6,108,24780,24820,40,74
F,6,108,24900,24980,80,77
D,6,108,24900,24980,80,74
A,5,108,24900,24980,80,69
D,5,108,24900,24980,80,62
C,5,127,25920,25960,40,60
D,5,127,25980,26020,40,62
E,5,127,26040,26080,40,64
F,5,127,26100,26140,40,65
G,5,127,26160,26200,40,67
A,5,127,26220,26260,40,69
A#,5,127,26280,26320,40,70
C,6,127,26340,26380,40,72
F,4,127,26400,26440,40,53
G,4,127,26460,26500,40,55
A,4,127,26520,26560,40,57
A#,4,127,26580,26620,40,58
C,5,127,26640,26680,40,60
D,5,127,26700,26740,40,62
E,5,127,26760,26800,40,64
F,5,127,26820,26860,40,65
D,5,127,26880,27000,120,62
A#,4,127,26880,27000,120,58
A#,5,127,26880,27000,120,70
F,5,127,26880,27000,120,65
A#,4,127,27060,27100,40,58
A#,5,127,27060,27100,40,70
F,5,127,27060,27100,40,65
D,5,127,27060,27100,40,62
D,5,127,27120,27200,80,62
D,6,127,27120,27200,80,74
F,5,127,27240,27320,80,65
A#,5,127,27240,27320,80,70
A#,4,127,27240,27320,80,58
D,5,127,27240,27320,80,62
F,4,127,27360,27400,40,53
G,4,127,27420,27460,40,55
A,4,127,27480,27520,40,57
A#,4,127,27540,27580,40,58
C,5,127,27600,27640,40,60
D,5,127,27660,27700,40,62
E,5,127,27720,27760,40,64
F,5,127,27780,27820,40,65
C,5,127,27840,27880,40,60
D,5,127,27900,27940,40,62
E,5,127,27960,28000,40,64
F,5,127,28020,28060,40,65
G,5,127,28080,28120,40,67
A,5,127,28140,28180,40,69
A#,5,127,28200,28240,40,70
C,6,127,28260,28300,40,72
F,4,127,28320,28360,40,53
G,4,127,28380,28420,40,55
A,4,127,28440,28480,40,57
A#,4,127,28500,28540,40,58
C,5,127,28560,28600,40,60
D,5,127,28620,28660,40,62
E,5,127,28680,28720,40,64
F,5,127,28740,28780,40,65
D,5,127,28800,28920,120,62
A#,4,127,28800,28920,120,58
A#,5,127,28800,28920,120,70
F,5,127,28800,28920,120,65
A#,4,127,28980,29020,40,58
A#,5,127,28980,29020,40,70
F,5,127,28980,29020,40,65
D,5,127,28980,29020,40,62
D,6,127,29040,29120,80,74
D,5,127,29040,29120,80,62
A#,4,127,29160,29240,80,58
A#,5,127,29160,29240,80,70
F,5,127,29160,29240,80,65
D,5,127,29160,29240,80,62
A,5,108,31200,31240,40,69
F,6,108,31200,31240,40,77
F,5,108,31200,31240,40,65
C,6,108,31200,31240,40,72
A,5,108,31260,31300,40,69
F,6,108,31260,31300,40,77
F,5,108,31260,31300,40,65
C,6,108,31260,31300,40,72
F,6,108,31380,31460,80,77
C,6,108,31380,31460,80,72
G,5,108,31380,31460,80,67
F,5,108,31380,31460,80,65
F,6,108,31500,31580,80,77
C,6,108,31500,31580,80,72
G,5,108,31500,31580,80,67
F,5,108,31500,31580,80,65
F,6,108,31620,31660,40,77
C,6,108,31620,31660,40,72
G,5,108,31620,31660,40,67
F,5,108,31620,31660,40,65
A,5,108,31680,31720,40,69
F,6,108,31680,31720,40,77
F,5,108,31680,31720,40,65
C,6,108,31680,31720,40,72
A,5,108,31740,31780,40,69
F,6,108,31740,31780,40,77
F,5,108,31740,31780,40,65
C,6,108,31740,31780,40,72
F,6,108,31860,31940,80,77
C,6,108,31860,31940,80,72
G,5,108,31860,31940,80,67
F,5,108,31860,31940,80,65
F,6,108,31980,32060,80,77
C,6,108,31980,32060,80,72
G,5,108,31980,32060,80,67
F,5,108,31980,32060,80,65
F,6,108,32100,32140,40,77
C,6,108,32100,32140,40,72
G,5,108,32100,32140,40,67
F,5,108,32100,32140,40,65
F,6,108,32160,32200,40,77
D,5,108,32160,32200,40,62
A,5,108,32160,32200,40,69
D,6,108,32160,32200,40,74
F,6,108,32220,32260,40,77
D,5,108,32220,32260,40,62
A,5,108,32220,32260,40,69
D,6,108,32220,32260,40,74
F,6,108,32340,32420,80,77
D,6,108,32340,32420,80,74
A,5,108,32340,32420,80,69
D,5,108,32340,32420,80,62
F,6,108,32460,32540,80,77
D,5,108,32460,32540,80,62
A,5,108,32460,32540,80,69
D,6,108,32460,32540,80,74
F,6,108,32580,32620,40,77
D,6,108,32580,32620,40,74
A,5,108,32580,32620,40,69
D,5,108,32580,32620,40,62
F,6,108,32640,32680,40,77
D,5,108,32640,32680,40,62
A,5,108,32640,32680,40,69
D,6,108,32640,32680,40,74
F,6,108,32700,32740,40,77
D,5,108,32700,32740,40,62
A,5,108,32700,32740,40,69
D,6,108,32700,32740,40,74
F,6,108,32820,32900,80,77
D,6,108,32820,32900,80,74
A,5,108,32820,32900,80,69
D,5,108,32820,32900,80,62
F,6,108,32940,33020,80,77
D,5,108,32940,33020,80,62
A,5,108,32940,33020,80,69
D,6,108,32940,33020,80,74
F,6,108,33060,33100,40,77
D,6,108,33060,33100,40,74
A,5,108,33060,33100,40,69
D,5,108,33060,33100,40,62
C#,6,108,33120,33160,40,73
E,6,108,33120,33160,40,76
E,5,108,33120,33160,40,64
A,5,108,33120,33160,40,69
C#,6,108,33180,33220,40,73
E,6,108,33180,33220,40,76
E,5,108,33180,33220,40,64
A,5,108,33180,33220,40,69
E,5,108,33300,33380,80,64
E,6,108,33300,33380,80,76
A,5,108,33300,33380,80,69
C#,6,108,33300,33380,80,73
E,5,108,33420,33500,80,64
E,6,108,33420,33500,80,76
C#,6,108,33420,33500,80,73
A,5,108,33420,33500,80,69
E,5,108,33540,33580,40,64
E,6,108,33540,33580,40,76
C#,6,108,33540,33580,40,73
A,5,108,33540,33580,40,69
C#,6,108,33600,33640,40,73
E,6,108,33600,33640,40,76
E,5,108,33600,33640,40,64
A,5,108,33600,33640,40,69
C#,6,108,33660,33700,40,73
E,6,108,33660,33700,40,76
E,5,108,33660,33700,40,64
A,5,108,33660,33700,40,69
E,5,108,33780,33860,80,64
E,6,108,33780,33860,80,76
A,5,108,33780,33860,80,69
C#,6,108,33780,33860,80,73
E,5,108,33900,33980,80,64
E,6,108,33900,33980,80,76
C#,6,108,33900,33980,80,73
A,5,108,33900,33980,80,69
E,5,108,34020,34060,40,64
E,6,108,34020,34060,40,76
C#,6,108,34020,34060,40,73
A,5,108,34020,34060,40,69
F,6,108,34080,34120,40,77
D,5,108,34080,34120,40,62
A,5,108,34080,34120,40,69
D,6,108,34080,34120,40,74
F,6,108,34140,34180,40,77
D,5,108,34140,34180,40,62
A,5,108,34140,34180,40,69
D,6,108,34140,34180,40,74
F,6,108,34260,34340,80,77
D,6,108,34260,34340,80,74
A,5,108,34260,34340,80,69
D,5,108,34260,34340,80,62
F,6,108,34380,34460,80,77
D,5,108,34380,34460,80,62
A,5,108,34380,34460,80,69
D,6,108,34380,34460,80,74
F,6,108,34500,34540,40,77
D,6,108,34500,34540,40,74
A,5,108,34500,34540,40,69
D,5,108,34500,34540,40,62
F,6,108,34560,34600,40,77
D,5,108,34560,34600,40,62
A,5,108,34560,34600,40,69
D,6,108,34560,34600,40,74
F,6,108,34620,34660,40,77
D,5,108,34620,34660,40,62
A,5,108,34620,34660,40,69
D,6,108,34620,34660,40,74
F,6,108,34740,34820,80,77
D,6,108,34740,34820,80,74
A,5,108,34740,34820,80,69
D,5,108,34740,34820,80,62
F,6,108,34860,34940,80,77
D,5,108,34860,34940,80,62
A,5,108,34860,34940,80,69
D,6,108,34860,34940,80,74
F,6,108,34980,35020,40,77
D,6,108,34980,35020,40,74
A,5,108,34980,35020,40,69
D,5,108,34980,35020,40,62
F,6,108,35040,35080,40,77
F,5,108,35040,35080,40,65
A,5,108,35040,35080,40,69
C,6,108,35040,35080,40,72
F,6,108,35100,35140,40,77
F,5,108,35100,35140,40,65
A,5,108,35100,35140,40,69
C,6,108,35100,35140,40,72
F,5,108,35220,35300,80,65
F,6,108,35220,35300,80,77
C,6,108,35220,35300,80,72
A,5,108,35220,35300,80,69
C,6,108,35340,35420,80,72
F,6,108,35340,35420,80,77
F,5,108,35340,35420,80,65
A,5,108,35340,35420,80,69
F,5,108,35460,35500,40,65
F,6,108,35460,35500,40,77
C,6,108,35460,35500,40,72
A,5,108,35460,35500,40,69
F,6,108,35520,35560,40,77
F,5,108,35520,35560,40,65
A,5,108,35520,35560,40,69
C,6,108,35520,35560,40,72
F,6,108,35580,35620,40,77
F,5,108,35580,35620,40,65
A,5,108,35580,35620,40,69
C,6,108,35580,35620,40,72
F,5,108,35700,35780,80,65
F,6,108,35700,35780,80,77
C,6,108,35700,35780,80,72
A,5,108,35700,35780,80,69
C,6,108,35820,35900,80,72
F,6,108,35820,35900,80,77
F,5,108,35820,35900,80,65
A,5,108,35820,35900,80,69
F,5,108,35940,35980,40,65
F,6,108,35940,35980,40,77
C,6,108,35940,35980,40,72
A,5,108,35940,35980,40,69
F,6,108,36000,36040,40,77
D,5,108,36000,36040,40,62
A,5,108,36000,36040,40,69
D,6,108,36000,36040,40,74
F,6,108,36060,36100,40,77
D,5,108,36060,36100,40,62
A,5,108,36060,36100,40,69
D,6,108,36060,36100,40,74
F,6,108,36180,36260,80,77
D,6,108,36180,36260,80,74
A,5,108,36180,36260,80,69
D,5,108,36180,36260,80,62
F,6,108,36300,36380,80,77
D,5,108,36300,36380,80,62
A,5,108,36300,36380,80,69
D,6,108,36300,36380,80,74
F,6,108,36420,36460,40,77
D,6,108,36420,36460,40,74
A,5,108,36420,36460,40,69
D,5,108,36420,36460,40,62
F,6,108,36480,36520,40,77
D,5,108,36480,36520,40,62
A,5,108,36480,36520,40,69
D,6,108,36480,36520,40,74
F,6,108,36540,36580,40,77
D,5,108,36540,36580,40,62
A,5,108,36540,36580,40,69
D,6,108,36540,36580,40,74
F,6,108,36660,36740,80,77
D,6,108,36660,36740,80,74
A,5,108,36660,36740,80,69
D,5,108,36660,36740,80,62
F,6,108,36780,36860,80,77
D,5,108,36780,36860,80,62
A,5,108,36780,36860,80,69
D,6,108,36780,36860,80,74
F,6,108,36900,36940,40,77
D,6,108,36900,36940,40,74
A,5,108,36900,36940,40,69
D,5,108,36900,36940,40,62
C#,6,108,36960,37000,40,73
E,6,108,36960,37000,40,76
E,5,108,36960,37000,40,64
A,5,108,36960,37000,40,69
C#,6,108,37020,37060,40,73
E,6,108,37020,37060,40,76
E,5,108,37020,37060,40,64
A,5,108,37020,37060,40,69
E,5,108,37140,37220,80,64
E,6,108,37140,37220,80,76
A,5,108,37140,37220,80,69
C#,6,108,37140,37220,80,73
E,5,108,37260,37340,80,64
E,6,108,37260,37340,80,76
C#,6,108,37260,37340,80,73
A,5,108,37260,37340,80,69
E,5,108,37380,37420,40,64
E,6,108,37380,37420,40,76
C#,6,108,37380,37420,40,73
A,5,108,37380,37420,40,69
C#,6,108,37440,37480,40,73
E,6,108,37440,37480,40,76
E,5,108,37440,37480,40,64
A,5,108,37440,37480,40,69
C#,6,108,37500,37540,40,73
E,6,108,37500,37540,40,76
E,5,108,37500,37540,40,64
A,5,108,37500,37540,40,69
E,5,108,37620,37700,80,64
E,6,108,37620,37700,80,76
A,5,108,37620,37700,80,69
C#,6,108,37620,37700,80,73
E,5,108,37740,37820,80,64
E,6,108,37740,37820,80,76
C#,6,108,37740,37820,80,73
A,5,108,37740,37820,80,69
E,5,108,37860,37900,40,64
E,6,108,37860,37900,40,76
C#,6,108,37860,37900,40,73
A,5,108,37860,37900,40,69
F,6,108,37920,37960,40,77
D,5,108,37920,37960,40,62
A,5,108,37920,37960,40,69
D,6,108,37920,37960,40,74
F,6,108,37980,38020,40,77
D,5,108,37980,38020,40,62
A,5,108,37980,38020,40,69
D,6,108,37980,38020,40,74
F,6,108,38100,38180,80,77
D,6,108,38100,38180,80,74
A,5,108,38100,38180,80,69
D,5,108,38100,38180,80,62
F,6,108,38220,38300,80,77
D,5,108,38220,38300,80,62
A,5,108,38220,38300,80,69
D,6,108,38220,38300,80,74
F,6,108,38340,38380,40,77
D,6,108,38340,38380,40,74
A,5,108,38340,38380,40,69
D,5,108,38340,38380,40,62
F,6,108,38400,38440,40,77
D,5,108,38400,38440,40,62
A,5,108,38400,38440,40,69
D,6,108,38400,38440,40,74
F,6,108,38460,38500,40,77
D,5,108,38460,38500,40,62
A,5,108,38460,38500,40,69
D,6,108,38460,38500,40,74
F,6,108,38580,38660,80,77
D,6,108,38580,38660,80,74
A,5,108,38580,38660,80,69
D,5,108,38580,38660,80,62
F,6,108,38700,38780,80,77
D,5,108,38700,38780,80,62
A,5,108,38700,38780,80,69
D,6,108,38700,38780,80,74
F,6,108,38820,38860,40,77
D,6,108,38820,38860,40,74
A,5,108,38820,38860,40,69
D,5,108,38820,38860,40,62
F,6,108,38880,38920,40,77
F,5,108,38880,38920,40,65
A,5,108,38880,38920,40,69
C,6,108,38880,38920,40,72
F,6,108,38940,38980,40,77
F,5,108,38940,38980,40,65
A,5,108,38940,38980,40,69
C,6,108,38940,38980,40,72
F,5,108,39060,39140,80,65
F,6,108,39060,39140,80,77
C,6,108,39060,39140,80,72
A,5,108,39060,39140,80,69
C,6,108,39180,39260,80,72
F,6,108,39180,39260,80,77
F,5,108,39180,39260,80,65
A,5,108,39180,39260,80,69
F,5,108,39300,39340,40,65
F,6,108,39300,39340,40,77
C,6,108,39300,39340,40,72
A,5,108,39300,39340,40,69
F,6,108,39360,39400,40,77
F,5,108,39360,39400,40,65
A,5,108,39360,39400,40,69
C,6,108,39360,39400,40,72
F,6,108,39420,39460,40,77
F,5,108,39420,39460,40,65
A,5,108,39420,39460,40,69
C,6,108,39420,39460,40,72
F,5,108,39540,39620,80,65
F,6,108,39540,39620,80,77
C,6,108,39540,39620,80,72
A,5,108,39540,39620,80,69
C,6,108,39660,39740,80,72
F,6,108,39660,39740,80,77
F,5,108,39660,39740,80,65
A,5,108,39660,39740,80,69
F,5,108,39780,39820,40,65
F,6,108,39780,39820,40,77
C,6,108,39780,39820,40,72
A,5,108,39780,39820,40,69
F,6,108,39840,39880,40,77
D,5,108,39840,39880,40,62
A,5,108,39840,39880,40,69
D,6,108,39840,39880,40,74
F,6,108,39900,39940,40,77
D,5,108,39900,39940,40,62
A,5,108,39900,39940,40,69
D,6,108,39900,39940,40,74
F,6,108,40020,40100,80,77
D,6,108,40020,40100,80,74
A,5,108,40020,40100,80,69
D,5,108,40020,40100,80,62
F,6,108,40140,40220,80,77
D,5,108,40140,40220,80,62
A,5,108,40140,40220,80,69
D,6,108,40140,40220,80,74
F,6,108,40260,40300,40,77
D,6,108,40260,40300,40,74
A,5,108,40260,40300,40,69
D,5,108,40260,40300,40,62
F,6,108,40320,40360,40,77
D,5,108,40320,40360,40,62
A,5,108,40320,40360,40,69
D,6,108,40320,40360,40,74
F,6,108,40380,40420,40,77
D,5,108,40380,40420,40,62
A,5,108,40380,40420,40,69
D,6,108,40380,40420,40,74
F,6,108,40500,40580,80,77
D,6,108,40500,40580,80,74
A,5,108,40500,40580,80,69
D,5,108,40500,40580,80,62
F,6,108,40620,40700,80,77
D,5,108,40620,40700,80,62
A,5,108,40620,40700,80,69
D,6,108,40620,40700,80,74
F,6,108,40740,40780,40,77
D,6,108,40740,40780,40,74
A,5,108,40740,40780,40,69
D,5,108,40740,40780,40,62
C#,6,108,40800,40840,40,73
E,6,108,40800,40840,40,76
E,5,108,40800,40840,40,64
A,5,108,40800,40840,40,69
C#,6,108,40860,40900,40,73
E,6,108,40860,40900,40,76
E,5,108,40860,40900,40,64
A,5,108,40860,40900,40,69
E,5,108,40980,41060,80,64
E,6,108,40980,41060,80,76
A,5,108,40980,41060,80,69
C#,6,108,40980,41060,80,73
E,5,108,41100,41180,80,64
E,6,108,41100,41180,80,76
C#,6,108,41100,41180,80,73
A,5,108,41100,41180,80,69
E,5,108,41220,41260,40,64
E,6,108,41220,41260,40,76
C#,6,108,41220,41260,40,73
A,5,108,41220,41260,40,69
C#,6,108,41280,41320,40,73
E,6,108,41280,41320,40,76
E,5,108,41280,41320,40,64
A,5,108,41280,41320,40,69
C#,6,108,41340,41380,40,73
E,6,108,41340,41380,40,76
E,5,108,41340,41380,40,64
A,5,108,41340,41380,40,69
E,5,108,41460,41540,80,64
E,6,108,41460,41540,80,76
A,5,108,41460,41540,80,69
C#,6,108,41460,41540,80,73
E,5,108,41580,41660,80,64
E,6,108,41580,41660,80,76
C#,6,108,41580,41660,80,73
A,5,108,41580,41660,80,69
E,5,108,41700,41740,40,64
E,6,108,41700,41740,40,76
C#,6,108,41700,41740,40,73
A,5,108,41700,41740,40,69
F,6,108,41760,41800,40,77
D,5,108,41760,41800,40,62
A,5,108,41760,41800,40,69
D,6,108,41760,41800,40,74
F,6,108,41820,41860,40,77
D,5,108,41820,41860,40,62
A,5,108,41820,41860,40,69
D,6,108,41820,41860,40,74
F,6,108,41940,42020,80,77
D,6,108,41940,42020,80,74
A,5,108,41940,42020,80,69
D,5,108,41940,42020,80,62
F,6,108,42060,42140,80,77
D,5,108,42060,42140,80,62
A,5,108,42060,42140,80,69
D,6,108,42060,42140,80,74
F,6,108,42180,42220,40,77
D,6,108,42180,42220,40,74
A,5,108,42180,42220,40,69
D,5,108,42180,42220,40,62
F,6,108,42240,42280,40,77
D,5,108,42240,42280,40,62
A,5,108,42240,42280,40,69
D,6,108,42240,42280,40,74
F,6,108,42300,42340,40,77
D,5,108,42300,42340,40,62
A,5,108,42300,42340,40,69
D,6,108,42300,42340,40,74
F,6,108,42420,42500,80,77
D,6,108,42420,42500,80,74
A,5,108,42420,42500,80,69
D,5,108,42420,42500,80,62
F,6,108,42540,42620,80,77
D,5,108,42540,42620,80,62
A,5,108,42540,42620,80,69
D,6,108,42540,42620,80,74
F,6,127,42660,42700,40,77
D,6,108,42660,42700,40,74
A,5,108,42660,42700,40,69
D,5,108,42660,42700,40,62
D,5,127,42720,43521,801,62
F,6,127,42720,43521,801,77
D,6,127,42720,43521,801,74
A,5,127,42720,43521,801,69
A,5,100,1920,1960,40,69
F,6,100,1920,1960,40,77
F,5,100,1920,1960,40,65
C,6,100,1920,1960,40,72
A,5,100,1980,2020,40,69
F,6,100,1980,2020,40,77
F,5,100,1980,2020,40,65
C,6,100,1980,2020,40,72
A,5,100,2040,2080,40,69
F,6,100,2040,2080,40,77
F,5,100,2040,2080,40,65
C,6,100,2040,2080,40,72
F,6,100,2100,2180,80,77
C,6,100,2100,2180,80,72
G,5,100,2100,2180,80,67
F,5,100,2100,2180,80,65
F,6,100,2220,2300,80,77
C,6,100,2220,2300,80,72
G,5,100,2220,2300,80,67
F,5,100,2220,2300,80,65
F,6,100,2340,2380,40,77
C,6,100,2340,2380,40,72
G,5,100,2340,2380,40,67
F,5,100,2340,2380,40,65
A,5,100,2400,2440,40,69
F,6,100,2400,2440,40,77
F,5,100,2400,2440,40,65
C,6,100,2400,2440,40,72
A,5,100,2460,2500,40,69
F,6,100,2460,2500,40,77
F,5,100,2460,2500,40,65
C,6,100,2460,2500,40,72
A,5,100,2520,2560,40,69
F,6,100,2520,2560,40,77
F,5,100,2520,2560,40,65
C,6,100,2520,2560,40,72
F,6,100,2580,2660,80,77
C,6,100,2580,2660,80,72
G,5,100,2580,2660,80,67
F,5,100,2580,2660,80,65
F,6,100,2700,2780,80,77
C,6,100,2700,2780,80,72
G,5,100,2700,2780,80,67
F,5,100,2700,2780,80,65
F,6,100,2820,2860,40,77
C,6,100,2820,2860,40,72
G,5,100,2820,2860,40,67
F,5,100,2820,2860,40,65
D,5,100,2880,3200,320,62
F,6,100,2880,3200,320,77
D,6,100,2880,3200,320,74
A,5,100,2880,3200,320,69
C#,6,100,3840,3880,40,73
E,5,100,3840,3880,40,64
E,6,100,3840,3880,40,76
A,4,100,3840,3880,40,57
A,5,100,3840,3880,40,69
C#,6,100,3900,3940,40,73
E,5,100,3900,3940,40,64
E,6,100,3900,3940,40,76
A,4,100,3900,3940,40,57
A,5,100,3900,3940,40,69
A,4,100,4020,4100,80,57
C#,6,100,4020,4100,80,73
E,6,100,4020,4100,80,76
A,5,100,4020,4100,80,69
E,5,100,4020,4100,80,64
E,5,100,4140,4220,80,64
A,5,100,4140,4220,80,69
E,6,100,4140,4220,80,76
C#,6,100,4140,4220,80,73
A,4,100,4140,4220,80,57
E,5,100,4260,4300,40,64
A,5,100,4260,4300,40,69
E,6,100,4260,4300,40,76
C#,6,100,4260,4300,40,73
A,4,100,4260,4300,40,57
C#,6,100,4320,4360,40,73
E,5,100,4320,4360,40,64
E,6,100,4320,4360,40,76
A,4,100,4320,4360,40,57
A,5,100,4320,4360,40,69
C#,6,100,4380,4420,40,73
E,5,100,4380,4420,40,64
E,6,100,4380,4420,40,76
A,4,100,4380,4420,40,57
A,5,100,4380,4420,40,69
A,4,100,4500,4580,80,57
C#,6,100,4500,4580,80,73
E,6,100,4500,4580,80,76
A,5,100,4500,4580,80,69
E,5,100,4500,4580,80,64
E,5,100,4620,4700,80,64
A,5,100,4620,4700,80,69
E,6,100,4620,4700,80,76
C#,6,100,4620,4700,80,73
A,4,100,4620,4700,80,57
E,5,100,4740,4780,40,64
A,5,100,4740,4780,40,69
E,6,100,4740,4780,40,76
C#,6,100,4740,4780,40,73
A,4,100,4740,4780,40,57
F,6,100,4800,4840,40,77
D,5,100,4800,4840,40,62
A,5,100,4800,4840,40,69
D,6,100,4800,4840,40,74
F,6,100,4860,4900,40,77
D,5,100,4860,4900,40,62
A,5,100,4860,4900,40,69
D,6,100,4860,4900,40,74
F,6,100,4980,5060,80,77
D,6,100,4980,5060,80,74
A,5,100,4980,5060,80,69
D,5,100,4980,5060,80,62
F,6,100,5100,5180,80,77
D,5,100,5100,5180,80,62
A,5,100,5100,5180,80,69
D,6,100,5100,5180,80,74
F,6,100,5220,5260,40,77
D,6,100,5220,5260,40,74
A,5,100,5220,5260,40,69
D,5,100,5220,5260,40,62
F,6,100,5280,5320,40,77
D,5,100,5280,5320,40,62
A,5,100,5280,5320,40,69
D,6,100,5280,5320,40,74
F,6,100,5340,5380,40,77
D,5,100,5340,5380,40,62
A,5,100,5340,5380,40,69
D,6,100,5340,5380,40,74
F,6,100,5460,5540,80,77
D,6,100,5460,5540,80,74
A,5,100,5460,5540,80,69
D,5,100,5460,5540,80,62
F,6,100,5580,5660,80,77
D,5,100,5580,5660,80,62
A,5,100,5580,5660,80,69
D,6,100,5580,5660,80,74
F,6,100,5700,5740,40,77
D,6,100,5700,5740,40,74
A,5,100,5700,5740,40,69
D,5,100,5700,5740,40,62
C#,6,100,5760,5800,40,73
E,5,100,5760,5800,40,64
E,6,100,5760,5800,40,76
A,4,100,5760,5800,40,57
A,5,100,5760,5800,40,69
C#,6,100,5820,5860,40,73
E,5,100,5820,5860,40,64
E,6,100,5820,5860,40,76
A,4,100,5820,5860,40,57
A,5,100,5820,5860,40,69
A,4,100,5940,6020,80,57
C#,6,100,5940,6020,80,73
E,6,100,5940,6020,80,76
A,5,100,5940,6020,80,69
E,5,100,5940,6020,80,64
E,5,100,6060,6140,80,64
A,5,100,6060,6140,80,69
E,6,100,6060,6140,80,76
C#,6,100,6060,6140,80,73
A,4,100,6060,6140,80,57
E,5,100,6180,6220,40,64
A,5,100,6180,6220,40,69
E,6,100,6180,6220,40,76
C#,6,100,6180,6220,40,73
A,4,100,6180,6220,40,57
C#,6,100,6240,6280,40,73
E,5,100,6240,6280,40,64
E,6,100,6240,6280,40,76
A,4,100,6240,6280,40,57
A,5,100,6240,6280,40,69
C#,6,100,6300,6340,40,73
E,5,100,6300,6340,40,64
E,6,100,6300,6340,40,76
A,4,100,6300,6340,40,57
A,5,100,6300,6340,40,69
A,4,100,6420,6500,80,57
C#,6,100,6420,6500,80,73
E,6,100,6420,6500,80,76
A,5,100,6420,6500,80,69
E,5,100,6420,6500,80,64
E,5,100,6540,6620,80,64
A,5,100,6540,6620,80,69
E,6,100,6540,6620,80,76
C#,6,100,6540,6620,80,73
A,4,100,6540,6620,80,57
A,5,100,6660,6700,40,69
A,4,100,6660,6700,40,57
E,6,100,6660,6700,40,76
C#,6,100,6660,6700,40,73
E,5,100,6660,6700,40,64
F,6,100,6720,6760,40,77
A,5,100,6720,6760,40,69
C,5,100,6720,6760,40,60
F,5,100,6720,6760,40,65
C,6,100,6720,6760,40,72
F,6,100,6780,6820,40,77
A,5,100,6780,6820,40,69
C,5,100,6780,6820,40,60
F,5,100,6780,6820,40,65
C,6,100,6780,6820,40,72
C,5,100,6900,6980,80,60
A,5,100,6900,6980,80,69
F,6,100,6900,6980,80,77
C,6,100,6900,6980,80,72
F,5,100,6900,6980,80,65
C,5,100,7020,7100,80,60
A,5,100,7020,7100,80,69
F,6,100,7020,7100,80,77
F,5,100,7020,7100,80,65
C,6,100,7020,7100,80,72
C,5,100,7140,7180,40,60
A,5,100,7140,7180,40,69
F,6,100,7140,7180,40,77
C,6,100,7140,7180,40,72
F,5,100,7140,7180,40,65
F,6,100,7200,7240,40,77
A,5,100,7200,7240,40,69
C,5,100,7200,7240,40,60
F,5,100,7200,7240,40,65
C,6,100,7200,7240,40,72
F,6,100,7260,7300,40,77
A,5,100,7260,7300,40,69
C,5,100,7260,7300,40,60
F,5,100,7260,7300,40,65
C,6,100,7260,7300,40,72
C,5,100,7380,7460,80,60
A,5,100,7380,7460,80,69
F,6,100,7380,7460,80,77
C,6,100,7380,7460,80,72
F,5,100,7380,7460,80,65
C,5,100,7500,7580,80,60
A,5,100,7500,7580,80,69
F,6,100,7500,7580,80,77
F,5,100,7500,7580,80,65
C,6,100,7500,7580,80,72
C,5,100,7620,7660,40,60
A,5,100,7620,7660,40,69
F,6,100,7620,7660,40,77
C,6,100,7620,7660,40,72
F,5,100,7620,7660,40,65
E,6,100,7680,7720,40,76
C,5,100,7680,7720,40,60
G,5,100,7680,7720,40,67
C,6,100,7680,7720,40,72
C,5,100,7740,7780,40,60
E,6,100,7740,7780,40,76
C,6,100,7740,7780,40,72
G,5,100,7740,7780,40,67
C,5,100,7860,7940,80,60
E,6,100,7860,7940,80,76
C,6,100,7860,7940,80,72
G,5,100,7860,7940,80,67
E,6,100,7980,8060,80,76
C,5,100,7980,8060,80,60
G,5,100,7980,8060,80,67
C,6,100,7980,8060,80,72
E,6,100,8100,8140,40,76
C,5,100,8100,8140,40,60
G,5,100,8100,8140,40,67
C,6,100,8100,8140,40,72
E,6,100,8160,8200,40,76
C,5,100,8160,8200,40,60
G,5,100,8160,8200,40,67
C,6,100,8160,8200,40,72
C,5,100,8220,8260,40,60
E,6,100,8220,8260,40,76
C,6,100,8220,8260,40,72
G,5,100,8220,8260,40,67
C,5,100,8340,8420,80,60
E,6,100,8340,8420,80,76
C,6,100,8340,8420,80,72
G,5,100,8340,8420,80,67
E,6,100,8460,8540,80,76
C,5,100,8460,8540,80,60
G,5,100,8460,8540,80,67
C,6,100,8460,8540,80,72
E,6,100,8580,8620,40,76
C,5,100,8580,8620,40,60
G,5,100,8580,8620,40,67
C,6,100,8580,8620,40,72
C#,6,100,8640,8680,40,73
E,5,100,8640,8680,40,64
E,6,100,8640,8680,40,76
A,4,100,8640,8680,40,57
A,5,100,8640,8680,40,69
C#,6,100,8700,8740,40,73
E,5,100,8700,8740,40,64
E,6,100,8700,8740,40,76
A,4,100,8700,8740,40,57
A,5,100,8700,8740,40,69
A,4,100,8820,8900,80,57
C#,6,100,8820,8900,80,73
E,6,100,8820,8900,80,76
A,5,100,8820,8900,80,69
E,5,100,8820,8900,80,64
E,5,100,8940,9020,80,64
A,5,100,8940,9020,80,69
E,6,100,8940,9020,80,76
C#,6,100,8940,9020,80,73
A,4,100,8940,9020,80,57
E,5,100,9060,9100,40,64
A,5,100,9060,9100,40,69
E,6,100,9060,9100,40,76
C#,6,100,9060,9100,40,73
A,4,100,9060,9100,40,57
C#,6,100,9120,9160,40,73
E,5,100,9120,9160,40,64
E,6,100,9120,9160,40,76
A,4,100,9120,9160,40,57
A,5,100,9120,9160,40,69
C#,6,100,9180,9220,40,73
E,5,100,9180,9220,40,64
E,6,100,9180,9220,40,76
A,4,100,9180,9220,40,57
A,5,100,9180,9220,40,69
F,6,100,9360,9440,80,77
D,6,100,9360,9440,80,74
A,5,100,9360,9440,80,69
D,5,100,9360,9440,80,62
D,5,100,9540,9640,100,62
F,6,100,9540,9640,100,77
D,6,100,9540,9640,100,74
A,5,100,9540,9640,100,69
F,6,100,9660,9700,40,77
D,5,100,9660,9700,40,62
A,5,100,9660,9700,40,69
D,6,100,9660,9700,40,74
F,6,100,9780,9860,80,77
D,6,100,9780,9860,80,74
A,5,100,9780,9860,80,69
D,5,100,9780,9860,80,62
F,6,100,9900,9980,80,77
D,5,100,9900,9980,80,62
A,5,100,9900,9980,80,69
D,6,100,9900,9980,80,74
F,6,100,10020,10060,40,77
D,6,100,10020,10060,40,74
A,5,100,10020,10060,40,69
D,5,100,10020,10060,40,62
F,6,100,10080,10120,40,77
D,5,100,10080,10120,40,62
A,5,100,10080,10120,40,69
D,6,100,10080,10120,40,74
F,6,100,10140,10180,40,77
D,5,100,10140,10180,40,62
A,5,100,10140,10180,40,69
D,6,100,10140,10180,40,74
F,6,100,10260,10340,80,77
D,6,100,10260,10340,80,74
A,5,100,10260,10340,80,69
D,5,100,10260,10340,80,62
C,5,127,11280,11320,40,60
D,5,127,11340,11380,40,62
E,5,127,11400,11440,40,64
F,5,127,11460,11500,40,65
G,5,127,11520,11560,40,67
A,5,127,11580,11620,40,69
A#,5,127,11640,11680,40,70
C,6,127,11700,11740,40,72
F,4,127,11760,11800,40,53
G,4,127,11820,11860,40,55
A,4,127,11880,11920,40,57
A#,4,127,11940,11980,40,58
C,5,127,12000,12040,40,60
D,5,127,12060,12100,40,62
E,5,127,12120,12160,40,64
F,5,127,12180,12220,40,65
D,5,127,12240,12360,120,62
A#,4,127,12240,12360,120,58
A#,5,127,12240,12360,120,70
F,5,127,12240,12360,120,65
A#,4,127,12420,12460,40,58
A#,5,127,12420,12460,40,70
F,5,127,12420,12460,40,65
D,5,127,12420,12460,40,62
D,6,127,12480,12560,80,74
D,5,127,12480,12560,80,62
A#,4,127,12600,12680,80,58
A#,5,127,12600,12680,80,70
F,5,127,12600,12680,80,65
D,5,127,12600,12680,80,62
F,4,127,12720,12760,40,53
G,4,127,12780,12820,40,55
A,4,127,12840,12880,40,57
A#,4,127,12900,12940,40,58
C,5,127,12960,13000,40,60
D,5,127,13020,13060,40,62
E,5,127,13080,13120,40,64
F,5,127,13140,13180,40,65
C,5,127,13200,13240,40,60
D,5,127,13260,13300,40,62
E,5,127,13320,13360,40,64
F,5,127,13380,13420,40,65
G,5,127,13440,13480,40,67
A,5,127,13500,13540,40,69
A#,5,127,13560,13600,40,70
C,6,127,13620,13660,40,72
F,4,127,13680,13720,40,53
G,4,127,13740,13780,40,55
A,4,127,13800,13840,40,57
A#,4,127,13860,13900,40,58
C,5,127,13920,13960,40,60
D,5,127,13980,14020,40,62
E,5,127,14040,14080,40,64
F,5,127,14100,14140,40,65
D,5,127,14160,14280,120,62
A#,4,127,14160,14280,120,58
A#,5,127,14160,14280,120,70
F,5,127,14160,14280,120,65
A#,4,127,14340,14380,40,58
A#,5,127,14340,14380,40,70
F,5,127,14340,14380,40,65
D,5,127,14340,14380,40,62
D,6,127,14400,14480,80,74
D,5,127,14400,14480,80,62
A#,4,127,14520,14600,80,58
A#,5,127,14520,14600,80,70
F,5,127,14520,14600,80,65
D,5,127,14520,14600,80,62
A,5,100,16560,16600,40,69
F,6,100,16560,16600,40,77
F,5,100,16560,16600,40,65
C,6,100,16560,16600,40,72
A,5,100,16620,16660,40,69
F,6,100,16620,16660,40,77
F,5,100,16620,16660,40,65
C,6,100,16620,16660,40,72
A,5,100,16680,16720,40,69
F,6,100,16680,16720,40,77
F,5,100,16680,16720,40,65
C,6,100,16680,16720,40,72
F,6,100,16740,16820,80,77
C,6,100,16740,16820,80,72
G,5,100,16740,16820,80,67
F,5,100,16740,16820,80,65
F,6,100,16860,16940,80,77
C,6,100,16860,16940,80,72
G,5,100,16860,16940,80,67
F,5,100,16860,16940,80,65
F,6,100,16980,17020,40,77
C,6,100,16980,17020,40,72
G,5,100,16980,17020,40,67
F,5,100,16980,17020,40,65
A,5,100,17040,17080,40,69
F,6,100,17040,17080,40,77
F,5,100,17040,17080,40,65
C,6,100,17040,17080,40,72
A,5,100,17100,17140,40,69
F,6,100,17100,17140,40,77
F,5,100,17100,17140,40,65
C,6,100,17100,17140,40,72
A,5,100,17160,17200,40,69
F,6,100,17160,17200,40,77
F,5,100,17160,17200,40,65
C,6,100,17160,17200,40,72
F,6,100,17220,17300,80,77
C,6,100,17220,17300,80,72
G,5,100,17220,17300,80,67
F,5,100,17220,17300,80,65
F,6,100,17340,17420,80,77
C,6,100,17340,17420,80,72
G,5,100,17340,17420,80,67
F,5,100,17340,17420,80,65
F,6,100,17460,17500,40,77
C,6,100,17460,17500,40,72
G,5,100,17460,17500,40,67
F,5,100,17460,17500,40,65
D,5,100,17520,17840,320,62
F,6,100,17520,17840,320,77
D,6,100,17520,17840,320,74
A,5,100,17520,17840,320,69
C#,6,100,18480,18520,40,73
E,5,100,18480,18520,40,64
E,6,100,18480,18520,40,76
A,4,100,18480,18520,40,57
A,5,100,18480,18520,40,69
C#,6,100,18540,18580,40,73
E,5,100,18540,18580,40,64
E,6,100,18540,18580,40,76
A,4,100,18540,18580,40,57
A,5,100,18540,18580,40,69
A,4,100,18660,18740,80,57
C#,6,100,18660,18740,80,73
E,6,100,18660,18740,80,76
A,5,100,18660,18740,80,69
E,5,100,18660,18740,80,64
E,5,100,18780,18860,80,64
A,5,100,18780,18860,80,69
E,6,100,18780,18860,80,76
C#,6,100,18780,18860,80,73
A,4,100,18780,18860,80,57
E,5,100,18900,18940,40,64
A,5,100,18900,18940,40,69
E,6,100,18900,18940,40,76
C#,6,100,18900,18940,40,73
A,4,100,18900,18940,40,57
C#,6,100,18960,19000,40,73
E,5,100,18960,19000,40,64
E,6,100,18960,19000,40,76
A,4,100,18960,19000,40,57
A,5,100,18960,19000,40,69
C#,6,100,19020,19060,40,73
E,5,100,19020,19060,40,64
E,6,100,19020,19060,40,76
A,4,100,19020,19060,40,57
A,5,100,19020,19060,40,69
A,4,100,19140,19220,80,57
C#,6,100,19140,19220,80,73
E,6,100,19140,19220,80,76
A,5,100,19140,19220,80,69
E,5,100,19140,19220,80,64
E,5,100,19260,19340,80,64
A,5,100,19260,19340,80,69
E,6,100,19260,19340,80,76
C#,6,100,19260,19340,80,73
A,4,100,19260,19340,80,57
E,5,100,19380,19420,40,64
A,5,100,19380,19420,40,69
E,6,100,19380,19420,40,76
C#,6,100,19380,19420,40,73
A,4,100,19380,19420,40,57
F,6,100,19440,19480,40,77
D,5,100,19440,19480,40,62
A,5,100,19440,19480,40,69
D,6,100,19440,19480,40,74
F,6,100,19500,19540,40,77
D,5,100,19500,19540,40,62
A,5,100,19500,19540,40,69
D,6,100,19500,19540,40,74
F,6,100,19620,19700,80,77
D,6,100,19620,19700,80,74
A,5,100,19620,19700,80,69
D,5,100,19620,19700,80,62
F,6,100,19740,19820,80,77
D,5,100,19740,19820,80,62
A,5,100,19740,19820,80,69
D,6,100,19740,19820,80,74
F,6,100,19860,19900,40,77
D,6,100,19860,19900,40,74
A,5,100,19860,19900,40,69
D,5,100,19860,19900,40,62
F,6,100,19920,19960,40,77
D,5,100,19920,19960,40,62
A,5,100,19920,19960,40,69
D,6,100,19920,19960,40,74
F,6,100,19980,20020,40,77
D,5,100,19980,20020,40,62
A,5,100,19980,20020,40,69
D,6,100,19980,20020,40,74
F,6,100,20100,20180,80,77
D,6,100,20100,20180,80,74
A,5,100,20100,20180,80,69
D,5,100,20100,20180,80,62
F,6,100,20220,20300,80,77
D,5,100,20220,20300,80,62
A,5,100,20220,20300,80,69
D,6,100,20220,20300,80,74
F,6,100,20340,20380,40,77
D,6,100,20340,20380,40,74
A,5,100,20340,20380,40,69
D,5,100,20340,20380,40,62
C#,6,100,20400,20440,40,73
E,5,100,20400,20440,40,64
E,6,100,20400,20440,40,76
A,4,100,20400,20440,40,57
A,5,100,20400,20440,40,69
C#,6,100,20460,20500,40,73
E,5,100,20460,20500,40,64
E,6,100,20460,20500,40,76
A,4,100,20460,20500,40,57
A,5,100,20460,20500,40,69
A,4,100,20580,20660,80,57
C#,6,100,20580,20660,80,73
E,6,100,20580,20660,80,76
A,5,100,20580,20660,80,69
E,5,100,20580,20660,80,64
E,5,100,20700,20780,80,64
A,5,100,20700,20780,80,69
E,6,100,20700,20780,80,76
C#,6,100,20700,20780,80,73
A,4,100,20700,20780,80,57
E,5,100,20820,20860,40,64
A,5,100,20820,20860,40,69
E,6,100,20820,20860,40,76
C#,6,100,20820,20860,40,73
A,4,100,20820,20860,40,57
C#,6,100,20880,20920,40,73
E,5,100,20880,20920,40,64
E,6,100,20880,20920,40,76
A,4,100,20880,20920,40,57
A,5,100,20880,20920,40,69
C#,6,100,20940,20980,40,73
E,5,100,20940,20980,40,64
E,6,100,20940,20980,40,76
A,4,100,20940,20980,40,57
A,5,100,20940,20980,40,69
A,4,100,21060,21140,80,57
C#,6,100,21060,21140,80,73
E,6,100,21060,21140,80,76
A,5,100,21060,21140,80,69
E,5,100,21060,21140,80,64
E,5,100,21180,21260,80,64
A,5,100,21180,21260,80,69
E,6,100,21180,21260,80,76
C#,6,100,21180,21260,80,73
A,4,100,21180,21260,80,57
A,5,100,21300,21340,40,69
A,4,100,21300,21340,40,57
E,6,100,21300,21340,40,76
C#,6,100,21300,21340,40,73
E,5,100,21300,21340,40,64
F,6,100,21360,21400,40,77
A,5,100,21360,21400,40,69
C,5,100,21360,21400,40,60
F,5,100,21360,21400,40,65
C,6,100,21360,21400,40,72
F,6,100,21420,21460,40,77
A,5,100,21420,21460,40,69
C,5,100,21420,21460,40,60
F,5,100,21420,21460,40,65
C,6,100,21420,21460,40,72
C,5,100,21540,21620,80,60
A,5,100,21540,21620,80,69
F,6,100,21540,21620,80,77
C,6,100,21540,21620,80,72
F,5,100,21540,21620,80,65
C,5,100,21660,21740,80,60
A,5,100,21660,21740,80,69
F,6,100,21660,21740,80,77
F,5,100,21660,21740,80,65
C,6,100,21660,21740,80,72
C,5,100,21780,21820,40,60
A,5,100,21780,21820,40,69
F,6,100,21780,21820,40,77
C,6,100,21780,21820,40,72
F,5,100,21780,21820,40,65
F,6,100,21840,21880,40,77
A,5,100,21840,21880,40,69
C,5,100,21840,21880,40,60
F,5,100,21840,21880,40,65
C,6,100,21840,21880,40,72
F,6,100,21900,21940,40,77
A,5,100,21900,21940,40,69
C,5,100,21900,21940,40,60
F,5,100,21900,21940,40,65
C,6,100,21900,21940,40,72
C,5,100,22020,22100,80,60
A,5,100,22020,22100,80,69
F,6,100,22020,22100,80,77
C,6,100,22020,22100,80,72
F,5,100,22020,22100,80,65
C,5,100,22140,22220,80,60
A,5,100,22140,22220,80,69
F,6,100,22140,22220,80,77
F,5,100,22140,22220,80,65
C,6,100,22140,22220,80,72
C,5,100,22260,22300,40,60
A,5,100,22260,22300,40,69
F,6,100,22260,22300,40,77
C,6,100,22260,22300,40,72
F,5,100,22260,22300,40,65
E,6,100,22320,22360,40,76
C,5,100,22320,22360,40,60
G,5,100,22320,22360,40,67
C,6,100,22320,22360,40,72
C,5,100,22380,22420,40,60
E,6,100,22380,22420,40,76
C,6,100,22380,22420,40,72
G,5,100,22380,22420,40,67
C,5,100,22500,22580,80,60
E,6,100,22500,22580,80,76
C,6,100,22500,22580,80,72
G,5,100,22500,22580,80,67
E,6,100,22620,22700,80,76
C,5,100,22620,22700,80,60
G,5,100,22620,22700,80,67
C,6,100,22620,22700,80,72
E,6,100,22740,22780,40,76
C,5,100,22740,22780,40,60
G,5,100,22740,22780,40,67
C,6,100,22740,22780,40,72
E,6,100,22800,22840,40,76
C,5,100,22800,22840,40,60
G,5,100,22800,22840,40,67
C,6,100,22800,22840,40,72
C,5,100,22860,22900,40,60
E,6,100,22860,22900,40,76
C,6,100,22860,22900,40,72
G,5,100,22860,22900,40,67
C,5,100,22980,23060,80,60
E,6,100,22980,23060,80,76
C,6,100,22980,23060,80,72
G,5,100,22980,23060,80,67
E,6,100,23100,23180,80,76
C,5,100,23100,23180,80,60
G,5,100,23100,23180,80,67
C,6,100,23100,23180,80,72
E,6,100,23220,23260,40,76
C,5,100,23220,23260,40,60
G,5,100,23220,23260,40,67
C,6,100,23220,23260,40,72
C#,6,100,23280,23320,40,73
E,5,100,23280,23320,40,64
E,6,100,23280,23320,40,76
A,4,100,23280,23320,40,57
A,5,100,23280,23320,40,69
C#,6,100,23340,23380,40,73
E,5,100,23340,23380,40,64
E,6,100,23340,23380,40,76
A,4,100,23340,23380,40,57
A,5,100,23340,23380,40,69
A,4,100,23460,23540,80,57
C#,6,100,23460,23540,80,73
E,6,100,23460,23540,80,76
A,5,100,23460,23540,80,69
E,5,100,23460,23540,80,64
E,5,100,23580,23660,80,64
A,5,100,23580,23660,80,69
E,6,100,23580,23660,80,76
C#,6,100,23580,23660,80,73
A,4,100,23580,23660,80,57
E,5,100,23700,23740,40,64
A,5,100,23700,23740,40,69
E,6,100,23700,23740,40,76
C#,6,100,23700,23740,40,73
A,4,100,23700,23740,40,57
C#,6,100,23760,23800,40,73
E,5,100,23760,23800,40,64
E,6,100,23760,23800,40,76
A,4,100,23760,23800,40,57
A,5,100,23760,23800,40,69
C#,6,100,23820,23860,40,73
E,5,100,23820,23860,40,64
E,6,100,23820,23860,40,76
A,4,100,23820,23860,40,57
A,5,100,23820,23860,40,69
F,6,100,24000,24080,80,77
D,6,100,24000,24080,80,74
A,5,100,24000,24080,80,69
D,5,100,24000,24080,80,62
D,5,100,24180,24280,100,62
F,6,100,24180,24280,100,77
D,6,100,24180,24280,100,74
A,5,100,24180,24280,100,69
F,6,100,24300,24340,40,77
D,5,100,24300,24340,40,62
A,5,100,24300,24340,40,69
D,6,100,24300,24340,40,74
F,6,100,24420,24500,80,77
D,6,100,24420,24500,80,74
A,5,100,24420,24500,80,69
D,5,100,24420,24500,80,62
F,6,100,24540,24620,80,77
D,5,100,24540,24620,80,62
A,5,100,24540,24620,80,69
D,6,100,24540,24620,80,74
F,6,100,24660,24700,40,77
D,6,100,24660,24700,40,74
A,5,100,24660,24700,40,69
D,5,100,24660,24700,40,62
F,6,100,24720,24760,40,77
D,5,100,24720,24760,40,62
A,5,100,24720,24760,40,69
D,6,100,24720,24760,40,74
F,6,100,24780,24820,40,77
D,5,100,24780,24820,40,62
A,5,100,24780,24820,40,69
D,6,100,24780,24820,40,74
F,6,100,24900,24980,80,77
D,6,100,24900,24980,80,74
A,5,100,24900,24980,80,69
D,5,100,24900,24980,80,62
C,5,127,25920,25960,40,60
D,5,127,25980,26020,40,62
E,5,127,26040,26080,40,64
F,5,127,26100,26140,40,65
G,5,127,26160,26200,40,67
A,5,127,26220,26260,40,69
A#,5,127,26280,26320,40,70
C,6,127,26340,26380,40,72
F,4,127,26400,26440,40,53
G,4,127,26460,26500,40,55
A,4,127,26520,26560,40,57
A#,4,127,26580,26620,40,58
C,5,127,26640,26680,40,60
D,5,127,26700,26740,40,62
E,5,127,26760,26800,40,64
F,5,127,26820,26860,40,65
D,5,127,26880,27000,120,62
A#,4,127,26880,27000,120,58
A#,5,127,26880,27000,120,70
F,5,127,26880,27000,120,65
A#,4,127,27060,27100,40,58
A#,5,127,27060,27100,40,70
F,5,127,27060,27100,40,65
D,5,127,27060,27100,40,62
D,5,127,27120,27200,80,62
D,6,127,27120,27200,80,74
F,5,127,27240,27320,80,65
A#,5,127,27240,27320,80,70
A#,4,127,27240,27320,80,58
D,5,127,27240,27320,80,62
F,4,127,27360,27400,40,53
G,4,127,27420,27460,40,55
A,4,127,27480,27520,40,57
A#,4,127,27540,27580,40,58
C,5,127,27600,27640,40,60
D,5,127,27660,27700,40,62
E,5,127,27720,27760,40,64
F,5,127,27780,27820,40,65
C,5,127,27840,27880,40,60
D,5,127,27900,27940,40,62
E,5,127,27960,28000,40,64
F,5,127,28020,28060,40,65
G,5,127,28080,28120,40,67
A,5,127,28140,28180,40,69
A#,5,127,28200,28240,40,70
C,6,127,28260,28300,40,72
F,4,127,28320,28360,40,53
G,4,127,28380,28420,40,55
A,4,127,28440,28480,40,57
A#,4,127,28500,28540,40,58
C,5,127,28560,28600,40,60
D,5,127,28620,28660,40,62
E,5,127,28680,28720,40,64
F,5,127,28740,28780,40,65
D,5,127,28800,28920,120,62
A#,4,127,28800,28920,120,58
A#,5,127,28800,28920,120,70
F,5,127,28800,28920,120,65
A#,4,127,28980,29020,40,58
A#,5,127,28980,29020,40,70
F,5,127,28980,29020,40,65
D,5,127,28980,29020,40,62
D,6,127,29040,29120,80,74
D,5,127,29040,29120,80,62
A#,4,127,29160,29240,80,58
A#,5,127,29160,29240,80,70
F,5,127,29160,29240,80,65
D,5,127,29160,29240,80,62
A,5,100,31200,31240,40,69
F,6,100,31200,31240,40,77
F,5,100,31200,31240,40,65
C,6,100,31200,31240,40,72
A,5,100,31260,31300,40,69
F,6,100,31260,31300,40,77
F,5,100,31260,31300,40,65
C,6,100,31260,31300,40,72
F,6,100,31380,31460,80,77
C,6,100,31380,31460,80,72
G,5,100,31380,31460,80,67
F,5,100,31380,31460,80,65
F,6,100,31500,31580,80,77
C,6,100,31500,31580,80,72
G,5,100,31500,31580,80,67
F,5,100,31500,31580,80,65
F,6,100,31620,31660,40,77
C,6,100,31620,31660,40,72
G,5,100,31620,31660,40,67
F,5,100,31620,31660,40,65
A,5,100,31680,31720,40,69
F,6,100,31680,31720,40,77
F,5,100,31680,31720,40,65
C,6,100,31680,31720,40,72
A,5,100,31740,31780,40,69
F,6,100,31740,31780,40,77
F,5,100,31740,31780,40,65
C,6,100,31740,31780,40,72
F,6,100,31860,31940,80,77
C,6,100,31860,31940,80,72
G,5,100,31860,31940,80,67
F,5,100,31860,31940,80,65
F,6,100,31980,32060,80,77
C,6,100,31980,32060,80,72
G,5,100,31980,32060,80,67
F,5,100,31980,32060,80,65
F,6,100,32100,32140,40,77
C,6,100,32100,32140,40,72
G,5,100,32100,32140,40,67
F,5,100,32100,32140,40,65
F,6,100,32160,32200,40,77
D,5,100,32160,32200,40,62
A,5,100,32160,32200,40,69
D,6,100,32160,32200,40,74
F,6,100,32220,32260,40,77
D,5,100,32220,32260,40,62
A,5,100,32220,32260,40,69
D,6,100,32220,32260,40,74
F,6,100,32340,32420,80,77
D,6,100,32340,32420,80,74
A,5,100,32340,32420,80,69
D,5,100,32340,32420,80,62
F,6,100,32460,32540,80,77
D,5,100,32460,32540,80,62
A,5,100,32460,32540,80,69
D,6,100,32460,32540,80,74
F,6,100,32580,32620,40,77
D,6,100,32580,32620,40,74
A,5,100,32580,32620,40,69
D,5,100,32580,32620,40,62
F,6,100,32640,32680,40,77
D,5,100,32640,32680,40,62
A,5,100,32640,32680,40,69
D,6,100,32640,32680,40,74
F,6,100,32700,32740,40,77
D,5,100,32700,32740,40,62
A,5,100,32700,32740,40,69
D,6,100,32700,32740,40,74
F,6,100,32820,32900,80,77
D,6,100,32820,32900,80,74
A,5,100,32820,32900,80,69
D,5,100,32820,32900,80,62
F,6,100,32940,33020,80,77
D,5,100,32940,33020,80,62
A,5,100,32940,33020,80,69
D,6,100,32940,33020,80,74
F,6,100,33060,33100,40,77
D,6,100,33060,33100,40,74
A,5,100,33060,33100,40,69
D,5,100,33060,33100,40,62
C#,6,100,33120,33160,40,73
E,6,100,33120,33160,40,76
E,5,100,33120,33160,40,64
A,5,100,33120,33160,40,69
C#,6,100,33180,33220,40,73
E,6,100,33180,33220,40,76
E,5,100,33180,33220,40,64
A,5,100,33180,33220,40,69
E,5,100,33300,33380,80,64
E,6,100,33300,33380,80,76
A,5,100,33300,33380,80,69
C#,6,100,33300,33380,80,73
E,5,100,33420,33500,80,64
E,6,100,33420,33500,80,76
C#,6,100,33420,33500,80,73
A,5,100,33420,33500,80,69
E,5,100,33540,33580,40,64
E,6,100,33540,33580,40,76
C#,6,100,33540,33580,40,73
A,5,100,33540,33580,40,69
C#,6,100,33600,33640,40,73
E,6,100,33600,33640,40,76
E,5,100,33600,33640,40,64
A,5,100,33600,33640,40,69
C#,6,100,33660,33700,40,73
E,6,100,33660,33700,40,76
E,5,100,33660,33700,40,64
A,5,100,33660,33700,40,69
E,5,100,33780,33860,80,64
E,6,100,33780,33860,80,76
A,5,100,33780,33860,80,69
C#,6,100,33780,33860,80,73
E,5,100,33900,33980,80,64
E,6,100,33900,33980,80,76
C#,6,100,33900,33980,80,73
A,5,100,33900,33980,80,69
E,5,100,34020,34060,40,64
E,6,100,34020,34060,40,76
C#,6,100,34020,34060,40,73
A,5,100,34020,34060,40,69
F,6,100,34080,34120,40,77
D,5,100,34080,34120,40,62
A,5,100,34080,34120,40,69
D,6,100,34080,34120,40,74
F,6,100,34140,34180,40,77
D,5,100,34140,34180,40,62
A,5,100,34140,34180,40,69
D,6,100,34140,34180,40,74
F,6,100,34260,34340,80,77
D,6,100,34260,34340,80,74
A,5,100,34260,34340,80,69
D,5,100,34260,34340,80,62
F,6,100,34380,34460,80,77
D,5,100,34380,34460,80,62
A,5,100,34380,34460,80,69
D,6,100,34380,34460,80,74
F,6,100,34500,34540,40,77
D,6,100,34500,34540,40,74
A,5,100,34500,34540,40,69
D,5,100,34500,34540,40,62
F,6,100,34560,34600,40,77
D,5,100,34560,34600,40,62
A,5,100,34560,34600,40,69
D,6,100,34560,34600,40,74
F,6,100,34620,34660,40,77
D,5,100,34620,34660,40,62
A,5,100,34620,34660,40,69
D,6,100,34620,34660,40,74
F,6,100,34740,34820,80,77
D,6,100,34740,34820,80,74
A,5,100,34740,34820,80,69
D,5,100,34740,34820,80,62
F,6,100,34860,34940,80,77
D,5,100,34860,34940,80,62
A,5,100,34860,34940,80,69
D,6,100,34860,34940,80,74
F,6,100,34980,35020,40,77
D,6,100,34980,35020,40,74
A,5,100,34980,35020,40,69
D,5,100,34980,35020,40,62
F,6,100,35040,35080,40,77
F,5,100,35040,35080,40,65
A,5,100,35040,35080,40,69
C,6,100,35040,35080,40,72
F,6,100,35100,35140,40,77
F,5,100,35100,35140,40,65
A,5,100,35100,35140,40,69
C,6,100,35100,35140,40,72
F,5,100,35220,35300,80,65
F,6,100,35220,35300,80,77
C,6,100,35220,35300,80,72
A,5,100,35220,35300,80,69
C,6,100,35340,35420,80,72
F,6,100,35340,35420,80,77
F,5,100,35340,35420,80,65
A,5,100,35340,35420,80,69
F,5,100,35460,35500,40,65
F,6,100,35460,35500,40,77
C,6,100,35460,35500,40,72
A,5,100,35460,35500,40,69
F,6,100,35520,35560,40,77
F,5,100,35520,35560,40,65
A,5,100,35520,35560,40,69
C,6,100,35520,35560,40,72
F,6,100,35580,35620,40,77
F,5,100,35580,35620,40,65
A,5,100,35580,35620,40,69
C,6,100,35580,35620,40,72
F,5,100,35700,35780,80,65
F,6,100,35700,35780,80,77
C,6,100,35700,35780,80,72
A,5,100,35700,35780,80,69
C,6,100,35820,35900,80,72
F,6,100,35820,35900,80,77
F,5,100,35820,35900,80,65
A,5,100,35820,35900,80,69
F,5,100,35940,35980,40,65
F,6,100,35940,35980,40,77
C,6,100,35940,35980,40,72
A,5,100,35940,35980,40,69
F,6,100,36000,36040,40,77
D,5,100,36000,36040,40,62
A,5,100,36000,36040,40,69
D,6,100,36000,36040,40,74
F,6,100,36060,36100,40,77
D,5,100,36060,36100,40,62
A,5,100,36060,36100,40,69
D,6,100,36060,36100,40,74
F,6,100,36180,36260,80,77
D,6,100,36180,36260,80,74
A,5,100,36180,36260,80,69
D,5,100,36180,36260,80,62
F,6,100,36300,36380,80,77
D,5,100,36300,36380,80,62
A,5,100,36300,36380,80,69
D,6,100,36300,36380,80,74
F,6,100,36420,36460,40,77
D,6,100,36420,36460,40,74
A,5,100,36420,36460,40,69
D,5,100,36420,36460,40,62
F,6,100,36480,36520,40,77
D,5,100,36480,36520,40,62
A,5,100,36480,36520,40,69
D,6,100,36480,36520,40,74
F,6,100,36540,36580,40,77
D,5,100,36540,36580,40,62
A,5,100,36540,36580,40,69
D,6,100,36540,36580,40,74
F,6,100,36660,36740,80,77
D,6,100,36660,36740,80,74
A,5,100,36660,36740,80,69
D,5,100,36660,36740,80,62
F,6,100,36780,36860,80,77
D,5,100,36780,36860,80,62
A,5,100,36780,36860,80,69
D,6,100,36780,36860,80,74
F,6,100,36900,36940,40,77
D,6,100,36900,36940,40,74
A,5,100,36900,36940,40,69
D,5,100,36900,36940,40,62
C#,6,100,36960,37000,40,73
E,6,100,36960,37000,40,76
E,5,100,36960,37000,40,64
A,5,100,36960,37000,40,69
C#,6,100,37020,37060,40,73
E,6,100,37020,37060,40,76
E,5,100,37020,37060,40,64
A,5,100,37020,37060,40,69
E,5,100,37140,37220,80,64
E,6,100,37140,37220,80,76
A,5,100,37140,37220,80,69
C#,6,100,37140,37220,80,73
E,5,100,37260,37340,80,64
E,6,100,37260,37340,80,76
C#,6,100,37260,37340,80,73
A,5,100,37260,37340,80,69
E,5,100,37380,37420,40,64
E,6,100,37380,37420,40,76
C#,6,100,37380,37420,40,73
A,5,100,37380,37420,40,69
C#,6,100,37440,37480,40,73
E,6,100,37440,37480,40,76
E,5,100,37440,37480,40,64
A,5,100,37440,37480,40,69
C#,6,100,37500,37540,40,73
E,6,100,37500,37540,40,76
E,5,100,37500,37540,40,64
A,5,100,37500,37540,40,69
E,5,100,37620,37700,80,64
E,6,100,37620,37700,80,76
A,5,100,37620,37700,80,69
C#,6,100,37620,37700,80,73
E,5,100,37740,37820,80,64
E,6,100,37740,37820,80,76
C#,6,100,37740,37820,80,73
A,5,100,37740,37820,80,69
E,5,100,37860,37900,40,64
E,6,100,37860,37900,40,76
C#,6,100,37860,37900,40,73
A,5,100,37860,37900,40,69
F,6,100,37920,37960,40,77
D,5,100,37920,37960,40,62
A,5,100,37920,37960,40,69
D,6,100,37920,37960,40,74
F,6,100,37980,38020,40,77
D,5,100,37980,38020,40,62
A,5,100,37980,38020,40,69
D,6,100,37980,38020,40,74
F,6,100,38100,38180,80,77
D,6,100,38100,38180,80,74
A,5,100,38100,38180,80,69
D,5,100,38100,38180,80,62
F,6,100,38220,38300,80,77
D,5,100,38220,38300,80,62
A,5,100,38220,38300,80,69
D,6,100,38220,38300,80,74
F,6,100,38340,38380,40,77
D,6,100,38340,38380,40,74
A,5,100,38340,38380,40,69
D,5,100,38340,38380,40,62
F,6,100,38400,38440,40,77
D,5,100,38400,38440,40,62
A,5,100,38400,38440,40,69
D,6,100,38400,38440,40,74
F,6,100,38460,38500,40,77
D,5,100,38460,38500,40,62
A,5,100,38460,38500,40,69
D,6,100,38460,38500,40,74
F,6,100,38580,38660,80,77
D,6,100,38580,38660,80,74
A,5,100,38580,38660,80,69
D,5,100,38580,38660,80,62
F,6,100,38700,38780,80,77
D,5,100,38700,38780,80,62
A,5,100,38700,38780,80,69
D,6,100,38700,38780,80,74
F,6,100,38820,38860,40,77
D,6,100,38820,38860,40,74
A,5,100,38820,38860,40,69
D,5,100,38820,38860,40,62
F,6,100,38880,38920,40,77
F,5,100,38880,38920,40,65
A,5,100,38880,38920,40,69
C,6,100,38880,38920,40,72
F,6,100,38940,38980,40,77
F,5,100,38940,38980,40,65
A,5,100,38940,38980,40,69
C,6,100,38940,38980,40,72
F,5,100,39060,39140,80,65
F,6,100,39060,39140,80,77
C,6,100,39060,39140,80,72
A,5,100,39060,39140,80,69
C,6,100,39180,39260,80,72
F,6,100,39180,39260,80,77
F,5,100,39180,39260,80,65
A,5,100,39180,39260,80,69
F,5,100,39300,39340,40,65
F,6,100,39300,39340,40,77
C,6,100,39300,39340,40,72
A,5,100,39300,39340,40,69
F,6,100,39360,39400,40,77
F,5,100,39360,39400,40,65
A,5,100,39360,39400,40,69
C,6,100,39360,39400,40,72
F,6,100,39420,39460,40,77
F,5,100,39420,39460,40,65
A,5,100,39420,39460,40,69
C,6,100,39420,39460,40,72
F,5,100,39540,39620,80,65
F,6,100,39540,39620,80,77
C,6,100,39540,39620,80,72
A,5,100,39540,39620,80,69
C,6,100,39660,39740,80,72
F,6,100,39660,39740,80,77
F,5,100,39660,39740,80,65
A,5,100,39660,39740,80,69
F,5,100,39780,39820,40,65
F,6,100,39780,39820,40,77
C,6,100,39780,39820,40,72
A,5,100,39780,39820,40,69
F,6,100,39840,39880,40,77
D,5,100,39840,39880,40,62
A,5,100,39840,39880,40,69
D,6,100,39840,39880,40,74
F,6,100,39900,39940,40,77
D,5,100,39900,39940,40,62
A,5,100,39900,39940,40,69
D,6,100,39900,39940,40,74
F,6,100,40020,40100,80,77
D,6,100,40020,40100,80,74
A,5,100,40020,40100,80,69
D,5,100,40020,40100,80,62
F,6,100,40140,40220,80,77
D,5,100,40140,40220,80,62
A,5,100,40140,40220,80,69
D,6,100,40140,40220,80,74
F,6,100,40260,40300,40,77
D,6,100,40260,40300,40,74
A,5,100,40260,40300,40,69
D,5,100,40260,40300,40,62
F,6,100,40320,40360,40,77
D,5,100,40320,40360,40,62
A,5,100,40320,40360,40,69
D,6,100,40320,40360,40,74
F,6,100,40380,40420,40,77
D,5,100,40380,40420,40,62
A,5,100,40380,40420,40,69
D,6,100,40380,40420,40,74
F,6,100,40500,40580,80,77
D,6,100,40500,40580,80,74
A,5,100,40500,40580,80,69
D,5,100,40500,40580,80,62
F,6,100,40620,40700,80,77
D,5,100,40620,40700,80,62
A,5,100,40620,40700,80,69
D,6,100,40620,40700,80,74
F,6,100,40740,40780,40,77
D,6,100,40740,40780,40,74
A,5,100,40740,40780,40,69
D,5,100,40740,40780,40,62
C#,6,100,40800,40840,40,73
E,6,100,40800,40840,40,76
E,5,100,40800,40840,40,64
A,5,100,40800,40840,40,69
C#,6,100,40860,40900,40,73
E,6,100,40860,40900,40,76
E,5,100,40860,40900,40,64
A,5,100,40860,40900,40,69
E,5,100,40980,41060,80,64
E,6,100,40980,41060,80,76
A,5,100,40980,41060,80,69
C#,6,100,40980,41060,80,73
E,5,100,41100,41180,80,64
E,6,100,41100,41180,80,76
C#,6,100,41100,41180,80,73
A,5,100,41100,41180,80,69
E,5,100,41220,41260,40,64
E,6,100,41220,41260,40,76
C#,6,100,41220,41260,40,73
A,5,100,41220,41260,40,69
C#,6,100,41280,41320,40,73
E,6,100,41280,41320,40,76
E,5,100,41280,41320,40,64
A,5,100,41280,41320,40,69
C#,6,100,41340,41380,40,73
E,6,100,41340,41380,40,76
E,5,100,41340,41380,40,64
A,5,100,41340,41380,40,69
E,5,100,41460,41540,80,64
E,6,100,41460,41540,80,76
A,5,100,41460,41540,80,69
C#,6,100,41460,41540,80,73
E,5,100,41580,41660,80,64
E,6,100,41580,41660,80,76
C#,6,100,41580,41660,80,73
A,5,100,41580,41660,80,69
E,5,100,41700,41740,40,64
E,6,100,41700,41740,40,76
C#,6,100,41700,41740,40,73
A,5,100,41700,41740,40,69
F,6,100,41760,41800,40,77
D,5,100,41760,41800,40,62
A,5,100,41760,41800,40,69
D,6,100,41760,41800,40,74
F,6,100,41820,41860,40,77
D,5,100,41820,41860,40,62
A,5,100,41820,41860,40,69
D,6,100,41820,41860,40,74
F,6,100,41940,42020,80,77
D,6,100,41940,42020,80,74
A,5,100,41940,42020,80,69
D,5,100,41940,42020,80,62
F,6,100,42060,42140,80,77
D,5,100,42060,42140,80,62
A,5,100,42060,42140,80,69
D,6,100,42060,42140,80,74
F,6,100,42180,42220,40,77
D,6,100,42180,42220,40,74
A,5,100,42180,42220,40,69
D,5,100,42180,42220,40,62
F,6,100,42240,42280,40,77
D,5,100,42240,42280,40,62
A,5,100,42240,42280,40,69
D,6,100,42240,42280,40,74
F,6,100,42300,42340,40,77
D,5,100,42300,42340,40,62
A,5,100,42300,42340,40,69
D,6,100,42300,42340,40,74
F,6,100,42420,42500,80,77
D,6,100,42420,42500,80,74
A,5,100,42420,42500,80,69
D,5,100,42420,42500,80,62
F,6,100,42540,42620,80,77
D,5,100,42540,42620,80,62
A,5,100,42540,42620,80,69
D,6,100,42540,42620,80,74
F,6,127,42660,42700,40,77
D,6,100,42660,42700,40,74
A,5,100,42660,42700,40,69
D,5,100,42660,42700,40,62
D,5,127,42720,43521,801,62
F,6,127,42720,43521,801,77
D,6,127,42720,43521,801,74
A,5,127,42720,43521,801,69
C,3,127,2220,2300,80,36
C,3,127,2340,2380,40,36
F,3,127,2400,2520,120,41
C,3,127,2580,2660,80,36
F,3,127,2700,2740,40,41
E,3,127,4020,4100,80,40
E,3,127,4200,4240,40,40
A,2,127,4320,4440,120,33
E,3,127,4500,4580,80,40
A,2,127,4620,4700,80,33
A,2,127,4740,4780,40,33
D,3,127,4800,4920,120,38
D,3,127,4980,5060,80,38
D,3,127,5100,5140,40,38
D,3,127,5160,5200,40,38
D,3,127,5220,5260,40,38
D,3,127,5280,5320,40,38
D,3,127,5340,5380,40,38
D,3,127,5400,5440,40,38
D,3,127,5460,5540,80,38
A,3,127,5580,5620,40,45
F,3,127,5700,5740,40,41
A,2,127,5760,5880,120,33
E,3,127,5940,6020,80,40
A,3,127,6060,6100,40,45
E,3,127,6120,6160,40,40
B,2,127,6180,6220,40,35
A,2,127,6240,6360,120,33
E,3,127,6420,6500,80,40
A,2,127,6540,6620,80,33
A,2,127,6660,6700,40,33
F,2,127,6900,6980,80,29
F,2,127,7020,7060,40,29
C,3,127,7080,7120,40,36
A,2,127,7140,7180,40,33
F,2,127,7200,7320,120,29
F,2,127,7380,7460,80,29
F,2,127,7500,7540,40,29
A,2,127,7560,7600,40,33
C,3,127,7620,7660,40,36
C,3,127,7680,7800,120,36
G,3,127,7860,7940,80,43
C,3,127,7980,8060,80,36
C,3,127,8100,8140,40,36
C,3,127,8160,8200,40,36
C,3,127,8220,8260,40,36
C,3,127,8280,8320,40,36
G,3,127,8340,8420,80,43
G,3,127,8460,8500,40,43
C,3,127,8520,8560,40,36
B,2,127,8580,8620,40,35
A,2,127,8640,8760,120,33
E,3,127,8820,8900,80,40
A,3,127,8940,8980,40,45
E,3,127,9000,9040,40,40
A,2,127,9120,9200,80,33
A,2,127,9240,9280,40,33
D,3,127,9360,9480,120,38
D,3,127,9540,9640,100,38
A,2,127,9660,9740,80,33
A,2,127,9780,9820,40,33
D,3,127,9840,9960,120,38
A,2,127,10020,10060,40,33
D,3,127,10080,10200,120,38
A,2,127,10260,10300,40,33
C,3,127,10320,10360,40,36
D,3,127,10380,10420,40,38
E,3,127,10440,10480,40,40
F,3,127,10500,10540,40,41
G,3,127,10560,10600,40,43
A,3,127,10620,10660,40,45
C,3,127,10800,10840,40,36
D,3,127,10860,10900,40,38
E,3,127,10920,10960,40,40
F,3,127,10980,11020,40,41
G,3,127,11040,11080,40,43
A,3,127,11100,11140,40,45
A#,3,127,11160,11200,40,46
C,4,127,11220,11260,40,48
C,3,127,11280,11320,40,36
D,3,127,11340,11380,40,38
E,3,127,11400,11440,40,40
F,3,127,11460,11500,40,41
G,3,127,11520,11560,40,43
A,3,127,11580,11620,40,45
A#,3,127,11640,11680,40,46
C,4,127,11700,11740,40,48
F,2,127,11760,11800,40,29
A,2,127,11880,11920,40,33
A#,2,127,11940,11980,40,34
C,3,127,12000,12040,40,36
D,3,127,12060,12100,40,38
E,3,127,12120,12160,40,40
F,3,127,12180,12220,40,41
A#,2,127,12240,12360,120,34
A#,2,127,12420,12460,40,34
D,3,127,12480,12560,80,38
A#,2,127,12600,12680,80,34
F,2,127,12720,12760,40,29
G,2,127,12780,12820,40,31
A,2,127,12840,12880,40,33
A#,2,127,12900,12940,40,34
C,3,127,12960,13000,40,36
D,3,127,13020,13060,40,38
E,3,127,13080,13120,40,40
F,3,127,13140,13180,40,41
C,3,127,13200,13240,40,36
D,3,127,13260,13300,40,38
E,3,127,13320,13360,40,40
F,3,127,13380,13420,40,41
G,3,127,13440,13480,40,43
A,3,127,13500,13540,40,45
A#,3,127,13560,13600,40,46
C,4,127,13620,13660,40,48
F,2,127,13680,13720,40,29
G,2,127,13740,13780,40,31
A,2,127,13800,13840,40,33
A#,2,127,13860,13900,40,34
C,3,127,13920,13960,40,36
D,3,127,13980,14020,40,38
E,3,127,14040,14080,40,40
F,3,127,14100,14140,40,41
A#,2,127,14160,14280,120,34
A#,2,127,14340,14380,40,34
D,3,127,14400,14480,80,38
A#,2,127,14520,14600,80,34
F,3,127,16560,16680,120,41
C,3,127,16740,16820,80,36
C,3,127,16860,16940,80,36
C,3,127,16980,17020,40,36
F,3,127,17040,17160,120,41
C,3,127,17220,17300,80,36
F,3,127,17340,17380,40,41
E,3,127,17400,17440,40,40
D#,3,127,17460,17500,40,39
D,3,127,17520,17840,320,38
A,2,127,18480,18600,120,33
E,3,127,18660,18740,80,40
A,3,127,18780,18820,40,45
E,3,127,18840,18880,40,40
B,2,127,18900,18940,40,35
A,2,127,18960,19080,120,33
E,3,127,19140,19220,80,40
A,2,127,19260,19340,80,33
A,2,127,19380,19420,40,33
D,3,127,19440,19560,120,38
D,3,127,19620,19700,80,38
D,3,127,19740,19780,40,38
D,3,127,19800,19840,40,38
D,3,127,19860,19900,40,38
D,3,127,19920,19960,40,38
D,3,127,19980,20020,40,38
D,3,127,20040,20080,40,38
D,3,127,20100,20180,80,38
A,3,127,20220,20260,40,45
G,3,127,20280,20320,40,43
F,3,127,20340,20380,40,41
A,2,127,20400,20520,120,33
E,3,127,20580,20660,80,40
A,3,127,20700,20740,40,45
E,3,127,20760,20800,40,40
B,2,127,20820,20860,40,35
A,2,127,20880,21000,120,33
E,3,127,21060,21140,80,40
A,2,127,21180,21260,80,33
A,2,127,21300,21340,40,33
F,2,127,21360,21480,120,29
F,2,127,21540,21620,80,29
F,2,127,21660,21700,40,29
C,3,127,21720,21760,40,36
A,2,127,21780,21820,40,33
F,2,127,21840,21960,120,29
F,2,127,22020,22100,80,29
F,2,127,22140,22180,40,29
A,2,127,22200,22240,40,33
C,3,127,22260,22300,40,36
C,3,127,22320,22440,120,36
G,3,127,22500,22580,80,43
C,3,127,22620,22700,80,36
C,3,127,22740,22780,40,36
C,3,127,22800,22840,40,36
C,3,127,22860,22900,40,36
C,3,127,22920,22960,40,36
G,3,127,22980,23060,80,43
G,3,127,23100,23140,40,43
C,3,127,23160,23200,40,36
B,2,127,23220,23260,40,35
A,2,127,23280,23400,120,33
E,3,127,23460,23540,80,40
A,3,127,23580,23620,40,45
E,3,127,23640,23680,40,40
A#,2,127,23700,23740,40,34
A,2,127,23760,23840,80,33
A,2,127,23880,23920,40,33
C#,3,127,23940,23980,40,37
D,3,127,24000,24120,120,38
D,3,127,24180,24280,100,38
A,2,127,24300,24380,80,33
A,2,127,24420,24460,40,33
D,3,127,24480,24600,120,38
A,2,127,24660,24700,40,33
D,3,127,24720,24840,120,38
A,2,127,24900,24940,40,33
C,3,127,24960,25000,40,36
D,3,127,25020,25060,40,38
E,3,127,25080,25120,40,40
F,3,127,25140,25180,40,41
G,3,127,25200,25240,40,43
A,3,127,25260,25300,40,45
A#,3,127,25320,25360,40,46
C,4,127,25380,25420,40,48
C,3,127,25440,25480,40,36
D,3,127,25500,25540,40,38
E,3,127,25560,25600,40,40
F,3,127,25620,25660,40,41
G,3,127,25680,25720,40,43
A,3,127,25740,25780,40,45
A#,3,127,25800,25840,40,46
C,4,127,25860,25900,40,48
C,3,127,25920,25960,40,36
D,3,127,25980,26020,40,38
E,3,127,26040,26080,40,40
F,3,127,26100,26140,40,41
G,3,127,26160,26200,40,43
A,3,127,26220,26260,40,45
A#,3,127,26280,26320,40,46
C,4,127,26340,26380,40,48
F,2,127,26400,26440,40,29
G,2,127,26460,26500,40,31
A,2,127,26520,26560,40,33
A#,2,127,26580,26620,40,34
C,3,127,26640,26680,40,36
D,3,127,26700,26740,40,38
E,3,127,26760,26800,40,40
F,3,127,26820,26860,40,41
A#,2,127,26880,27000,120,34
A#,2,127,27060,27100,40,34
D,3,127,27120,27200,80,38
A#,2,127,27240,27320,80,34
F,2,127,27360,27400,40,29
G,2,127,27420,27460,40,31
A,2,127,27480,27520,40,33
A#,2,127,27540,27580,40,34
C,3,127,27600,27640,40,36
D,3,127,27660,27700,40,38
E,3,127,27720,27760,40,40
F,3,127,27780,27820,40,41
C,3,127,27840,27880,40,36
D,3,127,27900,27940,40,38
E,3,127,27960,28000,40,40
F,3,127,28020,28060,40,41
G,3,127,28080,28120,40,43
A,3,127,28140,28180,40,45
A#,3,127,28200,28240,40,46
C,4,127,28260,28300,40,48
F,2,127,28320,28360,40,29
G,2,127,28380,28420,40,31
A,2,127,28440,28480,40,33
A#,2,127,28500,28540,40,34
C,3,127,28560,28600,40,36
D,3,127,28620,28660,40,38
E,3,127,28680,28720,40,40
F,3,127,28740,28780,40,41
A#,2,127,28800,28920,120,34
A#,2,127,28980,29020,40,34
D,3,127,29040,29120,80,38
A#,2,127,29160,29240,80,34
F,3,127,31200,31320,120,41
C,3,127,31380,31460,80,36
C,3,127,31500,31580,80,36
C,3,127,31620,31660,40,36
F,3,127,31680,31800,120,41
C,3,127,31860,31940,80,36
C,3,127,31980,32060,80,36
C,3,127,32100,32140,40,36
D,3,127,32160,32280,120,38
A,2,127,32340,32420,80,33
A,2,127,32460,32540,80,33
A,2,127,32580,32620,40,33
D,3,127,32640,32760,120,38
A,2,127,32820,32900,80,33
A,2,127,32940,32980,40,33
A#,2,127,33000,33040,40,34
B,2,127,33060,33100,40,35
D,3,127,34080,34200,120,38
A,2,127,34260,34340,80,33
A,2,127,34380,34460,80,33
A,2,127,34500,34540,40,33
D,3,127,34560,34680,120,38
A,2,127,34740,34820,80,33
G,2,127,34920,34960,40,31
F,2,127,35040,35160,120,29
C,3,127,35220,35300,80,36
C,3,127,35340,35420,80,36
F,2,127,35460,35500,40,29
F,3,127,35520,35640,120,41
C,3,127,35700,35780,80,36
C,3,127,35820,35900,80,36
C#,3,127,35940,35980,40,37
D,3,127,36000,36120,120,38
A,3,127,36180,36260,80,45
D,3,127,36300,36380,80,38
A,2,127,36420,36460,40,33
D,3,127,36480,36600,120,38
A,2,127,36660,36740,80,33
A,2,127,36780,36860,80,33
D,3,127,36900,36940,40,38
E,3,127,36960,37000,40,40
A,2,127,37020,37100,80,33
E,3,127,37140,37220,80,40
A,2,127,37260,37340,80,33
A,2,127,37380,37420,40,33
E,3,127,37440,37480,40,40
A,2,127,37500,37580,80,33
E,3,127,37620,37700,80,40
A,2,127,37740,37820,80,33
A,2,127,37860,37900,40,33
D,3,127,37920,38040,120,38
A,2,127,38100,38180,80,33
A,2,127,38220,38300,80,33
A,2,127,38340,38380,40,33
D,3,127,38400,38520,120,38
A,2,127,38580,38660,80,33
G#,2,127,38700,38740,40,32
G,2,127,38760,38800,40,31
F#,2,127,38820,38860,40,30
F,2,127,38880,38920,40,29
F,3,127,38940,39020,80,41
F,2,127,39060,39100,40,29
F,3,127,39120,39160,40,41
C,3,127,39180,39220,40,36
F,3,127,39240,39280,40,41
C,3,127,39300,39340,40,36
F,2,127,39360,39400,40,29
F,3,127,39420,39500,80,41
F,2,127,39540,39580,40,29
F,3,127,39600,39640,40,41
C,3,127,39660,39700,40,36
F,3,127,39720,39760,40,41
C,3,127,39780,39820,40,36
D,3,127,39840,39960,120,38
A,2,127,40020,40100,80,33
A,2,127,40140,40220,80,33
A,2,127,40260,40300,40,33
D,3,127,40320,40440,120,38
A,2,127,40500,40580,80,33
A,2,127,40620,40700,80,33
A,2,127,40740,40780,40,33
A,2,127,40800,40920,120,33
E,3,127,40980,41060,80,40
E,3,127,41100,41180,80,40
E,3,127,41220,41260,40,40
A,2,127,41280,41400,120,33
E,3,127,41460,41540,80,40
E,3,127,41580,41660,80,40
E,3,127,41700,41740,40,40
D,3,127,41760,41880,120,38
A,2,127,41940,42020,80,33
A,2,127,42060,42140,80,33
A,2,127,42180,42220,40,33
D,3,127,42240,42360,120,38
A,2,127,42420,42460,40,33
A#,2,127,42480,42520,40,34
B,2,127,42540,42580,40,35
C,3,127,42600,42640,40,36
C#,3,127,42660,42700,40,37
D,3,127,42720,43198,478,38
A,3,127,780,792,12,45
A,3,127,800,812,12,45
A,3,127,820,832,12,45
D,3,127,840,880,40,38
A,3,127,900,940,40,45
F#,3,127,1320,1400,80,42
A,3,127,1380,1420,40,45
D,3,127,1440,1480,40,38
A,3,127,1620,1700,80,45
A,3,127,1740,1780,40,45
D,3,127,1800,1840,40,38
A,3,127,1860,1900,40,45
C#,4,127,1920,2000,80,49
F#,3,127,1920,2000,80,42
D,3,127,2040,2080,40,38
F#,3,127,2040,2120,80,42
F#,3,127,2160,2240,80,42
D,3,127,2280,2320,40,38
F#,3,127,2280,2360,80,42
F#,3,127,2400,2480,80,42
D,3,127,2520,2560,40,38
F#,3,127,2520,2600,80,42
F#,3,127,2640,2720,80,42
D,3,127,2760,2800,40,38
F#,3,127,2760,2840,80,42
C#,4,127,2880,3200,320,49
A,3,127,3840,3920,80,45
F#,3,127,3840,3920,80,42
D,3,127,3960,4000,40,38
F#,3,127,3960,4040,80,42
A,3,127,4020,4100,80,45
F#,3,127,4080,4160,80,42
A,3,127,4140,4220,80,45
D,3,127,4200,4240,40,38
F#,3,127,4200,4280,80,42
A,3,127,4320,4400,80,45
F#,3,127,4320,4400,80,42
D,3,127,4440,4480,40,38
F#,3,127,4440,4520,80,42
A,3,127,4500,4580,80,45
F#,3,127,4560,4640,80,42
A,3,127,4620,4700,80,45
D,3,127,4680,4720,40,38
F#,3,127,4680,4760,80,42
A,3,127,4800,4880,80,45
F#,3,127,4800,4880,80,42
D,3,127,4920,4960,40,38
F#,3,127,4920,5000,80,42
A,3,127,4980,5060,80,45
F#,3,127,5040,5120,80,42
A,3,127,5100,5180,80,45
D,3,127,5160,5200,40,38
F#,3,127,5160,5240,80,42
A,3,127,5280,5360,80,45
F#,3,127,5280,5360,80,42
D,3,127,5400,5440,40,38
F#,3,127,5400,5480,80,42
A,3,127,5460,5540,80,45
F#,3,127,5520,5600,80,42
A,3,127,5580,5660,80,45
D,3,127,5640,5680,40,38
F#,3,127,5640,5720,80,42
A,3,127,5760,5840,80,45
F#,3,127,5760,5840,80,42
D,3,127,5880,5920,40,38
F#,3,127,5880,5960,80,42
A,3,127,5940,6020,80,45
F#,3,127,6000,6080,80,42
A,3,127,6060,6140,80,45
D,3,127,6120,6160,40,38
F#,3,127,6120,6200,80,42
A,3,127,6240,6320,80,45
F#,3,127,6240,6320,80,42
D,3,127,6360,6400,40,38
F#,3,127,6360,6440,80,42
A,3,127,6420,6500,80,45
F#,3,127,6480,6560,80,42
A,3,127,6540,6620,80,45
D,3,127,6600,6640,40,38
F#,3,127,6600,6680,80,42
A,3,127,6720,6800,80,45
F#,3,127,6720,6800,80,42
D,3,127,6840,6880,40,38
F#,3,127,6840,6920,80,42
A,3,127,6900,6980,80,45
F#,3,127,6960,7040,80,42
A,3,127,7020,7100,80,45
D,3,127,7080,7120,40,38
F#,3,127,7080,7160,80,42
A,3,127,7200,7280,80,45
F#,3,127,7200,7280,80,42
D,3,127,7320,7360,40,38
F#,3,127,7320,7400,80,42
A,3,127,7380,7460,80,45
F#,3,127,7440,7520,80,42
A,3,127,7500,7580,80,45
D,3,127,7560,7600,40,38
F#,3,127,7560,7640,80,42
A,3,127,7680,7760,80,45
F#,3,127,7680,7760,80,42
D,3,127,7800,7840,40,38
F#,3,127,7800,7880,80,42
A,3,127,7860,7940,80,45
F#,3,127,7920,8000,80,42
A,3,127,7980,8060,80,45
D,3,127,8040,8080,40,38
F#,3,127,8040,8120,80,42
A,3,127,8160,8240,80,45
F#,3,127,8160,8240,80,42
D,3,127,8280,8320,40,38
F#,3,127,8280,8360,80,42
A,3,127,8340,8420,80,45
F#,3,127,8400,8480,80,42
A,3,127,8460,8540,80,45
D,3,127,8520,8560,40,38
F#,3,127,8520,8600,80,42
A,3,127,8640,8720,80,45
F#,3,127,8640,8720,80,42
D,3,127,8760,8800,40,38
F#,3,127,8760,8840,80,42
A,3,127,8820,8900,80,45
F#,3,127,8880,8960,80,42
A,3,127,8940,9020,80,45
D,3,127,9000,9040,40,38
F#,3,127,9000,9080,80,42
A,3,127,9120,9200,80,45
F#,3,127,9120,9200,80,42
D,3,127,9240,9280,40,38
F#,3,127,9240,9320,80,42
A,3,127,9300,9380,80,45
F#,3,127,9360,9440,80,42
A,3,127,9420,9500,80,45
D,3,127,9480,9520,40,38
F#,3,127,9480,9560,80,42
A,3,127,9600,9680,80,45
F#,3,127,9600,9680,80,42
D,3,127,9720,9760,40,38
F#,3,127,9720,9800,80,42
A,3,127,9780,9860,80,45
F#,3,127,9840,9920,80,42
A,3,127,9900,9980,80,45
D,3,127,9960,10000,40,38
F#,3,127,9960,10040,80,42
A,3,127,10080,10160,80,45
F#,3,127,10080,10160,80,42
D,3,127,10200,10240,40,38
D,3,74,10260,10280,20,38
F#,3,127,10200,10280,80,42
D,3,74,10290,10310,20,38
A,3,127,10320,10400,80,45
F#,3,127,10320,10400,80,42
D,3,127,10440,10480,40,38
F#,3,127,10440,10520,80,42
A,3,127,10500,10580,80,45
F#,3,127,10560,10640,80,42
A,3,127,10620,10700,80,45
D,3,127,10680,10720,40,38
F#,3,127,10680,10760,80,42
A,3,127,10800,10880,80,45
F#,3,127,10800,10880,80,42
D,3,127,10920,10960,40,38
F#,3,127,10920,11000,80,42
A,3,127,10980,11060,80,45
F#,3,127,11040,11120,80,42
A,3,127,11100,11180,80,45
D,3,127,11160,11200,40,38
F#,3,127,11160,11240,80,42
A,3,127,11280,11360,80,45
F#,3,127,11280,11360,80,42
D,3,127,11400,11440,40,38
F#,3,127,11400,11480,80,42
A,3,127,11460,11540,80,45
F#,3,127,11520,11600,80,42
A,3,127,11580,11660,80,45
D,3,127,11640,11680,40,38
F#,3,127,11640,11720,80,42
A,3,127,11760,11840,80,45
F#,3,127,11760,11840,80,42
D,3,127,11880,11920,40,38
F#,3,127,11880,11960,80,42
A,3,127,11940,12020,80,45
F#,3,127,12000,12080,80,42
A,3,127,12060,12140,80,45
D,3,127,12120,12160,40,38
F#,3,127,12120,12200,80,42
A,3,127,12240,12320,80,45
F#,3,127,12240,12320,80,42
D,3,127,12360,12400,40,38
F#,3,127,12360,12440,80,42
A,3,127,12420,12500,80,45
F#,3,127,12480,12560,80,42
A,3,127,12540,12620,80,45
D,3,127,12600,12640,40,38
F#,3,127,12600,12680,80,42
A,3,127,12720,12800,80,45
F#,3,127,12720,12800,80,42
D,3,127,12840,12880,40,38
F#,3,127,12840,12920,80,42
A,3,127,12900,12980,80,45
F#,3,127,12960,13040,80,42
A,3,127,13020,13100,80,45
D,3,127,13080,13120,40,38
F#,3,127,13080,13160,80,42
A,3,127,13200,13280,80,45
F#,3,127,13200,13280,80,42
D,3,127,13320,13360,40,38
F#,3,127,13320,13400,80,42
A,3,127,13380,13460,80,45
F#,3,127,13440,13520,80,42
A,3,127,13500,13580,80,45
D,3,127,13560,13600,40,38
F#,3,127,13560,13640,80,42
A,3,127,13680,13760,80,45
F#,3,127,13680,13760,80,42
D,3,127,13800,13840,40,38
F#,3,127,13800,13880,80,42
A,3,127,13860,13940,80,45
F#,3,127,13920,14000,80,42
A,3,127,13980,14060,80,45
D,3,127,14040,14080,40,38
F#,3,127,14040,14120,80,42
A,3,127,14160,14240,80,45
F#,3,127,14160,14240,80,42
D,3,127,14280,14320,40,38
F#,3,127,14280,14360,80,42
A,3,127,14340,14420,80,45
F#,3,127,14400,14480,80,42
A,3,127,14460,14540,80,45
D,3,127,14520,14560,40,38
F#,3,127,14520,14600,80,42
C#,4,74,14640,14720,80,49
A,3,127,15420,15432,12,45
A,3,127,15440,15452,12,45
A,3,127,15460,15472,12,45
D,3,127,15480,15520,40,38
A,3,127,15540,15580,40,45
C#,4,127,15600,15680,80,49
F#,3,127,15840,15920,80,42
F#,3,127,15960,16040,80,42
A,3,127,16020,16060,40,45
D,3,127,16080,16120,40,38
B,3,127,16140,16220,80,47
A,3,127,16260,16340,80,45
A,3,127,16380,16420,40,45
D,3,127,16440,16480,40,38
A,3,127,16500,16540,40,45
C#,4,127,16560,16640,80,49
F#,3,127,16560,16640,80,42
D,3,127,16680,16720,40,38
F#,3,127,16680,16760,80,42
F#,3,127,16800,16880,80,42
D,3,127,16920,16960,40,38
F#,3,127,16920,17000,80,42
F#,3,127,17040,17120,80,42
D,3,127,17160,17200,40,38
F#,3,127,17160,17240,80,42
F#,3,127,17280,17360,80,42
D,3,127,17400,17440,40,38
F#,3,127,17400,17480,80,42
C#,4,127,17520,17840,320,49
A,3,127,18480,18560,80,45
F#,3,127,18480,18560,80,42
D,3,127,18600,18640,40,38
F#,3,127,18600,18680,80,42
A,3,127,18660,18740,80,45
F#,3,127,18720,18800,80,42
A,3,127,18780,18860,80,45
D,3,127,18840,18880,40,38
F#,3,127,18840,18920,80,42
A,3,127,18960,19040,80,45
F#,3,127,18960,19040,80,42
D,3,127,19080,19120,40,38
F#,3,127,19080,19160,80,42
A,3,127,19140,19220,80,45
F#,3,127,19200,19280,80,42
A,3,127,19260,19340,80,45
D,3,127,19320,19360,40,38
F#,3,127,19320,19400,80,42
A,3,127,19440,19520,80,45
F#,3,127,19440,19520,80,42
D,3,127,19560,19600,40,38
F#,3,127,19560,19640,80,42
A,3,127,19620,19700,80,45
F#,3,127,19680,19760,80,42
A,3,127,19740,19820,80,45
D,3,127,19800,19840,40,38
F#,3,127,19800,19880,80,42
A,3,127,19920,20000,80,45
F#,3,127,19920,20000,80,42
D,3,127,20040,20080,40,38
F#,3,127,20040,20120,80,42
A,3,127,20100,20180,80,45
F#,3,127,20160,20240,80,42
A,3,127,20220,20300,80,45
D,3,127,20280,20320,40,38
F#,3,127,20280,20360,80,42
A,3,127,20400,20480,80,45
F#,3,127,20400,20480,80,42
D,3,127,20520,20560,40,38
F#,3,127,20520,20600,80,42
A,3,127,20580,20660,80,45
F#,3,127,20640,20720,80,42
A,3,127,20700,20780,80,45
D,3,127,20760,20800,40,38
F#,3,127,20760,20840,80,42
A,3,127,20880,20960,80,45
F#,3,127,20880,20960,80,42
D,3,127,21000,21040,40,38
F#,3,127,21000,21080,80,42
A,3,127,21060,21140,80,45
F#,3,127,21120,21200,80,42
A,3,127,21180,21260,80,45
D,3,127,21240,21280,40,38
F#,3,127,21240,21320,80,42
A,3,127,21360,21440,80,45
F#,3,127,21360,21440,80,42
D,3,127,21480,21520,40,38
F#,3,127,21480,21560,80,42
A,3,127,21540,21620,80,45
F#,3,127,21600,21680,80,42
A,3,127,21660,21740,80,45
D,3,127,21720,21760,40,38
F#,3,127,21720,21800,80,42
A,3,127,21840,21920,80,45
F#,3,127,21840,21920,80,42
D,3,127,21960,22000,40,38
F#,3,127,21960,22040,80,42
A,3,127,22020,22100,80,45
F#,3,127,22080,22160,80,42
A,3,127,22140,22220,80,45
D,3,127,22200,22240,40,38
F#,3,127,22200,22280,80,42
A,3,127,22320,22400,80,45
F#,3,127,22320,22400,80,42
D,3,127,22440,22480,40,38
F#,3,127,22440,22520,80,42
A,3,127,22500,22580,80,45
F#,3,127,22560,22640,80,42
A,3,127,22620,22700,80,45
D,3,127,22680,22720,40,38
F#,3,127,22680,22760,80,42
A,3,127,22800,22880,80,45
F#,3,127,22800,22880,80,42
D,3,127,22920,22960,40,38
F#,3,127,22920,23000,80,42
A,3,127,22980,23060,80,45
F#,3,127,23040,23120,80,42
A,3,127,23100,23180,80,45
D,3,127,23160,23200,40,38
F#,3,127,23160,23240,80,42
A,3,127,23280,23360,80,45
F#,3,127,23280,23360,80,42
D,3,127,23400,23440,40,38
F#,3,127,23400,23480,80,42
A,3,127,23460,23540,80,45
F#,3,127,23520,23600,80,42
A,3,127,23580,23660,80,45
D,3,127,23640,23680,40,38
F#,3,127,23640,23720,80,42
A,3,127,23760,23840,80,45
F#,3,127,23760,23840,80,42
D,3,127,23880,23920,40,38
F#,3,127,23880,23960,80,42
A,3,127,23940,24020,80,45
F#,3,127,24000,24080,80,42
A,3,127,24060,24140,80,45
D,3,127,24120,24160,40,38
F#,3,127,24120,24200,80,42
A,3,127,24240,24320,80,45
F#,3,127,24240,24320,80,42
D,3,127,24360,24400,40,38
F#,3,127,24360,24440,80,42
A,3,127,24420,24500,80,45
F#,3,127,24480,24560,80,42
A,3,127,24540,24620,80,45
D,3,127,24600,24640,40,38
F#,3,127,24600,24680,80,42
A,3,127,24720,24800,80,45
F#,3,127,24720,24800,80,42
D,3,127,24840,24880,40,38
F#,3,127,24840,24920,80,42
A,3,127,24960,24980,20,45
F#,3,127,24960,25040,80,42
A,3,127,24900,25040,140,45
D,3,127,25080,25120,40,38
F#,3,127,25080,25160,80,42
A,3,127,25140,25220,80,45
F#,3,127,25200,25280,80,42
A,3,127,25260,25340,80,45
D,3,127,25320,25360,40,38
F#,3,127,25320,25400,80,42
A,3,127,25440,25520,80,45
F#,3,127,25440,25520,80,42
D,3,127,25560,25600,40,38
F#,3,127,25560,25640,80,42
A,3,127,25620,25700,80,45
F#,3,127,25680,25760,80,42
A,3,127,25740,25820,80,45
D,3,127,25800,25840,40,38
F#,3,127,25800,25880,80,42
A,3,127,25920,26000,80,45
F#,3,127,25920,26000,80,42
D,3,127,26040,26080,40,38
F#,3,127,26040,26120,80,42
A,3,127,26100,26180,80,45
F#,3,127,26160,26240,80,42
A,3,127,26220,26300,80,45
D,3,127,26280,26320,40,38
F#,3,127,26280,26360,80,42
A,3,127,26400,26480,80,45
F#,3,127,26400,26480,80,42
D,3,127,26520,26560,40,38
F#,3,127,26520,26600,80,42
A,3,127,26580,26660,80,45
F#,3,127,26640,26720,80,42
A,3,127,26700,26780,80,45
D,3,127,26760,26800,40,38
F#,3,127,26760,26840,80,42
A,3,127,26880,26960,80,45
F#,3,127,26880,26960,80,42
D,3,127,27000,27040,40,38
F#,3,127,27000,27080,80,42
A,3,127,27060,27140,80,45
F#,3,127,27120,27200,80,42
A,3,127,27180,27260,80,45
D,3,127,27240,27280,40,38
F#,3,127,27240,27320,80,42
A,3,127,27360,27440,80,45
F#,3,127,27360,27440,80,42
D,3,127,27480,27520,40,38
F#,3,127,27480,27560,80,42
A,3,127,27540,27620,80,45
F#,3,127,27600,27680,80,42
A,3,127,27660,27740,80,45
D,3,127,27720,27760,40,38
F#,3,127,27720,27800,80,42
A,3,127,27840,27920,80,45
F#,3,127,27840,27920,80,42
D,3,127,27960,28000,40,38
F#,3,127,27960,28040,80,42
A,3,127,28020,28100,80,45
F#,3,127,28080,28160,80,42
A,3,127,28140,28220,80,45
D,3,127,28200,28240,40,38
F#,3,127,28200,28280,80,42
A,3,127,28320,28400,80,45
F#,3,127,28320,28400,80,42
D,3,127,28440,28480,40,38
F#,3,127,28440,28520,80,42
A,3,127,28500,28580,80,45
F#,3,127,28560,28640,80,42
A,3,127,28620,28700,80,45
D,3,127,28680,28720,40,38
F#,3,127,28680,28760,80,42
A,3,127,28800,28880,80,45
F#,3,127,28800,28880,80,42
D,3,127,28920,28960,40,38
F#,3,127,28920,29000,80,42
A,3,127,28980,29060,80,45
F#,3,127,29040,29120,80,42
A,3,127,29100,29180,80,45
D,3,74,29160,29200,40,38
D,3,74,29220,29240,20,38
F#,3,127,29160,29240,80,42
D,3,74,29250,29270,20,38
C#,4,74,29280,29360,80,49
A,3,127,30060,30072,12,45
A,3,127,30080,30092,12,45
A,3,127,30100,30112,12,45
D,3,127,30120,30160,40,38
A,3,127,30180,30220,40,45
C#,4,127,30240,30320,80,49
F#,3,127,30480,30560,80,42
F#,3,127,30600,30680,80,42
A,3,127,30660,30700,40,45
D,3,127,30720,30760,40,38
B,3,127,30780,30860,80,47
A,3,127,30900,30980,80,45
A,3,127,31020,31060,40,45
D,3,127,31080,31120,40,38
A,3,127,31140,31180,40,45
C#,4,127,31200,31280,80,49
F#,3,127,31200,31280,80,42
D,3,127,31320,31360,40,38
F#,3,127,31320,31400,80,42
F#,3,127,31440,31520,80,42
D,3,127,31560,31600,40,38
F#,3,127,31560,31640,80,42
F#,3,127,31680,31760,80,42
D,3,127,31800,31840,40,38
F#,3,127,31800,31880,80,42
F#,3,127,31920,32000,80,42
D,3,127,32040,32080,40,38
F#,3,127,32040,32120,80,42
A,3,127,32160,32240,80,45
F#,3,127,32160,32240,80,42
D,3,127,32280,32320,40,38
F#,3,127,32280,32360,80,42
A,3,127,32340,32420,80,45
F#,3,127,32400,32480,80,42
A,3,127,32460,32540,80,45
D,3,127,32520,32560,40,38
F#,3,127,32520,32600,80,42
A,3,127,32640,32720,80,45
F#,3,127,32640,32720,80,42
D,3,127,32760,32800,40,38
F#,3,127,32760,32840,80,42
A,3,127,32820,32900,80,45
F#,3,127,32880,32960,80,42
A,3,127,32940,33020,80,45
D,3,127,33000,33040,40,38
D,3,74,33060,33080,20,38
F#,3,127,33000,33080,80,42
D,3,74,33090,33110,20,38
A,3,127,33120,33200,80,45
F#,3,127,33120,33200,80,42
D,3,127,33240,33280,40,38
F#,3,127,33240,33320,80,42
A,3,127,33300,33380,80,45
F#,3,127,33360,33440,80,42
A,3,127,33420,33500,80,45
D,3,127,33480,33520,40,38
F#,3,127,33480,33560,80,42
A,3,127,33600,33680,80,45
F#,3,127,33600,33680,80,42
D,3,127,33720,33760,40,38
F#,3,127,33720,33800,80,42
A,3,127,33780,33860,80,45
F#,3,127,33840,33920,80,42
A,3,127,33900,33980,80,45
D,3,127,33960,34000,40,38
D,3,74,34020,34040,20,38
F#,3,127,33960,34040,80,42
D,3,74,34050,34070,20,38
A,3,127,34080,34160,80,45
F#,3,127,34080,34160,80,42
D,3,127,34200,34240,40,38
F#,3,127,34200,34280,80,42
A,3,127,34260,34340,80,45
F#,3,127,34320,34400,80,42
A,3,127,34380,34460,80,45
D,3,127,34440,34480,40,38
F#,3,127,34440,34520,80,42
A,3,127,34560,34640,80,45
F#,3,127,34560,34640,80,42
D,3,127,34680,34720,40,38
F#,3,127,34680,34760,80,42
A,3,127,34740,34820,80,45
F#,3,127,34800,34880,80,42
A,3,127,34860,34940,80,45
D,3,127,34920,34960,40,38
D,3,74,34980,35000,20,38
F#,3,127,34920,35000,80,42
D,3,74,35010,35030,20,38
G,4,74,35040,35120,80,55
A,3,127,35040,35120,80,45
F#,3,127,35040,35120,80,42
D,3,127,35160,35200,40,38
F#,3,127,35160,35240,80,42
A,3,127,35220,35300,80,45
F#,3,127,35280,35360,80,42
A,3,127,35340,35420,80,45
D,3,127,35400,35440,40,38
F#,3,127,35400,35480,80,42
G,4,74,35520,35600,80,55
A,3,127,35520,35600,80,45
F#,3,127,35520,35600,80,42
D,3,127,35640,35680,40,38
F#,3,127,35640,35720,80,42
A,3,127,35700,35780,80,45
F#,3,127,35760,35840,80,42
A,3,127,35820,35900,80,45
D,3,127,35880,35920,40,38
D,3,74,35940,35960,20,38
F#,3,127,35880,35960,80,42
D,3,74,35970,35990,20,38
G,4,74,36000,36080,80,55
A,3,127,36000,36080,80,45
F#,3,127,36000,36080,80,42
D,3,127,36120,36160,40,38
F#,3,127,36120,36200,80,42
A,3,127,36180,36260,80,45
F#,3,127,36240,36320,80,42
A,3,127,36300,36380,80,45
D,3,127,36360,36400,40,38
F#,3,127,36360,36440,80,42
G,4,74,36480,36560,80,55
A,3,127,36480,36560,80,45
F#,3,127,36480,36560,80,42
D,3,127,36600,36640,40,38
F#,3,127,36600,36680,80,42
A,3,127,36660,36740,80,45
F#,3,127,36720,36800,80,42
A,3,127,36780,36860,80,45
D,3,127,36840,36880,40,38
D,3,74,36900,36920,20,38
F#,3,127,36840,36920,80,42
D,3,74,36930,36950,20,38
G,4,74,36960,37040,80,55
A,3,127,36960,37040,80,45
F#,3,127,36960,37040,80,42
D,3,127,37080,37120,40,38
F#,3,127,37080,37160,80,42
A,3,127,37140,37220,80,45
F#,3,127,37200,37280,80,42
A,3,127,37260,37340,80,45
D,3,127,37320,37360,40,38
F#,3,127,37320,37400,80,42
G,4,74,37440,37520,80,55
A,3,127,37440,37520,80,45
F#,3,127,37440,37520,80,42
D,3,127,37560,37600,40,38
F#,3,127,37560,37640,80,42
A,3,127,37620,37700,80,45
F#,3,127,37680,37760,80,42
A,3,127,37740,37820,80,45
D,3,127,37800,37840,40,38
D,3,74,37860,37880,20,38
F#,3,127,37800,37880,80,42
D,3,74,37890,37910,20,38
G,4,74,37920,38000,80,55
C#,4,74,37920,38000,80,49
F#,3,127,37920,38000,80,42
A,3,127,37920,38000,80,45
D,3,127,38040,38080,40,38
F#,3,127,38040,38120,80,42
A,3,127,38100,38180,80,45
F#,3,127,38160,38240,80,42
A,3,127,38220,38300,80,45
D,3,127,38280,38320,40,38
F#,3,127,38280,38360,80,42
G,4,74,38400,38480,80,55
A,3,127,38400,38480,80,45
F#,3,127,38400,38480,80,42
D,3,127,38520,38560,40,38
F#,3,127,38520,38600,80,42
A,3,127,38580,38660,80,45
F#,3,127,38640,38720,80,42
A,3,127,38700,38780,80,45
D,3,127,38760,38800,40,38
D,3,74,38820,38840,20,38
F#,3,127,38760,38840,80,42
D,3,74,38850,38870,20,38
G,4,74,38880,38960,80,55
A,3,127,38880,38960,80,45
F#,3,127,38880,38960,80,42
D,3,127,39000,39040,40,38
F#,3,127,39000,39080,80,42
A,3,127,39060,39140,80,45
F#,3,127,39120,39200,80,42
A,3,127,39180,39260,80,45
D,3,127,39240,39280,40,38
F#,3,127,39240,39320,80,42
G,4,74,39360,39440,80,55
A,3,127,39360,39440,80,45
F#,3,127,39360,39440,80,42
D,3,127,39480,39520,40,38
F#,3,127,39480,39560,80,42
A,3,127,39540,39620,80,45
F#,3,127,39600,39680,80,42
A,3,127,39660,39740,80,45
D,3,127,39720,39760,40,38
D,3,74,39780,39800,20,38
F#,3,127,39720,39800,80,42
D,3,74,39810,39830,20,38
G,4,74,39840,39920,80,55
A,3,127,39840,39920,80,45
F#,3,127,39840,39920,80,42
D,3,127,39960,40000,40,38
F#,3,127,39960,40040,80,42
A,3,127,40020,40100,80,45
F#,3,127,40080,40160,80,42
A,3,127,40140,40220,80,45
D,3,127,40200,40240,40,38
F#,3,127,40200,40280,80,42
G,4,74,40320,40400,80,55
A,3,127,40320,40400,80,45
F#,3,127,40320,40400,80,42
D,3,127,40440,40480,40,38
F#,3,127,40440,40520,80,42
A,3,127,40500,40580,80,45
F#,3,127,40560,40640,80,42
A,3,127,40620,40700,80,45
D,3,127,40680,40720,40,38
D,3,74,40740,40760,20,38
F#,3,127,40680,40760,80,42
D,3,74,40770,40790,20,38
G,4,74,40800,40880,80,55
A,3,127,40800,40880,80,45
F#,3,127,40800,40880,80,42
D,3,127,40920,40960,40,38
F#,3,127,40920,41000,80,42
A,3,127,40980,41060,80,45
F#,3,127,41040,41120,80,42
A,3,127,41100,41180,80,45
D,3,127,41160,41200,40,38
F#,3,127,41160,41240,80,42
G,4,74,41280,41360,80,55
A,3,127,41280,41360,80,45
F#,3,127,41280,41360,80,42
D,3,127,41400,41440,40,38
F#,3,127,41400,41480,80,42
A,3,127,41460,41540,80,45
F#,3,127,41520,41600,80,42
D,3,127,41640,41680,40,38
D,3,74,41700,41720,20,38
F#,3,127,41640,41720,80,42
D,3,74,41730,41750,20,38
C#,4,74,41760,41840,80,49
F#,3,127,41760,41840,80,42
A,3,127,41760,41840,80,45
G,4,74,41760,41840,80,55
D,3,127,41880,41920,40,38
F#,3,127,41880,41960,80,42
F#,3,127,42000,42080,80,42
D,3,127,42120,42160,40,38
F#,3,127,42120,42200,80,42
A,3,74,42240,42280,40,45
D,3,74,42300,42340,40,38
D,3,74,42360,42400,40,38
G,4,74,42360,42480,120,55
A,3,74,42480,42520,40,45
D,3,74,42540,42580,40,38
D,3,74,42600,42640,40,38
D,3,74,42660,42680,20,38
D,3,74,42690,42710,20,38
G,4,74,42600,42720,120,55
C#,4,74,42720,42880,160,49
A,4,107,3240,3360,120,57
G,4,107,3360,3480,120,55
F,4,107,3480,3600,120,53
E,4,107,3780,3900,120,52
E,4,107,4260,4300,40,52
G,4,107,4320,4440,120,55
G,4,107,4440,4480,40,55
A#,4,107,4500,4620,120,58
G,4,107,4620,4660,40,55
G,4,107,4680,4720,40,55
A,4,107,4740,4860,120,57
A,4,107,5160,5280,120,57
G,4,107,5280,5400,120,55
F,4,107,5400,5520,120,53
E,4,107,5520,5640,120,52
D,4,107,5640,5680,40,50
E,4,107,5700,5820,120,52
E,4,107,6180,6220,40,52
G,4,107,6240,6360,120,55
G,4,107,6360,6400,40,55
A#,4,107,6420,6540,120,58
G,4,107,6540,6580,40,55
G,4,107,6600,6640,40,55
A,4,107,6660,6780,120,57
A,4,107,7080,7200,120,57
C,5,107,7200,7320,120,60
C,5,107,7320,7440,120,60
A#,4,107,7440,7560,120,58
A,4,107,7560,7600,40,57
G,4,107,7620,7740,120,55
C,5,107,8100,8140,40,60
D,5,107,8160,8280,120,62
D,5,107,8280,8400,120,62
C,5,107,8400,8520,120,60
A#,4,107,8520,8640,120,58
A,4,107,8640,8760,120,57
A,4,107,8760,8880,120,57
A,4,107,8880,9000,120,57
A,4,107,9000,9120,120,57
A#,4,107,9120,9240,120,58
F,4,107,9300,9340,40,53
A,4,107,9240,9360,120,57
F,4,107,9360,9480,120,53
A,4,107,9780,9820,40,57
G,4,107,9840,9960,120,55
F,4,107,9960,10080,120,53
F,4,107,10080,10200,120,53
G,4,107,10200,10240,40,55
E,4,107,10260,10380,120,52
D,5,107,11160,11200,40,62
C,5,107,11220,11340,120,60
D,5,107,11640,11680,40,62
C,5,107,11700,11820,120,60
C,5,107,12180,12220,40,60
C,5,107,12240,12280,40,60
A#,4,107,12300,12420,120,58
A#,4,107,12420,12540,120,58
C,5,107,12600,12640,40,60
A,4,107,12660,12780,120,57
D,5,107,13080,13120,40,62
C,5,107,13140,13260,120,60
D,5,107,13560,13600,40,62
C,5,107,13620,13740,120,60
C,5,107,14100,14140,40,60
C,5,107,14160,14280,120,60
A#,4,107,14280,14320,40,58
A#,4,107,14340,14460,120,58
C,5,107,14460,14500,40,60
A,4,107,14520,14640,120,57
A,4,107,17880,18000,120,57
G,4,107,18000,18120,120,55
F,4,107,18120,18240,120,53
E,4,107,18240,18360,120,52
D,4,107,18360,18400,40,50
E,4,107,18420,18540,120,52
E,4,107,18900,18940,40,52
G,4,107,18960,19080,120,55
G,4,107,19080,19120,40,55
A#,4,107,19140,19260,120,58
G,4,107,19260,19300,40,55
G,4,107,19320,19360,40,55
A,4,107,19380,19500,120,57
A,4,107,19800,19920,120,57
G,4,107,19920,20040,120,55
F,4,107,20040,20160,120,53
E,4,107,20160,20280,120,52
D,4,107,20280,20320,40,50
E,4,107,20340,20460,120,52
E,4,107,20820,20860,40,52
G,4,107,20880,21000,120,55
G,4,107,21000,21040,40,55
A#,4,107,21060,21180,120,58
G,4,107,21180,21220,40,55
G,4,107,21240,21280,40,55
A,4,107,21300,21420,120,57
A,4,107,21720,21840,120,57
C,5,107,21840,21960,120,60
C,5,107,21960,22080,120,60
A#,4,107,22080,22200,120,58
A,4,107,22200,22240,40,57
G,4,107,22260,22380,120,55
C,5,107,22740,22780,40,60
D,5,107,22800,22920,120,62
D,5,107,22920,23040,120,62
C,5,107,23040,23160,120,60
A#,4,107,23160,23280,120,58
A,4,107,23280,23400,120,57
A,4,107,23400,23520,120,57
A,4,107,23520,23640,120,57
A,4,107,23640,23760,120,57
A#,4,107,23760,23880,120,58
F,4,107,23940,23980,40,53
A,4,107,23880,24000,120,57
F,4,107,24000,24120,120,53
A,4,107,24420,24460,40,57
G,4,107,24480,24600,120,55
F,4,107,24600,24720,120,53
F,4,107,24720,24840,120,53
G,4,107,24840,24880,40,55
E,4,107,24900,25020,120,52
D,5,107,25800,25840,40,62
C,5,107,25860,25980,120,60
D,5,107,26280,26320,40,62
C,5,107,26340,26460,120,60
C,5,107,26820,26860,40,60
C,5,107,26880,26920,40,60
A#,4,107,26940,27060,120,58
A#,4,107,27060,27180,120,58
C,5,107,27240,27280,40,60
A,4,107,27300,27420,120,57
D,5,107,27720,27760,40,62
C,5,107,27780,27900,120,60
D,5,107,28200,28240,40,62
C,5,107,28260,28380,120,60
C,5,107,28740,28780,40,60
C,5,107,28800,28920,120,60
A#,4,107,28920,28960,40,58
A#,4,107,28980,29100,120,58
C,5,107,29100,29140,40,60
A,4,107,29160,29280,120,57
A,5,113,3240,3360,120,69
G,5,113,3360,3480,120,67
F,5,113,3480,3600,120,65
E,5,113,3600,3720,120,64
D,5,113,3720,3760,40,62
E,5,113,3780,3900,120,64
E,5,113,4260,4300,40,64
G,5,113,4320,4440,120,67
G,5,113,4440,4480,40,67
A#,5,113,4500,4620,120,70
G,5,113,4620,4660,40,67
G,5,113,4680,4720,40,67
A,5,113,4740,4860,120,69
A,5,113,5160,5280,120,69
G,5,113,5280,5400,120,67
F,5,113,5400,5520,120,65
E,5,113,5520,5640,120,64
D,5,113,5640,5680,40,62
E,5,113,5700,5820,120,64
E,5,113,6180,6220,40,64
G,5,113,6240,6360,120,67
G,5,113,6360,6400,40,67
A#,5,113,6420,6540,120,70
G,5,113,6540,6580,40,67
G,5,113,6600,6640,40,67
A,5,113,6660,6780,120,69
A,5,113,7080,7200,120,69
C,6,113,7200,7320,120,72
C,6,113,7320,7440,120,72
A#,5,113,7440,7560,120,70
A,5,113,7560,7600,40,69
G,5,113,7620,7740,120,67
C,6,113,8100,8140,40,72
D,6,113,8160,8280,120,74
D,6,113,8280,8400,120,74
C,6,113,8400,8520,120,72
A#,5,113,8520,8640,120,70
A,5,113,8640,8760,120,69
A,5,113,8760,8880,120,69
A,5,113,8880,9000,120,69
A,5,113,9000,9120,120,69
A#,5,113,9120,9240,120,70
F,5,113,9300,9340,40,65
A,5,113,9240,9360,120,69
F,5,113,9360,9480,120,65
A,5,113,9780,9820,40,69
G,5,113,9840,9960,120,67
F,5,113,9960,10080,120,65
F,5,113,10080,10200,120,65
G,5,113,10200,10240,40,67
E,5,113,10260,10380,120,64
D,6,113,11160,11200,40,74
C,6,113,11220,11340,120,72
D,6,113,11640,11680,40,74
C,6,113,11700,11820,120,72
C,6,113,12180,12220,40,72
C,6,113,12240,12280,40,72
A#,5,113,12300,12420,120,70
A#,5,113,12420,12540,120,70
C,6,113,12600,12640,40,72
A,5,113,12660,12780,120,69
D,6,113,13080,13120,40,74
C,6,113,13140,13260,120,72
D,6,113,13560,13600,40,74
C,6,113,13620,13740,120,72
C,6,113,14100,14140,40,72
C,6,113,14160,14280,120,72
A#,5,113,14280,14320,40,70
A#,5,113,14340,14460,120,70
C,6,113,14460,14500,40,72
A,5,113,14520,14640,120,69
A,5,113,17880,18000,120,69
G,5,113,18000,18120,120,67
F,5,113,18120,18240,120,65
E,5,113,18240,18360,120,64
D,5,113,18360,18400,40,62
E,5,113,18420,18540,120,64
E,5,113,18900,18940,40,64
G,5,113,18960,19080,120,67
G,5,113,19080,19120,40,67
A#,5,113,19140,19260,120,70
G,5,113,19260,19300,40,67
G,5,113,19320,19360,40,67
A,5,113,19380,19500,120,69
A,5,113,19800,19920,120,69
G,5,113,19920,20040,120,67
F,5,113,20040,20160,120,65
E,5,113,20160,20280,120,64
D,5,113,20280,20320,40,62
E,5,113,20340,20460,120,64
E,5,113,20820,20860,40,64
G,5,113,20880,21000,120,67
G,5,113,21000,21040,40,67
A#,5,113,21060,21180,120,70
G,5,113,21180,21220,40,67
G,5,113,21240,21280,40,67
A,5,113,21300,21420,120,69
A,5,113,21720,21840,120,69
C,6,113,21840,21960,120,72
C,6,113,21960,22080,120,72
A#,5,113,22080,22200,120,70
A,5,113,22200,22240,40,69
G,5,113,22260,22380,120,67
C,6,113,22740,22780,40,72
D,6,113,22800,22920,120,74
D,6,113,22920,23040,120,74
C,6,113,23040,23160,120,72
A#,5,113,23160,23280,120,70
A,5,113,23280,23400,120,69
A,5,113,23400,23520,120,69
A,5,113,23520,23640,120,69
A,5,113,23640,23760,120,69
A#,5,113,23760,23880,120,70
F,5,113,23940,23980,40,65
A,5,113,23880,24000,120,69
F,5,113,24000,24120,120,65
A,5,113,24420,24460,40,69
G,5,113,24480,24600,120,67
F,5,113,24600,24720,120,65
F,5,113,24720,24840,120,65
G,5,113,24840,24880,40,67
E,5,113,24900,25020,120,64
D,6,113,25800,25840,40,74
C,6,113,25860,25980,120,72
D,6,113,26280,26320,40,74
C,6,113,26340,26460,120,72
C,6,113,26820,26860,40,72
C,6,113,26880,26920,40,72
A#,5,113,26940,27060,120,70
A#,5,113,27060,27180,120,70
C,6,113,27240,27280,40,72
A,5,113,27300,27420,120,69
D,6,113,27720,27760,40,74
C,6,113,27780,27900,120,72
D,6,113,28200,28240,40,74
C,6,113,28260,28380,120,72
C,6,113,28740,28780,40,72
C,6,113,28800,28920,120,72
A#,5,113,28920,28960,40,70
A#,5,113,28980,29100,120,70
C,6,113,29100,29140,40,72
A,5,113,29160,29280,120,69
A,4,120,29340,29400,60,57
E,4,120,29280,29400,120,52
A,3,120,29280,29400,120,45
A,4,120,29400,29430,30,57
A,4,120,29280,29460,180,57
G,4,120,29460,29580,120,55
A,4,120,29580,29610,30,57
A#,4,120,29610,29640,30,58
A,4,120,29640,29670,30,57
G,4,120,29700,29730,30,55
A,4,120,29760,29790,30,57
A,4,120,29820,29850,30,57
A,4,120,29880,29910,30,57
G,4,120,29940,30060,120,55
A,4,120,30060,30090,30,57
A#,4,120,30090,30120,30,58
A,4,120,30120,30150,30,57
G,4,120,30180,30210,30,55
A,4,120,30240,30270,30,57
A,4,120,30300,30330,30,57
A,4,120,30360,30390,30,57
G,4,120,30420,30540,120,55
A,4,120,30540,30570,30,57
A#,4,120,30570,30600,30,58
A,4,120,30600,30630,30,57
G,4,120,30660,30690,30,55
A,4,120,30720,30750,30,57
A,4,120,30780,30810,30,57
A,4,120,30840,30870,30,57
G,4,120,30900,31020,120,55
A,4,120,31020,31050,30,57
A#,4,120,31050,31080,30,58
A,4,120,31080,31110,30,57
G,4,120,31140,31170,30,55
A,4,120,31200,31230,30,57
A,4,120,31260,31290,30,57
A,4,120,31320,31350,30,57
G,4,120,31380,31500,120,55
A,4,120,31500,31530,30,57
A#,4,120,31530,31560,30,58
A,4,120,31560,31590,30,57
G,4,120,31620,31650,30,55
A,4,120,31680,31710,30,57
A,4,120,31740,31770,30,57
A,4,120,31800,31830,30,57
G,4,120,31860,31980,120,55
A,4,120,31980,32010,30,57
A#,4,120,32010,32040,30,58
A,4,120,32040,32070,30,57
G,4,120,32100,32130,30,55
A,4,120,32160,32190,30,57
A,4,120,32220,32250,30,57
A,4,120,32280,32310,30,57
G,4,120,32340,32460,120,55
A,4,120,32460,32490,30,57
A#,4,120,32490,32520,30,58
A,4,120,32520,32550,30,57
G,4,120,32580,32610,30,55
A,4,120,32640,32670,30,57
A,4,120,32700,32730,30,57
A,4,120,32760,32790,30,57
G,4,120,32820,32940,120,55
A,4,120,32940,32970,30,57
A#,4,120,32970,33000,30,58
A,4,120,33000,33030,30,57
G,4,120,33060,33090,30,55
D,5,127,33180,33186,6,62
D,5,127,33195,33201,6,62
E,5,127,33210,33216,6,64
E,5,127,33225,33231,6,64
E,5,120,33360,33480,120,64
E,5,120,33480,33600,120,64
E,5,103,33600,34078,478,64
A,4,120,34080,34110,30,57
A,4,120,34140,34170,30,57
A,4,120,34200,34230,30,57
G,4,120,34260,34380,120,55
A,4,120,34380,34410,30,57
A#,4,120,34410,34440,30,58
A,4,120,34440,34470,30,57
G,4,120,34500,34530,30,55
A,4,120,34560,34590,30,57
A,4,120,34620,34650,30,57
A,4,120,34680,34710,30,57
G,4,120,34740,34860,120,55
A,4,120,34860,34890,30,57
A#,4,120,34890,34920,30,58
A,4,120,34920,34950,30,57
C,5,120,34987,34998,11,60
D,5,120,35022,35033,11,62
D#,5,120,35040,35051,11,63
E,5,37,35051,35061,10,64
F,5,120,35520,35548,28,65
F,5,103,35070,35640,570,65
F,5,120,35700,35820,120,65
F,5,120,35820,35850,30,65
F,5,120,35880,35910,30,65
E,5,120,35940,35970,30,64
E,5,120,36000,36120,120,64
D,5,120,36180,36300,120,62
D,5,120,36360,36480,120,62
D,5,120,36480,36600,120,62
D,5,120,36660,36780,120,62
D,5,120,36780,36810,30,62
D,5,120,36840,36870,30,62
D,5,120,36900,36930,30,62
D,5,120,36960,36990,30,62
E,5,120,37020,37140,120,64
E,5,120,37140,37260,120,64
E,5,120,37320,37440,120,64
E,5,103,37440,37918,478,64
A,4,120,37920,37950,30,57
A,4,120,37980,38010,30,57
A,4,120,38040,38070,30,57
G,4,120,38100,38220,120,55
A,4,120,38220,38250,30,57
A#,4,120,38250,38280,30,58
A,4,120,38280,38310,30,57
G,4,120,38340,38370,30,55
A,4,120,38400,38430,30,57
A,4,120,38460,38490,30,57
A,4,120,38520,38550,30,57
G,4,120,38580,38700,120,55
A,4,120,38700,38730,30,57
A#,4,120,38730,38760,30,58
A,4,120,38760,38790,30,57
C,5,120,38827,38838,11,60
C#,5,120,38845,38856,11,61
D,5,120,38862,38873,11,62
D#,5,120,38880,38891,11,63
E,5,37,38891,38901,10,64
F,5,120,39360,39388,28,65
F,5,103,38910,39480,570,65
F,5,120,39540,39660,120,65
F,5,120,39660,39690,30,65
F,5,120,39720,39750,30,65
E,5,120,39780,39810,30,64
E,5,120,39840,39960,120,64
D,5,120,40020,40140,120,62
D,5,120,40200,40320,120,62
D,5,120,40320,40440,120,62
D,5,120,40500,40620,120,62
D,5,120,40620,40650,30,62
D,5,120,40680,40710,30,62
D#,5,120,40740,40770,30,63
E,5,103,40800,41278,478,64
E,5,103,41280,41758,478,64
A,4,120,41760,41790,30,57
A,4,120,41820,41850,30,57
A,4,120,41880,41910,30,57
G,4,120,41940,42060,120,55
A,4,120,42060,42090,30,57
A#,4,120,42090,42120,30,58
A,4,120,42120,42150,30,57
G,4,120,42180,42210,30,55
A,4,120,42240,42270,30,57
A,4,120,42300,42330,30,57
A,4,120,42360,42390,30,57
G,4,120,42420,42540,120,55
A,4,120,42540,42570,30,57
A#,4,120,42570,42600,30,58
A,4,120,42600,42630,30,57
G,4,120,42660,42690,30,55
A,4,120,42720,43080,360,57