letter,octave,velocity,time_on,time_off,duration,note_number
E,3,120,120,207,87,40
E,3,110,240,324,84,40
E,3,110,360,441,81,40
E,3,100,480,570,90,40
E,3,100,600,687,87,40
E,3,100,720,804,84,40
E,3,100,840,921,81,40
E,3,100,960,1050,90,40
E,3,100,1080,1167,87,40
E,3,100,1200,1284,84,40
E,3,100,1320,1401,81,40
E,3,100,1440,1530,90,40
E,3,100,1560,1647,87,40
E,3,100,1680,1764,84,40
E,3,100,1800,1881,81,40
E,3,100,1920,2010,90,40
E,3,100,2040,2127,87,40
E,3,100,2160,2244,84,40
E,3,100,2280,2361,81,40
E,3,100,2400,2490,90,40
E,3,100,2520,2607,87,40
E,3,100,2640,2724,84,40
E,3,100,2760,2841,81,40
E,3,100,2880,2970,90,40
E,3,100,3000,3087,87,40
E,3,100,3120,3204,84,40
E,3,100,3240,3321,81,40
E,3,100,3360,3450,90,40
E,3,100,3480,3567,87,40
E,3,100,3600,3684,84,40
E,3,100,3720,3801,81,40
E,3,100,3840,3930,90,40
E,3,100,3960,4047,87,40
E,3,100,4080,4164,84,40
E,3,100,4200,4281,81,40
E,3,100,4320,4410,90,40
E,3,100,4440,4527,87,40
E,3,100,4560,4644,84,40
E,3,100,4680,4761,81,40
E,3,100,4800,4890,90,40
E,3,100,4920,5007,87,40
E,3,100,5040,5124,84,40
E,3,100,5160,5241,81,40
E,3,100,5280,5370,90,40
E,3,100,5400,5487,87,40
E,3,100,5520,5604,84,40
E,3,100,5640,5721,81,40
E,3,100,5760,5850,90,40
E,3,100,5880,5967,87,40
E,3,100,6000,6084,84,40
E,3,100,6120,6201,81,40
E,3,100,6240,6330,90,40
E,3,100,6360,6447,87,40
E,3,100,6480,6564,84,40
E,3,100,6600,6681,81,40
E,3,100,6720,6810,90,40
E,3,100,6840,6927,87,40
E,3,100,6960,7044,84,40
E,3,100,7080,7161,81,40
E,3,100,7200,7290,90,40
E,3,100,7320,7407,87,40
E,3,100,7440,7524,84,40
E,3,100,7560,7641,81,40
E,3,127,7680,7796,116,40
E,3,120,7800,7887,87,40
E,3,120,7920,8004,84,40
E,3,120,8040,8121,81,40
E,3,120,8160,8250,90,40
E,3,120,8280,8367,87,40
E,3,120,8400,8484,84,40
E,3,120,8520,8601,81,40
E,3,120,8640,8730,90,40
E,3,120,8760,8847,87,40
E,3,120,8880,8964,84,40
E,3,120,9000,9081,81,40
E,3,120,9120,9210,90,40
E,3,120,9240,9327,87,40
E,3,120,9360,9444,84,40
E,3,120,9480,9561,81,40
E,3,120,9600,9690,90,40
E,3,120,9720,9807,87,40
E,3,120,9840,9924,84,40
E,3,120,9960,10041,81,40
E,3,120,10080,10170,90,40
E,3,120,10200,10287,87,40
E,3,120,10320,10404,84,40
E,3,120,10440,10521,81,40
E,3,120,10560,10650,90,40
E,3,120,10680,10767,87,40
E,3,120,10800,10884,84,40
E,3,120,10920,11001,81,40
E,3,120,11040,11130,90,40
E,3,120,11160,11247,87,40
E,3,120,11280,11364,84,40
E,3,120,11400,11481,81,40
E,3,120,11520,11610,90,40
E,3,120,11640,11727,87,40
E,3,120,11760,11844,84,40
E,3,120,11880,11961,81,40
E,3,120,12000,12090,90,40
E,3,120,12120,12207,87,40
E,3,120,12240,12324,84,40
E,3,120,12360,12441,81,40
E,3,120,12480,12570,90,40
E,3,120,12600,12687,87,40
E,3,120,12720,12804,84,40
E,3,120,12840,12921,81,40
E,3,120,12960,13050,90,40
E,3,120,13080,13167,87,40
E,3,120,13200,13284,84,40
E,3,120,13320,13401,81,40
E,3,120,13440,13530,90,40
E,3,120,13560,13647,87,40
E,3,120,13680,13764,84,40
E,3,120,13800,13881,81,40
E,3,120,13920,14010,90,40
E,3,120,14040,14127,87,40
E,3,120,14160,14244,84,40
E,3,120,14280,14361,81,40
E,3,120,14400,14490,90,40
E,3,120,14520,14607,87,40
E,3,120,14640,14724,84,40
E,3,120,14760,14841,81,40
E,3,120,14880,14970,90,40
E,3,120,15000,15087,87,40
E,3,120,15120,15204,84,40
E,3,120,15240,15321,81,40
E,3,120,15360,15450,90,40
E,3,120,15480,15567,87,40
E,3,120,15600,15684,84,40
E,3,120,15720,15801,81,40
E,3,120,15840,15930,90,40
E,3,120,15960,16047,87,40
E,3,120,16080,16164,84,40
E,3,120,16200,16281,81,40
E,3,120,16320,16410,90,40
E,3,120,16440,16527,87,40
E,3,120,16560,16644,84,40
E,3,120,16680,16761,81,40
E,3,120,16800,16890,90,40
E,3,120,16920,17007,87,40
E,3,120,17040,17124,84,40
E,3,120,17160,17241,81,40
E,3,120,17280,17370,90,40
E,3,120,17400,17487,87,40
E,3,120,17520,17604,84,40
E,3,120,17640,17721,81,40
E,3,120,17760,17850,90,40
E,3,120,17880,17967,87,40
E,3,120,18000,18084,84,40
E,3,120,18120,18201,81,40
E,3,120,18240,18330,90,40
E,3,120,18360,18447,87,40
E,3,120,18480,18564,84,40
E,3,120,18600,18681,81,40
E,3,120,18720,18810,90,40
E,3,120,18840,18927,87,40
E,3,120,18960,19044,84,40
E,3,120,19080,19161,81,40
E,3,120,19200,19290,90,40
E,3,120,19320,19407,87,40
E,3,120,19440,19524,84,40
E,3,120,19560,19641,81,40
E,3,120,19680,19770,90,40
E,3,120,19800,19887,87,40
E,3,120,19920,20004,84,40
E,3,120,20040,20121,81,40
E,3,120,20160,20250,90,40
E,3,120,20280,20367,87,40
E,3,120,20400,20484,84,40
E,3,120,20520,20601,81,40
E,3,120,20640,20730,90,40
E,3,120,20760,20847,87,40
E,3,120,20880,20964,84,40
E,3,120,21000,21081,81,40
E,3,120,21120,21210,90,40
E,3,120,21240,21327,87,40
E,3,120,21360,21444,84,40
E,3,120,21480,21561,81,40
E,3,120,21600,21690,90,40
E,3,120,21720,21807,87,40
E,3,120,21840,21924,84,40
E,3,120,21960,22041,81,40
E,3,120,22080,22170,90,40
E,3,120,22200,22287,87,40
E,3,120,22320,22404,84,40
E,3,120,22440,22521,81,40
E,3,120,22560,22650,90,40
E,3,120,22680,22767,87,40
E,3,120,22800,22884,84,40
E,3,120,22920,23001,81,40
E,3,120,23040,23130,90,40
E,3,120,23160,23247,87,40
E,3,120,23280,23364,84,40
E,3,120,23400,23481,81,40
E,3,120,23520,23610,90,40
E,3,120,23640,23727,87,40
E,3,120,23760,23844,84,40
E,3,120,23880,23961,81,40
E,3,120,24000,24090,90,40
E,3,120,24120,24207,87,40
E,3,120,24240,24324,84,40
E,3,120,24360,24441,81,40
E,3,120,24480,24570,90,40
E,3,120,24600,24687,87,40
E,3,120,24720,24804,84,40
E,3,120,24840,24921,81,40
E,3,120,24960,25050,90,40
E,3,120,25080,25167,87,40
E,3,120,25200,25284,84,40
E,3,120,25320,25401,81,40
E,3,120,25440,25530,90,40
E,3,120,25560,25647,87,40
E,3,120,25680,25764,84,40
E,3,120,25800,25881,81,40
E,3,120,25920,26010,90,40
E,3,120,26040,26127,87,40
E,3,120,26160,26244,84,40
E,3,120,26280,26361,81,40
E,3,120,26400,26490,90,40
E,3,120,26520,26607,87,40
E,3,120,26640,26724,84,40
E,3,120,26760,26841,81,40
E,3,120,26880,26970,90,40
E,3,120,27000,27087,87,40
E,3,120,27120,27204,84,40
E,3,120,27240,27321,81,40
E,3,120,27360,27450,90,40
E,3,120,27480,27567,87,40
E,3,120,27600,27684,84,40
E,3,120,27720,27801,81,40
E,3,120,27840,27930,90,40
E,3,120,27960,28047,87,40
E,3,120,28080,28164,84,40
E,3,120,28200,28281,81,40
E,3,120,28320,28410,90,40
E,3,120,28440,28527,87,40
E,3,120,28560,28644,84,40
E,3,120,28680,28761,81,40
E,3,120,28800,28890,90,40
E,3,120,28920,29007,87,40
E,3,120,29040,29124,84,40
E,3,120,29160,29241,81,40
E,3,120,29280,29370,90,40
E,3,120,29400,29487,87,40
E,3,120,29520,29604,84,40
E,3,120,29640,29721,81,40
E,3,120,29760,29850,90,40
E,3,120,29880,29967,87,40
E,3,120,30000,30084,84,40
E,3,120,30120,30201,81,40
E,3,120,30240,30330,90,40
E,3,120,30360,30447,87,40
E,3,120,30480,30564,84,40
E,3,120,30600,30681,81,40
E,3,120,30720,30810,90,40
E,3,120,30840,30927,87,40
E,3,120,30960,31044,84,40
E,3,120,31080,31161,81,40
E,3,120,31200,31290,90,40
E,3,120,31320,31407,87,40
E,3,120,31440,31524,84,40
E,3,120,31560,31641,81,40
E,3,120,31680,31770,90,40
E,3,120,31800,31887,87,40
E,3,120,31920,32004,84,40
E,3,120,32040,32121,81,40
E,3,120,32160,32250,90,40
E,3,120,32280,32367,87,40
E,3,120,32400,32484,84,40
E,3,120,32520,32601,81,40
E,3,120,32640,32730,90,40
E,3,120,32760,32847,87,40
E,3,120,32880,32964,84,40
E,3,120,33000,33081,81,40
E,3,120,33120,33210,90,40
E,3,120,33240,33327,87,40
E,3,120,33360,33444,84,40
E,3,120,33480,33561,81,40
E,3,120,33600,33690,90,40
E,3,120,33720,33807,87,40
E,3,120,33840,33924,84,40
E,3,120,33960,34041,81,40
E,3,120,34080,34170,90,40
E,3,120,34200,34287,87,40
E,3,120,34320,34404,84,40
E,3,120,34440,34521,81,40
E,3,120,34560,34650,90,40
E,3,120,34680,34767,87,40
E,3,120,34800,34884,84,40
E,3,120,34920,35001,81,40
E,3,120,35040,35130,90,40
E,3,120,35160,35247,87,40
E,3,120,35280,35364,84,40
E,3,120,35400,35481,81,40
E,3,120,35520,35610,90,40
E,3,120,35640,35727,87,40
E,3,120,35760,35844,84,40
E,3,120,35880,35961,81,40
E,3,120,36000,36090,90,40
E,3,120,36120,36207,87,40
E,3,120,36240,36324,84,40
E,3,120,36360,36441,81,40
E,3,120,36480,36570,90,40
E,3,120,36600,36687,87,40
E,3,120,36720,36804,84,40
E,3,120,36840,36921,81,40
E,3,120,36960,37050,90,40
E,3,120,37080,37167,87,40
E,3,120,37200,37284,84,40
E,3,120,37320,37401,81,40
E,3,120,37440,37530,90,40
E,3,120,37560,37647,87,40
E,3,120,37680,37764,84,40
E,3,120,37800,37881,81,40
E,3,120,37920,38010,90,40
E,3,120,38040,38127,87,40
E,3,120,38160,38244,84,40
E,3,120,38280,38361,81,40
E,3,120,38400,38490,90,40
E,3,120,38520,38607,87,40
E,3,120,38640,38724,84,40
E,3,120,38760,38841,81,40
E,3,120,38880,38970,90,40
E,3,120,39000,39087,87,40
E,3,120,39120,39204,84,40
E,3,120,39240,39321,81,40
E,3,120,39360,39450,90,40
E,3,120,39480,39567,87,40
E,3,120,39600,39684,84,40
E,3,120,39720,39801,81,40
E,3,120,39840,39930,90,40
E,3,120,39960,40047,87,40
E,3,120,40080,40164,84,40
E,3,120,40200,40281,81,40
E,3,120,40320,40410,90,40
E,3,120,40440,40527,87,40
E,3,120,40560,40644,84,40
E,3,120,40680,40761,81,40
E,3,120,40800,40890,90,40
E,3,120,40920,41007,87,40
E,3,120,41040,41124,84,40
E,3,120,41160,41241,81,40
E,3,120,41280,41370,90,40
E,3,120,41400,41487,87,40
E,3,120,41520,41604,84,40
E,3,120,41640,41721,81,40
E,3,120,41760,41850,90,40
E,3,120,41880,41967,87,40
E,3,120,42000,42084,84,40
E,3,120,42120,42201,81,40
E,3,120,42240,42330,90,40
E,3,120,42360,42447,87,40
E,3,120,42480,42564,84,40
E,3,120,42600,42681,81,40
E,3,120,42720,42810,90,40
E,3,120,42840,42927,87,40
E,3,120,42960,43044,84,40
E,3,120,43080,43161,81,40
E,3,120,43200,43290,90,40
E,3,120,43320,43407,87,40
E,3,120,43440,43524,84,40
E,3,120,43560,43641,81,40
E,3,120,43680,43770,90,40
E,3,120,43800,43887,87,40
E,3,120,43920,44004,84,40
E,3,120,44040,44121,81,40
E,3,120,44160,44250,90,40
E,3,120,44280,44367,87,40
E,3,120,44400,44484,84,40
E,3,120,44520,44601,81,40
E,3,120,44640,44730,90,40
E,3,120,44760,44847,87,40
E,3,120,44880,44964,84,40
E,3,120,45000,45081,81,40
E,3,120,45120,45210,90,40
E,3,120,45240,45327,87,40
E,3,120,45360,45444,84,40
E,3,120,45480,45561,81,40
E,3,120,45600,45690,90,40
E,3,120,45720,45807,87,40
E,3,120,45840,45924,84,40
E,3,120,45960,46041,81,40
E,3,120,46080,46170,90,40
E,3,120,46200,46287,87,40
E,3,120,46320,46404,84,40
E,3,120,46440,46521,81,40
E,3,120,46560,46650,90,40
E,3,120,46680,46767,87,40
E,3,120,46800,46884,84,40
E,3,120,46920,47001,81,40
E,3,120,47040,47130,90,40
E,3,120,47160,47247,87,40
E,3,120,47280,47364,84,40
E,3,120,47400,47481,81,40
E,3,120,47520,47610,90,40
E,3,120,47640,47727,87,40
E,3,120,47760,47844,84,40
E,3,120,47880,47961,81,40
E,3,120,48000,48090,90,40
E,3,120,48120,48207,87,40
E,3,120,48240,48324,84,40
E,3,120,48360,48441,81,40
E,3,120,48480,48570,90,40
E,3,120,48600,48687,87,40
E,3,120,48720,48804,84,40
E,3,120,48840,48921,81,40
E,3,120,48960,49050,90,40
E,3,120,49080,49167,87,40
E,3,120,49200,49284,84,40
E,3,120,49320,49401,81,40
E,3,120,49440,49530,90,40
E,3,120,49560,49647,87,40
E,3,120,49680,49764,84,40
E,3,120,49800,49881,81,40
E,3,110,49920,50343,423,40
E,3,110,50400,50828,428,40
E,3,110,50880,51232,352,40
E,3,110,51360,51766,406,40
E,3,110,51840,52213,373,40
E,3,110,52320,52685,365,40
E,3,110,52800,53159,359,40
E,3,110,53280,53573,293,40
E,3,110,53760,54183,423,40
E,3,110,54240,54668,428,40
E,3,110,54720,55072,352,40
E,3,110,55200,55606,406,40
E,3,110,55680,56053,373,40
E,3,110,56160,56525,365,40
E,3,110,56640,56999,359,40
E,3,110,57120,57413,293,40
E,3,32,58560,58632,72,40
E,3,29,58680,58764,84,40
E,3,36,58800,58875,75,40
E,3,54,58920,59010,90,40
E,3,26,59040,59126,86,40
E,3,43,59160,59234,74,40
E,3,48,59280,59350,70,40
E,3,60,59400,59476,76,40
E,3,63,59520,59590,70,40
E,3,74,59640,59707,67,40
E,3,82,59760,59825,65,40
E,3,82,59880,59945,65,40
E,3,101,60000,60066,66,40
E,3,101,60120,60184,64,40
E,3,116,60240,60304,64,40
E,3,108,60360,60420,60,40
E,3,124,60480,60546,66,40
E,3,124,60600,60654,54,40
E,3,127,60720,60777,57,40
E,3,124,60840,60892,52,40
E,3,124,60960,61016,56,40
E,3,116,61080,61146,66,40
E,3,124,61200,61258,58,40
E,3,127,61320,61402,82,40
A,3,70,61560,61626,66,45
A,3,70,61680,61745,65,45
A,3,70,61800,61867,67,45
A,3,70,61920,61983,63,45
A,3,70,62040,62098,58,45
A,3,70,62160,62222,62,45
A,3,70,62280,62348,68,45
A,3,70,62400,62458,58,45
A,3,70,62520,62573,53,45
A,3,70,62640,62692,52,45
A,3,70,62760,62824,64,45
A,3,70,62880,62942,62,45
A,3,70,63000,63057,57,45
A,3,70,63120,63171,51,45
A,3,70,63240,63298,58,45
G,3,70,63480,63542,62,43
G,3,70,63600,63654,54,43
G,3,70,63720,63773,53,43
G,3,70,63840,63905,65,43
G,3,70,63960,64017,57,43
G,3,70,64080,64128,48,43
G,3,70,64200,64270,70,43
F#,3,70,64440,64523,83,42
F#,3,70,64560,64643,83,42
F#,3,70,64680,64751,71,42
F#,3,70,64800,64863,63,42
F#,3,70,64920,64986,66,42
F#,3,70,65040,65093,53,42
F#,3,70,65160,65218,58,42
E,3,5,71040,71130,90,40
E,3,10,71160,71247,87,40
E,3,15,71280,71364,84,40
E,3,20,71400,71481,81,40
E,3,25,71520,71610,90,40
E,3,30,71640,71727,87,40
E,3,35,71760,71844,84,40
E,3,40,71880,71961,81,40
E,3,45,72000,72090,90,40
E,3,50,72120,72207,87,40
E,3,55,72240,72324,84,40
E,3,60,72360,72441,81,40
E,3,65,72480,72570,90,40
E,3,70,72600,72687,87,40
E,3,70,72720,72804,84,40
E,3,70,72840,72921,81,40
E,3,120,72960,73050,90,40
E,3,120,73080,73167,87,40
E,3,120,73200,73284,84,40
E,3,120,73320,73401,81,40
E,3,120,73440,73530,90,40
E,3,120,73560,73647,87,40
E,3,120,73680,73764,84,40
E,3,120,73800,73881,81,40
E,3,120,73920,74010,90,40
E,3,120,74040,74127,87,40
E,3,120,74160,74244,84,40
E,3,120,74280,74361,81,40
E,3,120,74400,74490,90,40
E,3,120,74520,74607,87,40
E,3,120,74640,74724,84,40
E,3,120,74760,74841,81,40
E,3,120,74880,74970,90,40
E,3,120,75000,75087,87,40
E,3,120,75120,75204,84,40
E,3,120,75240,75321,81,40
E,3,120,75360,75450,90,40
E,3,120,75480,75567,87,40
E,3,120,75600,75684,84,40
E,3,120,75720,75801,81,40
E,3,120,75840,75930,90,40
E,3,120,75960,76047,87,40
E,3,120,76080,76164,84,40
E,3,120,76200,76281,81,40
E,3,120,76320,76410,90,40
E,3,120,76440,76527,87,40
E,3,120,76560,76644,84,40
E,3,120,76680,76761,81,40
E,3,120,76800,76890,90,40
E,3,120,76920,77007,87,40
E,3,120,77040,77124,84,40
E,3,120,77160,77241,81,40
E,3,120,77280,77370,90,40
E,3,120,77400,77487,87,40
E,3,120,77520,77604,84,40
E,3,120,77640,77721,81,40
E,3,120,77760,77850,90,40
E,3,120,77880,77967,87,40
E,3,120,78000,78084,84,40
E,3,120,78120,78201,81,40
E,3,120,78240,78330,90,40
E,3,120,78360,78447,87,40
E,3,120,78480,78564,84,40
E,3,120,78600,78681,81,40
E,3,120,78720,78810,90,40
E,3,120,78840,78927,87,40
E,3,120,78960,79044,84,40
E,3,120,79080,79161,81,40
E,3,120,79200,79290,90,40
E,3,120,79320,79407,87,40
E,3,120,79440,79524,84,40
E,3,120,79560,79641,81,40
E,3,120,79680,79770,90,40
E,3,120,79800,79887,87,40
E,3,120,79920,80004,84,40
E,3,120,80040,80121,81,40
E,3,120,80160,80250,90,40
E,3,120,80280,80367,87,40
E,3,120,80400,80484,84,40
E,3,120,80520,80601,81,40
E,3,120,80640,80730,90,40
E,3,120,80760,80847,87,40
E,3,120,80880,80964,84,40
E,3,120,81000,81081,81,40
E,3,120,81120,81210,90,40
E,3,120,81240,81327,87,40
E,3,120,81360,81444,84,40
E,3,120,81480,81561,81,40
E,3,120,81600,81690,90,40
E,3,120,81720,81807,87,40
E,3,120,81840,81924,84,40
E,3,120,81960,82041,81,40
E,3,120,82080,82170,90,40
E,3,120,82200,82287,87,40
E,3,120,82320,82404,84,40
E,3,120,82440,82521,81,40
E,3,120,82560,82650,90,40
E,3,120,82680,82767,87,40
E,3,120,82800,82884,84,40
E,3,120,82920,83001,81,40
E,3,120,83040,83130,90,40
E,3,120,83160,83247,87,40
E,3,120,83280,83364,84,40
E,3,120,83400,83481,81,40
E,3,120,83520,83610,90,40
E,3,120,83640,83727,87,40
E,3,120,83760,83844,84,40
E,3,120,83880,83961,81,40
E,3,120,84000,84090,90,40
E,3,120,84120,84207,87,40
E,3,120,84240,84324,84,40
E,3,120,84360,84441,81,40
E,3,120,84480,84570,90,40
E,3,120,84600,84687,87,40
E,3,120,84720,84804,84,40
E,3,120,84840,84921,81,40
E,3,120,84960,85050,90,40
E,3,120,85080,85167,87,40
E,3,120,85200,85284,84,40
E,3,120,85320,85401,81,40
E,3,120,85440,85530,90,40
E,3,120,85560,85647,87,40
E,3,120,85680,85764,84,40
E,3,120,85800,85881,81,40
E,3,120,85920,86010,90,40
E,3,120,86040,86127,87,40
E,3,120,86160,86244,84,40
E,3,120,86280,86361,81,40
E,3,120,86400,86490,90,40
E,3,120,86520,86607,87,40
E,3,120,86640,86724,84,40
E,3,120,86760,86841,81,40
E,3,120,86880,86970,90,40
E,3,120,87000,87087,87,40
E,3,120,87120,87204,84,40
E,3,120,87240,87321,81,40
E,3,120,87360,87450,90,40
E,3,120,87480,87567,87,40
E,3,120,87600,87684,84,40
E,3,120,87720,87801,81,40
E,3,120,87840,87930,90,40
E,3,120,87960,88047,87,40
E,3,120,88080,88164,84,40
E,3,120,88200,88281,81,40
E,3,120,88320,88410,90,40
E,3,120,88440,88527,87,40
E,3,120,88560,88644,84,40
E,3,120,88680,88761,81,40
E,3,120,88800,88890,90,40
E,3,120,88920,89007,87,40
E,3,120,89040,89124,84,40
E,3,120,89160,89241,81,40
E,3,120,89280,89370,90,40
E,3,120,89400,89487,87,40
E,3,120,89520,89604,84,40
E,3,120,89640,89721,81,40
E,3,120,89760,89850,90,40
E,3,120,89880,89967,87,40
E,3,120,90000,90084,84,40
E,3,120,90120,90201,81,40
E,3,120,90240,90330,90,40
E,3,120,90360,90447,87,40
E,3,120,90480,90564,84,40
E,3,120,90600,90681,81,40
E,3,120,90720,90810,90,40
E,3,120,90840,90927,87,40
E,3,120,90960,91044,84,40
E,3,120,91080,91161,81,40
E,3,120,91200,91290,90,40
E,3,120,91320,91407,87,40
E,3,120,91440,91524,84,40
E,3,120,91560,91641,81,40
E,3,120,91680,91770,90,40
E,3,120,91800,91887,87,40
E,3,120,91920,92004,84,40
E,3,120,92040,92121,81,40
E,3,120,92160,92250,90,40
E,3,120,92280,92367,87,40
E,3,120,92400,92484,84,40
E,3,120,92520,92601,81,40
E,3,120,92640,92730,90,40
E,3,120,92760,92847,87,40
E,3,120,92880,92964,84,40
E,3,120,93000,93081,81,40
E,3,120,93120,93210,90,40
E,3,120,93240,93327,87,40
E,3,120,93360,93444,84,40
E,3,120,93480,93561,81,40
E,3,120,93600,93690,90,40
E,3,120,93720,93807,87,40
E,3,120,93840,93924,84,40
E,3,120,93960,94041,81,40
E,3,120,94080,94170,90,40
E,3,120,94200,94287,87,40
E,3,120,94320,94404,84,40
E,3,120,94440,94521,81,40
E,3,120,94560,94650,90,40
E,3,120,94680,94767,87,40
E,3,120,94800,94884,84,40
E,3,120,94920,95001,81,40
E,3,120,95040,95130,90,40
E,3,120,95160,95247,87,40
E,3,120,95280,95364,84,40
E,3,120,95400,95481,81,40
E,3,120,95520,95610,90,40
E,3,120,95640,95727,87,40
E,3,120,95760,95844,84,40
E,3,120,95880,95961,81,40
E,3,120,96000,96090,90,40
E,3,120,96120,96207,87,40
E,3,120,96240,96324,84,40
E,3,120,96360,96441,81,40
E,3,120,96480,96570,90,40
E,3,120,96600,96687,87,40
E,3,120,96720,96804,84,40
E,3,120,96840,96921,81,40
E,3,120,96960,97050,90,40
E,3,120,97080,97167,87,40
E,3,120,97200,97284,84,40
E,3,120,97320,97401,81,40
E,3,120,97440,97530,90,40
E,3,120,97560,97647,87,40
E,3,120,97680,97764,84,40
E,3,120,97800,97881,81,40
E,3,120,97920,98010,90,40
E,3,120,98040,98127,87,40
E,3,120,98160,98244,84,40
E,3,120,98280,98361,81,40
E,3,120,98400,98490,90,40
E,3,120,98520,98607,87,40
E,3,120,98640,98724,84,40
E,3,120,98760,98841,81,40
E,3,120,98880,98970,90,40
E,3,120,99000,99087,87,40
E,3,120,99120,99204,84,40
E,3,120,99240,99321,81,40
E,3,120,99360,99450,90,40
E,3,120,99480,99567,87,40
E,3,120,99600,99684,84,40
E,3,120,99720,99801,81,40
E,3,120,99840,99930,90,40
E,3,120,99960,100047,87,40
E,3,120,100080,100164,84,40
E,3,120,100200,100281,81,40
E,3,120,100320,100410,90,40
E,3,120,100440,100527,87,40
E,3,120,100560,100644,84,40
E,3,120,100680,100761,81,40
E,3,120,100800,100890,90,40
E,3,120,100920,101007,87,40
E,3,120,101040,101124,84,40
E,3,120,101160,101241,81,40
E,3,120,101280,101370,90,40
E,3,120,101400,101487,87,40
E,3,120,101520,101604,84,40
E,3,120,101640,101721,81,40
E,3,120,101760,101850,90,40
E,3,120,101880,101967,87,40
E,3,120,102000,102084,84,40
E,3,120,102120,102201,81,40
E,3,120,102240,102330,90,40
E,3,120,102360,102447,87,40
E,3,120,102480,102564,84,40
E,3,120,102600,102681,81,40
E,3,120,102720,102810,90,40
E,3,120,102840,102927,87,40
E,3,120,102960,103044,84,40
E,3,120,103080,103161,81,40
E,3,120,103200,103290,90,40
E,3,120,103320,103407,87,40
E,3,120,103440,103524,84,40
E,3,120,103560,103641,81,40
E,3,120,103680,103770,90,40
E,3,120,103800,103887,87,40
E,3,120,103920,104004,84,40
E,3,120,104040,104121,81,40
E,3,120,104160,104250,90,40
E,3,120,104280,104367,87,40
E,3,120,104400,104484,84,40
E,3,120,104520,104601,81,40
E,3,120,104640,104730,90,40
E,3,120,104760,104847,87,40
E,3,120,104880,104964,84,40
E,3,120,105000,105081,81,40
E,3,120,105120,105210,90,40
E,3,120,105240,105327,87,40
E,3,120,105360,105444,84,40
E,3,120,105480,105561,81,40
E,3,120,105600,105690,90,40
E,3,120,105720,105807,87,40
E,3,120,105840,105924,84,40
E,3,120,105960,106041,81,40
E,3,120,106080,106170,90,40
E,3,120,106200,106287,87,40
E,3,120,106320,106404,84,40
E,3,120,106440,106521,81,40
E,3,120,106560,106650,90,40
E,3,120,106680,106767,87,40
E,3,120,106800,106884,84,40
E,3,120,106920,107001,81,40
E,3,120,107040,107130,90,40
E,3,120,107160,107247,87,40
E,3,120,107280,107364,84,40
E,3,120,107400,107481,81,40
E,3,120,107520,107610,90,40
E,3,120,107640,107727,87,40
E,3,120,107760,107844,84,40
E,3,120,107880,107961,81,40
E,3,120,108000,108090,90,40
E,3,120,108120,108207,87,40
E,3,120,108240,108324,84,40
E,3,120,108360,108441,81,40
E,3,120,108480,108570,90,40
E,3,120,108600,108687,87,40
E,3,120,108720,108804,84,40
E,3,120,108840,108921,81,40
E,3,120,108960,109050,90,40
E,3,120,109080,109167,87,40
E,3,120,109200,109284,84,40
E,3,120,109320,109401,81,40
E,3,120,109440,109530,90,40
E,3,120,109560,109647,87,40
E,3,120,109680,109764,84,40
E,3,120,109800,109881,81,40
E,3,120,109920,110010,90,40
E,3,120,110040,110127,87,40
E,3,120,110160,110244,84,40
E,3,120,110280,110361,81,40
E,3,120,110400,110490,90,40
E,3,120,110520,110607,87,40
E,3,120,110640,110724,84,40
E,3,120,110760,110841,81,40
E,3,120,110880,110970,90,40
E,3,120,111000,111087,87,40
E,3,120,111120,111204,84,40
E,3,120,111240,111321,81,40
E,3,110,111360,111783,423,40
E,3,110,111840,112268,428,40
E,3,110,112320,112672,352,40
E,3,110,112800,113206,406,40
E,3,110,113280,113653,373,40
E,3,110,113760,114125,365,40
E,3,110,114240,114599,359,40
E,3,110,114720,115013,293,40
E,3,110,115200,115623,423,40
E,3,110,115680,116108,428,40
E,3,110,116160,116512,352,40
E,3,110,116640,117046,406,40
E,3,110,117120,117493,373,40
E,3,110,117600,117965,365,40
E,3,110,118080,118439,359,40
E,3,110,118560,118853,293,40
E,3,32,120000,120072,72,40
E,3,29,120120,120204,84,40
E,3,36,120240,120315,75,40
E,3,54,120360,120450,90,40
E,3,26,120480,120566,86,40
E,3,43,120600,120674,74,40
E,3,48,120720,120790,70,40
E,3,60,120840,120916,76,40
E,3,63,120960,121030,70,40
E,3,74,121080,121147,67,40
E,3,82,121200,121265,65,40
E,3,82,121320,121385,65,40
E,3,101,121440,121506,66,40
E,3,101,121560,121624,64,40
E,3,116,121680,121744,64,40
E,3,108,121800,121860,60,40
E,3,124,121920,121986,66,40
E,3,124,122040,122094,54,40
E,3,127,122160,122217,57,40
E,3,124,122280,122332,52,40
E,3,124,122400,122456,56,40
E,3,116,122520,122586,66,40
E,3,124,122640,122698,58,40
E,3,127,122760,122842,82,40
A,3,70,122880,122939,59,45
A,3,70,123000,123066,66,45
A,3,70,123120,123185,65,45
A,3,70,123240,123307,67,45
A,3,70,123360,123423,63,45
A,3,70,123480,123538,58,45
A,3,70,123600,123662,62,45
A,3,70,123720,123788,68,45
A,3,70,123840,123898,58,45
A,3,70,123960,124013,53,45
A,3,70,124080,124132,52,45
A,3,70,124200,124264,64,45
A,3,70,124320,124382,62,45
A,3,70,124440,124497,57,45
A,3,70,124560,124611,51,45
A,3,70,124680,124738,58,45
G,3,70,124800,124858,58,43
G,3,70,124920,124982,62,43
G,3,70,125040,125094,54,43
G,3,70,125160,125213,53,43
G,3,70,125280,125345,65,43
G,3,70,125400,125457,57,43
G,3,70,125520,125568,48,43
G,3,70,125640,125710,70,43
F#,3,70,125760,125831,71,42
F#,3,70,125880,125963,83,42
F#,3,70,126000,126083,83,42
F#,3,70,126120,126191,71,42
F#,3,70,126240,126303,63,42
F#,3,70,126360,126426,66,42
F#,3,70,126480,126533,53,42
F#,3,70,126600,126658,58,42
E,3,100,126720,126771,51,40
E,3,100,126840,126891,51,40
E,3,100,126960,127018,58,40
E,3,100,127080,127131,51,40
E,3,100,127200,127252,52,40
E,3,100,127320,127371,51,40
E,3,100,127440,127491,51,40
E,3,100,127560,127613,53,40
E,3,100,127680,127733,53,40
E,3,100,127800,127851,51,40
E,3,100,127920,127971,51,40
E,3,100,128040,128096,56,40
E,3,100,128160,128211,51,40
E,3,100,128280,128337,57,40
E,3,100,128400,128459,59,40
E,3,100,128520,128565,45,40
A,3,100,128640,128698,58,45
A,3,100,128760,128808,48,45
A,3,100,128880,128934,54,45
A,3,100,129000,129058,58,45
A,3,100,129120,129174,54,45
A,3,100,129240,129291,51,45
A,3,100,129360,129412,52,45
A,3,100,129480,129536,56,45
G,3,100,129600,129652,52,43
G,3,100,129720,129777,57,43
G,3,100,129840,129892,52,43
G,3,100,129960,130017,57,43
G,3,100,130080,130131,51,43
G,3,100,130200,130249,49,43
G,3,100,130320,130367,47,43
G,3,100,130440,130493,53,43
F,3,100,130680,130729,49,41
F,3,100,130800,130852,52,41
F,3,100,130920,130973,53,41
F,3,100,131040,131095,55,41
F,3,100,131160,131212,52,41
F,3,100,131280,131328,48,41
F,3,100,131400,131454,54,41
F,3,100,131520,131580,60,41
F,3,100,131640,131701,61,41
F,3,100,131760,131813,53,41
F,3,100,131880,131937,57,41
F,3,100,132000,132053,53,41
F,3,100,132120,132173,53,41
F,3,100,132240,132283,43,41
F,3,100,132360,132424,64,41
C,3,100,132600,132661,61,36
C,3,100,132720,132783,63,36
C,3,100,132840,132902,62,36
C,3,100,132960,133021,61,36
C,3,100,133080,133130,50,36
C,3,100,133200,133253,53,36
C,3,100,133320,133391,71,36
B,3,100,133560,133614,54,47
B,3,100,133680,133737,57,47
B,3,100,133800,133864,64,47
B,3,100,133920,133975,55,47
B,3,100,134040,134091,51,47
B,3,100,134160,134209,49,47
B,3,100,134280,134328,48,47
E,3,100,134400,134451,51,40
E,3,100,134520,134571,51,40
E,3,100,134640,134698,58,40
E,3,100,134760,134811,51,40
E,3,100,134880,134932,52,40
E,3,100,135000,135051,51,40
E,3,100,135120,135171,51,40
E,3,100,135240,135293,53,40
E,3,100,135360,135413,53,40
E,3,100,135480,135531,51,40
E,3,100,135600,135651,51,40
E,3,100,135720,135776,56,40
E,3,100,135840,135891,51,40
E,3,100,135960,136017,57,40
E,3,100,136080,136139,59,40
E,3,100,136200,136245,45,40
A,3,100,136320,136378,58,45
A,3,100,136440,136488,48,45
A,3,100,136560,136614,54,45
A,3,100,136680,136738,58,45
A,3,100,136800,136854,54,45
A,3,100,136920,136971,51,45
A,3,100,137040,137092,52,45
A,3,100,137160,137216,56,45
G,3,100,137280,137332,52,43
G,3,100,137400,137457,57,43
G,3,100,137520,137572,52,43
G,3,100,137640,137697,57,43
G,3,100,137760,137811,51,43
G,3,100,137880,137929,49,43
G,3,100,138000,138047,47,43
G,3,100,138120,138173,53,43
F,3,100,138240,138298,58,41
F,3,100,138360,138409,49,41
F,3,100,138480,138532,52,41
F,3,100,138600,138653,53,41
F,3,100,138720,138775,55,41
F,3,100,138840,138892,52,41
F,3,100,138960,139008,48,41
F,3,100,139080,139134,54,41
F,3,100,139200,139260,60,41
F,3,100,139320,139381,61,41
F,3,100,139440,139493,53,41
F,3,100,139560,139617,57,41
F,3,100,139680,139733,53,41
F,3,100,139800,139853,53,41
F,3,100,139920,139963,43,41
F,3,100,140040,140104,64,41
C,3,100,140160,140227,67,36
C,3,100,140280,140341,61,36
C,3,100,140400,140463,63,36
C,3,100,140520,140582,62,36
C,3,100,140640,140701,61,36
C,3,100,140760,140810,50,36
C,3,100,140880,140933,53,36
C,3,100,141000,141071,71,36
B,3,100,141120,141177,57,47
B,3,100,141240,141294,54,47
B,3,100,141360,141417,57,47
B,3,100,141480,141544,64,47
B,3,100,141600,141655,55,47
B,3,100,141720,141771,51,47
B,3,100,141840,141889,49,47
B,3,100,141960,142008,48,47
E,3,100,142080,142131,51,40
E,3,100,142200,142251,51,40
E,3,100,142320,142378,58,40
E,3,100,142440,142491,51,40
E,3,100,142560,142612,52,40
E,3,100,142680,142731,51,40
E,3,100,142800,142851,51,40
E,3,100,142920,142973,53,40
E,3,100,143040,143093,53,40
E,3,100,143160,143211,51,40
E,3,100,143280,143331,51,40
E,3,100,143400,143456,56,40
E,3,100,143520,143571,51,40
E,3,100,143640,143697,57,40
E,3,100,143760,143819,59,40
E,3,100,143880,143925,45,40
A,3,100,144000,144058,58,45
A,3,100,144120,144168,48,45
A,3,100,144240,144294,54,45
A,3,100,144360,144418,58,45
A,3,100,144480,144534,54,45
A,3,100,144600,144651,51,45
A,3,100,144720,144772,52,45
A,3,100,144840,144896,56,45
G,3,100,144960,145012,52,43
G,3,100,145080,145137,57,43
G,3,100,145200,145252,52,43
G,3,100,145320,145377,57,43
G,3,100,145440,145491,51,43
G,3,100,145560,145609,49,43
G,3,100,145680,145727,47,43
G,3,100,145800,145853,53,43
F,3,100,145920,145978,58,41
F,3,100,146040,146089,49,41
F,3,100,146160,146212,52,41
F,3,100,146280,146333,53,41
F,3,100,146400,146455,55,41
F,3,100,146520,146572,52,41
F,3,100,146640,146688,48,41
F,3,100,146760,146814,54,41
F,3,100,146880,146940,60,41
F,3,100,147000,147061,61,41
F,3,100,147120,147173,53,41
F,3,100,147240,147297,57,41
F,3,100,147360,147413,53,41
F,3,100,147480,147533,53,41
F,3,100,147600,147643,43,41
F,3,100,147720,147784,64,41
C,3,32,147840,147912,72,36
C,3,29,147960,148044,84,36
C,3,36,148080,148155,75,36
C,3,54,148200,148290,90,36
C,3,26,148320,148406,86,36
C,3,43,148440,148514,74,36
C,3,48,148560,148630,70,36
C,3,60,148680,148756,76,36
C,3,63,148800,148870,70,36
C,3,74,148920,148987,67,36
C,3,82,149040,149105,65,36
C,3,82,149160,149225,65,36
C,3,101,149280,149346,66,36
C,3,101,149400,149464,64,36
C,3,116,149520,149584,64,36
C,3,108,149640,149700,60,36
E,3,110,149760,150183,423,40
E,3,110,150240,150668,428,40
E,3,110,150720,151072,352,40
E,3,110,151200,151606,406,40
E,3,110,151680,152053,373,40
E,3,110,152160,152525,365,40
E,3,110,152640,152999,359,40
E,3,110,153120,153413,293,40
E,3,110,153600,154023,423,40
E,3,110,154080,154508,428,40
E,3,110,154560,154912,352,40
E,3,110,155040,155446,406,40
E,3,110,155520,155893,373,40
E,3,110,156000,156365,365,40
E,3,110,156480,156839,359,40
E,3,110,156960,157253,293,40
E,3,32,158400,158472,72,40
E,3,29,158520,158604,84,40
E,3,36,158640,158715,75,40
E,3,54,158760,158850,90,40
E,3,26,158880,158966,86,40
E,3,43,159000,159074,74,40
E,3,48,159120,159190,70,40
E,3,60,159240,159316,76,40
E,3,63,159360,159430,70,40
E,3,74,159480,159547,67,40
E,3,82,159600,159665,65,40
E,3,82,159720,159785,65,40
E,3,101,159840,159906,66,40
E,3,101,159960,160024,64,40
E,3,116,160080,160144,64,40
E,3,108,160200,160260,60,40
E,3,124,160320,160386,66,40
E,3,124,160440,160494,54,40
E,3,127,160560,160617,57,40
E,3,124,160680,160732,52,40
E,3,124,160800,160856,56,40
E,3,116,160920,160986,66,40
E,3,124,161040,161098,58,40
E,3,127,161160,161242,82,40
A,3,70,161280,161339,59,45
A,3,70,161400,161466,66,45
A,3,70,161520,161585,65,45
A,3,70,161640,161707,67,45
A,3,70,161760,161823,63,45
A,3,70,161880,161938,58,45
A,3,70,162000,162062,62,45
A,3,70,162120,162188,68,45
A,3,70,162240,162298,58,45
A,3,70,162360,162413,53,45
A,3,70,162480,162532,52,45
A,3,70,162600,162664,64,45
A,3,70,162720,162782,62,45
A,3,70,162840,162897,57,45
A,3,70,162960,163011,51,45
A,3,70,163080,163138,58,45
G,3,70,163200,163258,58,43
G,3,70,163320,163382,62,43
G,3,70,163440,163494,54,43
G,3,70,163560,163613,53,43
G,3,70,163680,163745,65,43
G,3,70,163800,163857,57,43
G,3,70,163920,163968,48,43
G,3,70,164040,164110,70,43
F#,3,70,164160,164231,71,42
F#,3,70,164280,164363,83,42
F#,3,70,164400,164483,83,42
F#,3,70,164520,164591,71,42
F#,3,70,164640,164703,63,42
F#,3,70,164760,164826,66,42
F#,3,70,164880,164933,53,42
F#,3,70,165000,165058,58,42
E,3,100,165120,165171,51,40
E,3,100,165240,165291,51,40
E,3,100,165360,165418,58,40
E,3,100,165480,165531,51,40
E,3,100,165600,165652,52,40
E,3,100,165720,165771,51,40
E,3,100,165840,165891,51,40
E,3,100,165960,166013,53,40
E,3,100,166080,166133,53,40
E,3,100,166200,166251,51,40
E,3,100,166320,166371,51,40
E,3,100,166440,166496,56,40
E,3,100,166560,166611,51,40
E,3,100,166680,166737,57,40
E,3,100,166800,166859,59,40
E,3,100,166920,166965,45,40
A,3,100,167040,167098,58,45
A,3,100,167160,167208,48,45
A,3,100,167280,167334,54,45
A,3,100,167400,167458,58,45
A,3,100,167520,167574,54,45
A,3,100,167640,167691,51,45
A,3,100,167760,167812,52,45
A,3,100,167880,167936,56,45
G,3,100,168000,168052,52,43
G,3,100,168120,168177,57,43
G,3,100,168240,168292,52,43
G,3,100,168360,168417,57,43
G,3,100,168480,168531,51,43
G,3,100,168600,168649,49,43
G,3,100,168720,168767,47,43
G,3,100,168840,168893,53,43
F,3,100,168960,169018,58,41
F,3,100,169080,169129,49,41
F,3,100,169200,169252,52,41
F,3,100,169320,169373,53,41
F,3,100,169440,169495,55,41
F,3,100,169560,169612,52,41
F,3,100,169680,169728,48,41
F,3,100,169800,169854,54,41
F,3,100,169920,169980,60,41
F,3,100,170040,170101,61,41
F,3,100,170160,170213,53,41
F,3,100,170280,170337,57,41
F,3,100,170400,170453,53,41
F,3,100,170520,170573,53,41
F,3,100,170640,170683,43,41
F,3,100,170760,170824,64,41
C,3,100,170880,170947,67,36
C,3,100,171000,171061,61,36
C,3,100,171120,171183,63,36
C,3,100,171240,171302,62,36
C,3,100,171360,171421,61,36
C,3,100,171480,171530,50,36
C,3,100,171600,171653,53,36
C,3,100,171720,171791,71,36
B,3,100,171840,171897,57,47
B,3,100,171960,172014,54,47
B,3,100,172080,172137,57,47
B,3,100,172200,172264,64,47
B,3,100,172320,172375,55,47
B,3,100,172440,172491,51,47
B,3,100,172560,172609,49,47
B,3,100,172680,172728,48,47
E,3,100,172800,172851,51,40
E,3,100,172920,172971,51,40
E,3,100,173040,173098,58,40
E,3,100,173160,173211,51,40
E,3,100,173280,173332,52,40
E,3,100,173400,173451,51,40
E,3,100,173520,173571,51,40
E,3,100,173640,173693,53,40
E,3,100,173760,173813,53,40
E,3,100,173880,173931,51,40
E,3,100,174000,174051,51,40
E,3,100,174120,174176,56,40
E,3,100,174240,174291,51,40
E,3,100,174360,174417,57,40
E,3,100,174480,174539,59,40
E,3,100,174600,174645,45,40
A,3,100,174720,174778,58,45
A,3,100,174840,174888,48,45
A,3,100,174960,175014,54,45
A,3,100,175080,175138,58,45
A,3,100,175200,175254,54,45
A,3,100,175320,175371,51,45
A,3,100,175440,175492,52,45
A,3,100,175560,175616,56,45
G,3,100,175680,175732,52,43
G,3,100,175800,175857,57,43
G,3,100,175920,175972,52,43
G,3,100,176040,176097,57,43
G,3,100,176160,176211,51,43
G,3,100,176280,176329,49,43
G,3,100,176400,176447,47,43
G,3,100,176520,176573,53,43
F,3,100,176640,176698,58,41
F,3,100,176760,176809,49,41
F,3,100,176880,176932,52,41
F,3,100,177000,177053,53,41
F,3,100,177120,177175,55,41
F,3,100,177240,177292,52,41
F,3,100,177360,177408,48,41
F,3,100,177480,177534,54,41
F,3,100,177600,177660,60,41
F,3,100,177720,177781,61,41
F,3,100,177840,177893,53,41
F,3,100,177960,178017,57,41
F,3,100,178080,178133,53,41
F,3,100,178200,178253,53,41
F,3,100,178320,178363,43,41
F,3,100,178440,178504,64,41
C,3,100,178560,178627,67,36
C,3,100,178680,178741,61,36
C,3,100,178800,178863,63,36
C,3,100,178920,178982,62,36
C,3,100,179040,179101,61,36
C,3,100,179160,179210,50,36
C,3,100,179280,179333,53,36
C,3,100,179400,179471,71,36
B,3,100,179520,179577,57,47
B,3,100,179640,179694,54,47
B,3,100,179760,179817,57,47
B,3,100,179880,179944,64,47
B,3,100,180000,180055,55,47
B,3,100,180120,180171,51,47
B,3,100,180240,180289,49,47
B,3,100,180360,180408,48,47
E,3,100,180480,180531,51,40
E,3,100,180600,180651,51,40
E,3,100,180720,180778,58,40
E,3,100,180840,180891,51,40
E,3,100,180960,181012,52,40
E,3,100,181080,181131,51,40
E,3,100,181200,181251,51,40
E,3,100,181320,181373,53,40
E,3,100,181440,181493,53,40
E,3,100,181560,181611,51,40
E,3,100,181680,181731,51,40
E,3,100,181800,181856,56,40
E,3,100,181920,181971,51,40
E,3,100,182040,182097,57,40
E,3,100,182160,182219,59,40
E,3,100,182280,182325,45,40
A,3,100,182400,182458,58,45
A,3,100,182520,182568,48,45
A,3,100,182640,182694,54,45
A,3,100,182760,182818,58,45
A,3,100,182880,182934,54,45
A,3,100,183000,183051,51,45
A,3,100,183120,183172,52,45
A,3,100,183240,183296,56,45
G,3,100,183360,183412,52,43
G,3,100,183480,183537,57,43
G,3,100,183600,183652,52,43
G,3,100,183720,183777,57,43
G,3,100,183840,183891,51,43
G,3,100,183960,184009,49,43
G,3,100,184080,184127,47,43
G,3,100,184200,184253,53,43
F,3,100,184320,184378,58,41
F,3,100,184440,184489,49,41
F,3,100,184560,184612,52,41
F,3,100,184680,184733,53,41
F,3,100,184800,184855,55,41
F,3,100,184920,184972,52,41
F,3,100,185040,185088,48,41
F,3,100,185160,185214,54,41
F,3,100,185280,185340,60,41
F,3,100,185400,185461,61,41
F,3,100,185520,185573,53,41
F,3,100,185640,185697,57,41
F,3,100,185760,185813,53,41
F,3,100,185880,185933,53,41
F,3,100,186000,186043,43,41
F,3,100,186120,186184,64,41
C,3,100,186240,186307,67,36
C,3,100,186360,186421,61,36
C,3,100,186480,186543,63,36
C,3,100,186600,186662,62,36
C,3,100,186720,186781,61,36
C,3,100,186840,186890,50,36
C,3,100,186960,187013,53,36
C,3,100,187080,187151,71,36
B,3,100,187200,187257,57,47
B,3,100,187320,187374,54,47
B,3,100,187440,187497,57,47
B,3,100,187560,187624,64,47
B,3,100,187680,187735,55,47
B,3,100,187800,187851,51,47
B,3,100,187920,187969,49,47
B,3,100,188040,188088,48,47
E,3,100,188160,188211,51,40
E,3,100,188280,188331,51,40
E,3,100,188400,188458,58,40
E,3,100,188520,188571,51,40
E,3,100,188640,188692,52,40
E,3,100,188760,188811,51,40
E,3,100,188880,188931,51,40
E,3,100,189000,189053,53,40
E,3,100,189120,189173,53,40
E,3,100,189240,189291,51,40
E,3,100,189360,189411,51,40
E,3,100,189480,189536,56,40
E,3,100,189600,189651,51,40
E,3,100,189720,189777,57,40
E,3,100,189840,189899,59,40
E,3,100,189960,190005,45,40
A,3,100,190080,190138,58,45
A,3,100,190200,190248,48,45
A,3,100,190320,190374,54,45
A,3,100,190440,190498,58,45
A,3,100,190560,190614,54,45
A,3,100,190680,190731,51,45
A,3,100,190800,190852,52,45
A,3,100,190920,190976,56,45
G,3,100,191040,191092,52,43
G,3,100,191160,191217,57,43
G,3,100,191280,191332,52,43
G,3,100,191400,191457,57,43
G,3,100,191520,191571,51,43
G,3,100,191640,191689,49,43
G,3,100,191760,191807,47,43
G,3,100,191880,191933,53,43
F,3,100,192000,192058,58,41
F,3,100,192120,192169,49,41
F,3,100,192240,192292,52,41
F,3,100,192360,192413,53,41
F,3,100,192480,192535,55,41
F,3,100,192600,192652,52,41
F,3,100,192720,192768,48,41
F,3,100,192840,192894,54,41
F,3,100,192960,193020,60,41
F,3,100,193080,193141,61,41
F,3,100,193200,193253,53,41
F,3,100,193320,193377,57,41
F,3,100,193440,193493,53,41
F,3,100,193560,193613,53,41
F,3,100,193680,193723,43,41
F,3,100,193800,193864,64,41
C,3,100,193920,193987,67,36
C,3,100,194040,194101,61,36
C,3,100,194160,194223,63,36
C,3,100,194280,194342,62,36
C,3,100,194400,194461,61,36
C,3,100,194520,194570,50,36
C,3,100,194640,194693,53,36
C,3,100,194760,194831,71,36
B,3,100,194880,194937,57,47
B,3,100,195000,195054,54,47
B,3,100,195120,195177,57,47
B,3,100,195240,195304,64,47
B,3,100,195360,195415,55,47
B,3,100,195480,195531,51,47
B,3,100,195600,195649,49,47
B,3,100,195720,195768,48,47
E,3,100,195840,195891,51,40
E,3,100,195960,196011,51,40
E,3,100,196080,196138,58,40
E,3,100,196200,196251,51,40
E,3,100,196320,196372,52,40
E,3,100,196440,196491,51,40
E,3,100,196560,196611,51,40
E,3,100,196680,196733,53,40
E,3,100,196800,196853,53,40
E,3,100,196920,196971,51,40
E,3,100,197040,197091,51,40
E,3,100,197160,197216,56,40
E,3,100,197280,197331,51,40
E,3,100,197400,197457,57,40
E,3,100,197520,197579,59,40
E,3,100,197640,197685,45,40
E,3,100,197760,197811,51,40
E,3,100,197880,197931,51,40
E,3,100,198000,198058,58,40
E,3,100,198120,198171,51,40
E,3,100,198240,198292,52,40
E,3,100,198360,198411,51,40
E,3,100,198480,198531,51,40
E,3,100,198600,198653,53,40
E,3,100,198720,198773,53,40
E,3,100,198840,198891,51,40
E,3,100,198960,199011,51,40
E,3,100,199080,199136,56,40
E,3,100,199200,199251,51,40
E,3,100,199320,199377,57,40
E,3,100,199440,199499,59,40
E,3,100,199560,199605,45,40
E,3,100,199680,199731,51,40
E,4,100,3840,7680,3840,52
G,4,100,3840,7680,3840,55
E,4,100,7680,11520,3840,52
G,4,100,7680,11520,3840,55
E,4,100,11520,15360,3840,52
G,4,100,11520,15360,3840,55
E,4,100,15360,19200,3840,52
G,4,100,15360,19200,3840,55
E,4,100,19200,23040,3840,52
E,4,100,23040,26880,3840,52
E,4,100,26880,30720,3840,52
E,4,100,30720,34560,3840,52
E,4,100,34560,38400,3840,52
E,4,100,38400,42240,3840,52
E,4,100,42240,46080,3840,52
E,4,100,46080,49920,3840,52
E,4,100,49920,53760,3840,52
E,4,100,53760,57600,3840,52
E,4,100,57600,61440,3840,52
G,4,57,63360,64312,952,55
E,4,30,65280,69120,3840,52
E,4,30,69120,72960,3840,52
E,4,30,72960,76800,3840,52
E,4,30,76800,80640,3840,52
E,4,30,80640,84480,3840,52
E,4,30,84480,88320,3840,52
E,4,100,88320,92160,3840,52
E,4,100,92160,96000,3840,52
E,4,100,96000,99840,3840,52
E,4,100,99840,103680,3840,52
E,4,100,103680,107520,3840,52
E,4,100,107520,111360,3840,52
E,4,100,111360,115200,3840,52
E,4,100,115200,119040,3840,52
E,4,100,119040,122880,3840,52
A,4,100,122880,124789,1909,57
G,4,57,124800,125752,952,55
F#,4,91,125760,126708,948,54
E,4,90,126720,128636,1916,52
A,4,90,128640,129594,954,57
G,4,90,129600,130605,1005,55
G,4,90,132480,133486,1006,55
F#,4,90,133440,134361,921,54
E,4,90,134400,136316,1916,52
A,4,90,136320,137274,954,57
G,4,90,137280,138285,1005,55
C,4,90,138240,140080,1840,48
G,4,90,140160,141166,1006,55
F#,4,90,141120,142041,921,54
E,4,90,142080,143996,1916,52
A,4,90,144000,144954,954,57
G,4,90,144960,145965,1005,55
E,4,100,149760,153600,3840,52
E,4,100,153600,157440,3840,52
E,4,100,157440,161280,3840,52
A,4,100,161280,163189,1909,57
G,4,57,163200,164152,952,55
F#,4,91,164160,165108,948,54
E,4,90,165120,167036,1916,52
A,4,90,167040,167994,954,57
G,4,90,168000,169005,1005,55
C,4,90,168960,170800,1840,48
G,4,90,170880,171886,1006,55
F#,4,90,171840,172761,921,54
E,4,90,172800,174716,1916,52
A,4,90,174720,175674,954,57
G,4,90,175680,176685,1005,55
C,4,90,176640,178480,1840,48
G,4,90,178560,179566,1006,55
F#,4,90,179520,180441,921,54
E,4,90,180480,182396,1916,52
A,4,90,182400,183354,954,57
G,4,90,183360,184365,1005,55
C,4,90,184320,186160,1840,48
G,4,90,186240,187246,1006,55
F#,4,90,187200,188121,921,54
E,4,90,188160,190076,1916,52
A,4,90,190080,191034,954,57
G,4,90,191040,192045,1005,55
C,4,90,192000,193840,1840,48
G,4,90,193920,194926,1006,55
F#,4,90,194880,195801,921,54
E,4,90,195840,197756,1916,52
E,4,90,197760,199676,1916,52
G,5,20,1983,2036,53,67
E,5,20,2163,2218,55,64
E,5,20,2283,2335,52,64
G,5,20,2343,2400,57,67
B,5,20,2403,2464,61,71
E,6,20,2463,2516,53,76
E,5,20,2523,2581,58,64
E,5,20,2643,2698,55,64
G,5,20,2703,2763,60,67
B,5,20,2763,2815,52,71
E,6,20,2823,2880,57,76
E,5,20,2883,2944,61,64
E,5,20,3003,3061,58,64
G,5,20,3063,3126,63,67
B,5,20,3123,3178,55,71
E,6,20,3183,3243,60,76
E,5,20,3243,3295,52,64
E,5,20,3363,3424,61,64
G,5,20,3423,3476,53,67
B,5,20,3483,3541,58,71
E,6,20,3543,3606,63,76
E,5,20,3603,3658,55,64
E,5,20,3720,3772,52,64
E,5,20,3843,3904,61,64
G,5,20,3903,3956,53,67
B,5,20,3963,4021,58,71
E,6,20,4023,4086,63,76
E,5,20,4083,4138,55,64
E,5,20,4203,4255,52,64
G,5,20,4263,4320,57,67
B,5,20,4323,4384,61,71
E,6,20,4383,4436,53,76
E,5,20,4443,4501,58,64
E,5,20,4563,4618,55,64
G,5,20,4623,4683,60,67
B,5,20,4683,4735,52,71
E,6,20,4743,4800,57,76
E,5,20,4803,4864,61,64
E,5,20,4923,4981,58,64
G,5,20,4983,5046,63,67
B,5,20,5043,5098,55,71
E,6,20,5103,5163,60,76
E,5,20,5163,5215,52,64
E,5,20,5283,5344,61,64
G,5,20,5343,5396,53,67
B,5,20,5403,5461,58,71
E,6,20,5463,5526,63,76
E,5,20,5523,5578,55,64
E,5,20,5640,5692,52,64
E,5,20,5763,5824,61,64
G,5,20,5823,5876,53,67
B,5,20,5883,5941,58,71
E,6,20,5943,6006,63,76
E,5,20,6003,6058,55,64
E,5,20,6123,6175,52,64
G,5,20,6183,6240,57,67
B,5,20,6243,6304,61,71
E,6,20,6303,6356,53,76
E,5,20,6363,6421,58,64
E,5,20,6483,6538,55,64
G,5,20,6543,6603,60,67
B,5,20,6603,6655,52,71
E,6,20,6663,6720,57,76
E,5,20,6723,6784,61,64
E,5,20,6843,6901,58,64
G,5,20,6903,6966,63,67
B,5,20,6963,7018,55,71
E,6,20,7023,7083,60,76
E,5,20,7083,7135,52,64
E,5,20,7203,7264,61,64
G,5,20,7263,7316,53,67
B,5,20,7323,7381,58,71
E,6,20,7383,7446,63,76
E,5,20,7443,7498,55,64
E,5,20,7560,7612,52,64
G,5,70,81240,81967,727,67
C#,5,70,81960,83119,1159,61
F#,5,50,83760,84318,558,66
G,5,50,84120,84756,636,67
C#,5,50,84480,84808,328,61
C#,5,50,84840,85672,832,61
E,6,50,86160,86224,64,76
D,6,60,0,3840,3840,74
D,5,60,3840,7680,3840,62
D,6,60,3840,7680,3840,74
D,5,60,7680,11520,3840,62
D,6,60,7680,11520,3840,74
D,5,60,11520,15360,3840,62
D,6,60,11520,15360,3840,74
D,5,60,15360,19200,3840,62
D,6,60,15360,19200,3840,74
E,5,90,126357,128274,1917,64
G,5,90,129237,130262,1025,67
B,5,90,133077,134056,979,71
A,5,90,135957,136871,914,69
G,5,90,136917,137942,1025,67
F,5,90,137877,139786,1909,65
C,6,90,139797,140865,1068,72
B,5,90,140757,141736,979,71
A,5,90,143637,144551,914,69
G,5,90,144597,145622,1025,67
F,5,90,145557,147466,1909,65
C,4,116,145976,149630,3654,48
A,5,90,166677,167591,914,69
G,5,90,167637,168662,1025,67
F,5,90,168597,170506,1909,65
C,6,90,170517,171585,1068,72
B,5,90,171477,172456,979,71
A,5,90,174357,175271,914,69
G,5,90,175317,176342,1025,67
F,5,90,176277,178186,1909,65
C,6,90,178197,179265,1068,72
B,5,90,179157,180136,979,71
A,5,90,182037,182951,914,69
G,5,90,182997,184022,1025,67
F,5,90,183957,185866,1909,65
C,6,90,185877,186945,1068,72
B,5,90,186837,187816,979,71
A,5,90,189717,190631,914,69
G,5,90,190677,191702,1025,67
F,5,90,191637,193546,1909,65
C,6,90,193557,194625,1068,72
B,5,90,194517,195496,979,71
A,5,90,197397,198311,914,69
A,5,120,7800,7835,35,69
A,5,110,7920,7952,32,69
E,5,120,7680,8004,324,64
A,5,100,8040,8069,29,69
A,5,95,8160,8198,38,69
A,5,90,8280,8315,35,69
A,5,85,8400,8432,32,69
A,5,75,8520,8549,29,69
A,5,65,8640,8678,38,69
A,5,60,8760,8795,35,69
A,5,55,8880,8912,32,69
A,5,50,9000,9029,29,69
A,5,45,9120,9158,38,69
A,5,40,9240,9275,35,69
A,5,35,9360,9392,32,69
A,5,30,9480,9509,29,69
A,5,120,9720,9755,35,69
A,5,120,9840,9872,32,69
E,5,120,9600,9924,324,64
A,5,120,9960,9989,29,69
A,5,120,10080,10118,38,69
A,5,120,10200,10235,35,69
A,5,120,10320,10352,32,69
A,5,120,10440,10469,29,69
A,5,120,10680,10715,35,69
A,5,110,10800,10832,32,69
E,5,120,10560,10884,324,64
A,5,100,10920,10949,29,69
A,5,90,11040,11078,38,69
A,5,80,11160,11195,35,69
A,5,70,11280,11312,32,69
A,5,60,11400,11429,29,69
A,5,120,11640,11675,35,69
A,5,110,11760,11792,32,69
E,5,120,11520,11844,324,64
A,5,100,11880,11909,29,69
A,5,95,12000,12038,38,69
A,5,90,12120,12155,35,69
A,5,85,12240,12272,32,69
A,5,75,12360,12389,29,69
A,5,65,12480,12518,38,69
A,5,60,12600,12635,35,69
A,5,55,12720,12752,32,69
A,5,50,12840,12869,29,69
A,5,45,12960,12998,38,69
A,5,40,13080,13115,35,69
A,5,35,13200,13232,32,69
A,5,30,13320,13349,29,69
A,5,120,13560,13595,35,69
A,5,120,13680,13712,32,69
E,5,120,13440,13764,324,64
A,5,120,13800,13829,29,69
A,5,120,13920,13958,38,69
A,5,120,14040,14075,35,69
A,5,120,14160,14192,32,69
A,5,120,14280,14309,29,69
A,5,120,14520,14555,35,69
A,5,110,14640,14672,32,69
E,5,120,14400,14724,324,64
A,5,100,14760,14789,29,69
A,5,90,14880,14918,38,69
A,5,80,15000,15035,35,69
A,5,70,15120,15152,32,69
A,5,60,15240,15269,29,69
A,5,120,15480,15515,35,69
A,5,110,15600,15632,32,69
E,5,120,15360,15684,324,64
A,5,100,15720,15749,29,69
A,5,95,15840,15878,38,69
A,5,90,15960,15995,35,69
A,5,85,16080,16112,32,69
A,5,75,16200,16229,29,69
A,5,65,16320,16358,38,69
A,5,60,16440,16475,35,69
A,5,55,16560,16592,32,69
A,5,50,16680,16709,29,69
A,5,45,16800,16838,38,69
A,5,40,16920,16955,35,69
A,5,35,17040,17072,32,69
A,5,30,17160,17189,29,69
A,5,120,17400,17435,35,69
A,5,120,17520,17552,32,69
E,5,120,17280,17604,324,64
A,5,120,17640,17669,29,69
A,5,120,17760,17798,38,69
A,5,120,17880,17915,35,69
A,5,120,18000,18032,32,69
A,5,120,18120,18149,29,69
A,5,120,18360,18395,35,69
A,5,110,18480,18512,32,69
E,5,120,18240,18564,324,64
A,5,100,18600,18629,29,69
A,5,90,18720,18758,38,69
A,5,80,18840,18875,35,69
A,5,70,18960,18992,32,69
A,5,60,19080,19109,29,69
A,5,75,66120,66149,29,69
A,5,65,66240,66278,38,69
A,5,60,66360,66395,35,69
A,5,55,66480,66512,32,69
A,5,50,66600,66629,29,69
A,5,45,66720,66758,38,69
A,5,40,66840,66875,35,69
A,5,35,66960,66992,32,69
A,5,30,67080,67109,29,69
A,5,120,67320,67355,35,69
A,5,120,67440,67472,32,69
E,5,120,67200,67524,324,64
A,5,120,67560,67589,29,69
A,5,120,67680,67718,38,69
A,5,120,67800,67835,35,69
A,5,120,67920,67952,32,69
A,5,120,68040,68069,29,69
A,5,100,68520,68549,29,69
A,5,90,68640,68678,38,69
A,5,80,68760,68795,35,69
A,5,70,68880,68912,32,69
A,5,60,69000,69029,29,69
A,5,85,69840,69872,32,69
A,5,75,69960,69989,29,69
A,5,65,70080,70118,38,69
A,5,60,70200,70235,35,69
A,5,55,70320,70352,32,69
A,5,45,70560,70598,38,69
A,5,40,70680,70715,35,69
A,5,35,70800,70832,32,69
A,5,30,70920,70949,29,69
A,5,120,71160,71195,35,69
A,5,120,71280,71312,32,69
A,5,120,71400,71429,29,69
A,5,120,71520,71558,38,69
A,5,120,71640,71675,35,69
E,5,120,72000,72324,324,64
A,5,100,72360,72389,29,69
A,5,90,72480,72518,38,69
A,5,80,72600,72635,35,69
A,5,70,72720,72752,32,69
A,5,60,72840,72869,29,69
A,5,85,73680,73712,32,69
A,5,75,73800,73829,29,69
A,5,65,73920,73958,38,69
A,5,60,74040,74075,35,69
A,5,55,74160,74192,32,69
A,5,45,74400,74438,38,69
A,5,40,74520,74555,35,69
A,5,35,74640,74672,32,69
A,5,30,74760,74789,29,69
A,5,120,75000,75035,35,69
A,5,120,75120,75152,32,69
A,5,120,75240,75269,29,69
A,5,120,75360,75398,38,69
A,5,120,75480,75515,35,69
E,5,120,75840,76164,324,64
A,5,100,76200,76229,29,69
A,5,90,76320,76358,38,69
A,5,80,76440,76475,35,69
A,5,70,76560,76592,32,69
A,5,60,76680,76709,29,69
A,5,85,77520,77552,32,69
A,5,75,77640,77669,29,69
A,5,65,77760,77798,38,69
A,5,60,77880,77915,35,69
A,5,55,78000,78032,32,69
A,5,45,78240,78278,38,69
A,5,40,78360,78395,35,69
A,5,35,78480,78512,32,69
A,5,30,78600,78629,29,69
A,5,120,78840,78875,35,69
A,5,120,78960,78992,32,69
A,5,120,79080,79109,29,69
A,5,120,79200,79238,38,69
A,5,120,79320,79355,35,69
E,5,120,79680,80004,324,64
A,5,100,80040,80069,29,69
A,5,90,80160,80198,38,69
A,5,80,80280,80315,35,69
A,5,70,80400,80432,32,69
A,5,60,80520,80549,29,69
A,5,85,81360,81392,32,69
A,5,75,81480,81509,29,69
A,5,65,81600,81638,38,69
A,5,60,81720,81755,35,69
A,5,55,81840,81872,32,69
A,5,45,82080,82118,38,69
A,5,40,82200,82235,35,69
A,5,35,82320,82352,32,69
A,5,30,82440,82469,29,69
A,5,120,82680,82715,35,69
A,5,120,82800,82832,32,69
A,5,120,82920,82949,29,69
A,5,120,83040,83078,38,69
A,5,120,83160,83195,35,69
E,5,120,83520,83844,324,64
A,5,100,83880,83909,29,69
A,5,90,84000,84038,38,69
A,5,80,84120,84155,35,69
A,5,70,84240,84272,32,69
A,5,60,84360,84389,29,69
A,5,85,85200,85232,32,69
A,5,75,85320,85349,29,69
A,5,65,85440,85478,38,69
A,5,60,85560,85595,35,69
A,5,55,85680,85712,32,69
A,5,45,85920,85958,38,69
A,5,40,86040,86075,35,69
A,5,35,86160,86192,32,69
A,5,30,86280,86309,29,69
A,5,120,86520,86555,35,69
A,5,120,86640,86672,32,69
A,5,120,86760,86789,29,69
A,5,120,86880,86918,38,69
A,5,120,87000,87035,35,69
E,5,120,87360,87684,324,64
A,5,100,87720,87749,29,69
A,5,90,87840,87878,38,69
A,5,80,87960,87995,35,69
A,5,70,88080,88112,32,69
A,5,60,88200,88229,29,69
C,5,40,148920,148976,56,60
C,5,50,149040,149102,62,60
C,5,60,149160,149221,61,60
C,5,70,149280,149344,64,60
C,5,80,149400,149461,61,60
C,5,90,149520,149572,52,60
C,5,100,149640,149693,53,60
E,3,75,11520,12149,629,40
E,2,127,12480,12608,128,28
E,3,75,12480,12608,128,40
G,3,75,12600,12741,141,43
E,2,127,12720,12966,246,28
E,3,75,12720,12966,246,40
D,3,75,13200,13306,106,38
D,2,127,13200,13306,106,26
E,3,75,13440,14279,839,40
E,2,127,13440,14279,839,28
D,3,75,14280,14415,135,38
D,2,127,14280,14415,135,26
E,2,127,14400,14521,121,28
E,3,75,14400,14521,121,40
G,2,127,14520,14657,137,31
G,3,75,14520,14657,137,43
E,2,127,14640,15206,566,28
E,3,75,14640,15206,566,40
E,3,75,15360,15989,629,40
E,2,127,15360,15989,629,28
D,3,75,16200,16335,135,38
D,2,127,16200,16335,135,26
E,2,127,16320,16448,128,28
E,3,75,16320,16448,128,40
G,2,127,16440,16581,141,31
G,3,75,16440,16581,141,43
E,2,127,16560,16806,246,28
E,3,75,16560,16806,246,40
D,3,75,17040,17146,106,38
D,2,127,17040,17146,106,26
E,3,75,17280,18119,839,40
E,2,127,17280,18119,839,28
D,3,75,18120,18255,135,38
D,2,127,18120,18255,135,26
E,2,127,18240,18361,121,28
E,3,75,18240,18361,121,40
G,2,127,18360,18497,137,31
G,3,75,18360,18497,137,43
E,2,127,18480,19046,566,28
E,3,75,18480,19046,566,40
E,3,75,19200,19829,629,40
E,2,127,19200,19829,629,28
D,3,75,20040,20175,135,38
D,2,127,20040,20175,135,26
E,2,127,20160,20288,128,28
E,3,75,20160,20288,128,40
G,2,127,20280,20421,141,31
G,3,75,20280,20421,141,43
E,2,127,20400,20646,246,28
E,3,75,20400,20646,246,40
D,3,75,20880,20986,106,38
D,2,127,20880,20986,106,26
E,3,75,21120,21959,839,40
E,2,127,21120,21959,839,28
D,3,75,21960,22095,135,38
D,2,127,21960,22095,135,26
E,2,127,22080,22201,121,28
E,3,75,22080,22201,121,40
G,2,127,22200,22337,137,31
G,3,75,22200,22337,137,43
E,2,127,22320,22886,566,28
E,3,75,22320,22886,566,40
E,3,75,23040,23669,629,40
E,2,127,23040,23669,629,28
D,3,75,23880,24015,135,38
D,2,127,23880,24015,135,26
E,2,127,24000,24128,128,28
E,3,75,24000,24128,128,40
G,2,127,24120,24261,141,31
G,3,75,24120,24261,141,43
E,2,127,24240,24486,246,28
E,3,75,24240,24486,246,40
D,3,75,24720,24826,106,38
D,2,127,24720,24826,106,26
E,3,75,24960,25799,839,40
E,2,127,24960,25799,839,28
D,3,75,25800,25935,135,38
D,2,127,25800,25935,135,26
E,2,127,25920,26041,121,28
E,3,75,25920,26041,121,40
G,2,127,26040,26177,137,31
G,3,75,26040,26177,137,43
E,2,127,26160,26726,566,28
E,3,75,26160,26726,566,40
E,3,75,26880,27509,629,40
E,2,127,26880,27509,629,28
D,3,75,27720,27855,135,38
D,2,127,27720,27855,135,26
E,2,127,27840,27968,128,28
E,3,75,27840,27968,128,40
G,2,127,27960,28101,141,31
G,3,75,27960,28101,141,43
E,2,127,28080,28326,246,28
E,3,75,28080,28326,246,40
D,3,75,28560,28666,106,38
D,2,127,28560,28666,106,26
E,3,75,28800,29639,839,40
E,2,127,28800,29639,839,28
D,3,75,29640,29775,135,38
D,2,127,29640,29775,135,26
E,2,127,29760,29881,121,28
E,3,75,29760,29881,121,40
G,2,127,29880,30017,137,31
G,3,75,29880,30017,137,43
E,2,127,30000,30566,566,28
E,3,75,30000,30566,566,40
E,3,75,30720,31349,629,40
E,2,127,30720,31349,629,28
D,3,75,31560,31695,135,38
D,2,127,31560,31695,135,26
E,2,127,31680,31808,128,28
E,3,75,31680,31808,128,40
G,2,127,31800,31941,141,31
G,3,75,31800,31941,141,43
E,2,127,31920,32166,246,28
E,3,75,31920,32166,246,40
D,3,75,32400,32506,106,38
D,2,127,32400,32506,106,26
E,3,75,32640,33479,839,40
E,2,127,32640,33479,839,28
D,3,75,33480,33615,135,38
D,2,127,33480,33615,135,26
E,2,127,33600,33721,121,28
E,3,75,33600,33721,121,40
G,2,127,33720,33857,137,31
G,3,75,33720,33857,137,43
E,2,127,33840,34406,566,28
E,3,75,33840,34406,566,40
E,3,75,34560,35189,629,40
E,2,127,34560,35189,629,28
D,3,75,35400,35535,135,38
D,2,127,35400,35535,135,26
E,2,127,35520,35648,128,28
E,3,75,35520,35648,128,40
G,2,127,35640,35781,141,31
G,3,75,35640,35781,141,43
E,2,127,35760,36006,246,28
E,3,75,35760,36006,246,40
D,3,75,36240,36346,106,38
D,2,127,36240,36346,106,26
E,3,75,36480,37319,839,40
E,2,127,36480,37319,839,28
D,3,75,37320,37455,135,38
D,2,127,37320,37455,135,26
E,2,127,37440,37561,121,28
E,3,75,37440,37561,121,40
G,2,127,37560,37697,137,31
G,3,75,37560,37697,137,43
E,2,127,37680,38246,566,28
E,3,75,37680,38246,566,40
E,3,75,38400,39029,629,40
E,2,127,38400,39029,629,28
D,3,75,39240,39375,135,38
D,2,127,39240,39375,135,26
E,2,127,39360,39488,128,28
E,3,75,39360,39488,128,40
G,2,127,39480,39621,141,31
G,3,75,39480,39621,141,43
E,2,127,39600,39846,246,28
E,3,75,39600,39846,246,40
D,3,75,40080,40186,106,38
D,2,127,40080,40186,106,26
E,3,75,40320,41159,839,40
E,2,127,40320,41159,839,28
D,3,75,41160,41295,135,38
D,2,127,41160,41295,135,26
E,2,127,41280,41401,121,28
E,3,75,41280,41401,121,40
G,2,127,41400,41537,137,31
G,3,75,41400,41537,137,43
E,2,127,41520,42086,566,28
E,3,75,41520,42086,566,40
E,3,75,42240,42869,629,40
E,2,127,42240,42869,629,28
D,3,75,43080,43215,135,38
D,2,127,43080,43215,135,26
E,2,127,43200,43328,128,28
E,3,75,43200,43328,128,40
G,2,127,43320,43461,141,31
G,3,75,43320,43461,141,43
E,2,127,43440,43686,246,28
E,3,75,43440,43686,246,40
D,3,75,43920,44026,106,38
D,2,127,43920,44026,106,26
E,3,75,44160,44999,839,40
E,2,127,44160,44999,839,28
D,3,75,45000,45135,135,38
D,2,127,45000,45135,135,26
E,2,127,45120,45241,121,28
E,3,75,45120,45241,121,40
G,2,127,45240,45377,137,31
G,3,75,45240,45377,137,43
E,2,127,45360,45926,566,28
E,3,75,45360,45926,566,40
E,3,75,46080,46709,629,40
E,2,127,46080,46709,629,28
D,3,75,46920,47055,135,38
D,2,127,46920,47055,135,26
E,2,127,47040,47168,128,28
E,3,75,47040,47168,128,40
G,2,127,47160,47301,141,31
G,3,75,47160,47301,141,43
E,2,127,47280,47526,246,28
E,3,75,47280,47526,246,40
D,3,75,47760,47866,106,38
D,2,127,47760,47866,106,26
E,3,75,48000,48839,839,40
E,2,127,48000,48839,839,28
D,3,75,48840,48975,135,38
D,2,127,48840,48975,135,26
E,2,127,48960,49081,121,28
E,3,75,48960,49081,121,40
G,2,127,49080,49217,137,31
G,3,75,49080,49217,137,43
E,2,127,49200,49766,566,28
E,3,75,49200,49766,566,40
E,2,120,49920,50041,121,28
E,2,120,50160,50223,63,28
E,2,120,50280,50394,114,28
E,3,120,50400,50509,109,40
E,2,120,50520,50628,108,28
E,2,120,50760,50871,111,28
E,3,120,51000,51061,61,40
E,2,120,51120,51196,76,28
D,2,120,51230,51506,276,26
E,3,120,51600,51658,58,40
E,2,120,51840,51961,121,28
E,2,120,52080,52143,63,28
E,2,120,52200,52314,114,28
E,3,120,52320,52429,109,40
E,2,120,52440,52548,108,28
E,2,120,52680,52791,111,28
E,3,120,52920,53029,109,40
E,2,120,53040,53116,76,28
D,2,120,53150,53426,276,26
E,3,120,53520,53578,58,40
E,2,120,53760,53881,121,28
E,2,120,54000,54063,63,28
E,2,120,54120,54234,114,28
E,3,120,54240,54349,109,40
E,2,120,54360,54468,108,28
E,2,120,54600,54711,111,28
E,3,120,54840,54949,109,40
E,2,120,54960,55036,76,28
D,2,120,55070,55346,276,26
E,3,120,55440,55498,58,40
E,2,120,55680,55801,121,28
E,2,120,55920,55983,63,28
E,2,120,56040,56154,114,28
E,3,120,56160,56269,109,40
E,2,120,56280,56388,108,28
E,2,120,56520,56631,111,28
E,3,120,56760,56869,109,40
E,2,120,56880,56956,76,28
D,2,120,56990,57266,276,26
E,3,120,57360,57418,58,40
E,2,120,57600,57721,121,28
E,2,120,57840,57903,63,28
E,2,120,57960,58074,114,28
E,3,120,58080,58189,109,40
E,2,120,58200,58308,108,28
E,2,120,58440,58551,111,28
E,3,120,58680,58789,109,40
E,2,120,58800,58876,76,28
D,2,120,58910,59186,276,26
E,3,120,59280,59351,71,40
E,2,120,59520,59641,121,28
E,2,120,59760,59823,63,28
E,2,120,59880,59994,114,28
E,3,120,60000,60109,109,40
E,2,120,60120,60228,108,28
E,2,120,60360,60471,111,28
E,3,120,60600,60709,109,40
E,2,120,60720,60796,76,28
D,2,120,60830,61106,276,26
E,3,120,61200,61271,71,40
A,2,120,61680,62159,479,33
A,2,120,62280,62334,54,33
A,2,120,62400,62553,153,33
A,2,120,62640,63190,550,33
A,2,120,63240,63315,75,33
G,2,120,63360,63513,153,31
G,2,120,63600,64129,529,31
G,2,120,64200,64320,120,31
F#,2,120,64560,65162,602,30
E,2,110,65283,69123,3840,28
E,3,50,67213,72883,5670,40
E,2,120,72960,72980,20,28
E,2,110,69140,73134,3994,28
E,2,120,73200,73263,63,28
E,2,120,73320,73434,114,28
E,3,120,73440,73549,109,40
E,2,120,73560,73668,108,28
E,2,120,73800,73911,111,28
E,3,120,74040,74101,61,40
E,2,120,74160,74236,76,28
D,2,120,74270,74546,276,26
E,3,120,74640,74698,58,40
E,2,120,74880,75001,121,28
E,2,120,75120,75183,63,28
E,2,120,75240,75354,114,28
E,3,120,75360,75469,109,40
E,2,120,75480,75588,108,28
E,2,120,75720,75831,111,28
E,3,120,75960,76069,109,40
E,2,120,76080,76156,76,28
D,2,120,76190,76466,276,26
E,3,120,76560,76618,58,40
E,2,120,76800,76921,121,28
E,2,120,77040,77103,63,28
E,2,120,77160,77274,114,28
E,3,120,77280,77389,109,40
E,2,120,77400,77508,108,28
E,2,120,77640,77751,111,28
E,3,120,77880,77989,109,40
E,2,120,78000,78076,76,28
D,2,120,78110,78386,276,26
E,3,120,78480,78538,58,40
E,2,120,78720,78841,121,28
E,2,120,78960,79023,63,28
E,2,120,79080,79194,114,28
E,3,120,79200,79309,109,40
E,2,120,79320,79428,108,28
E,2,120,79560,79671,111,28
E,3,120,79800,79909,109,40
E,2,120,79920,79996,76,28
D,2,120,80030,80306,276,26
E,3,120,80400,80458,58,40
E,2,120,80640,80814,174,28
E,2,120,80880,80943,63,28
E,2,120,81000,81114,114,28
E,3,120,81120,81229,109,40
E,2,120,81240,81348,108,28
E,2,120,81480,81591,111,28
E,3,120,81720,81781,61,40
E,2,120,81840,81916,76,28
D,2,120,81950,82226,276,26
E,3,120,82320,82378,58,40
E,2,120,82560,82681,121,28
E,2,120,82800,82863,63,28
E,2,120,82920,83034,114,28
E,3,120,83040,83149,109,40
E,2,120,83160,83268,108,28
E,2,120,83400,83511,111,28
E,3,120,83640,83749,109,40
E,2,120,83760,83836,76,28
D,2,120,83870,84146,276,26
E,3,120,84240,84298,58,40
E,2,120,84480,84601,121,28
E,2,120,84720,84783,63,28
E,2,120,84840,84954,114,28
E,3,120,84960,85069,109,40
E,2,120,85080,85188,108,28
E,2,120,85320,85431,111,28
E,3,120,85560,85669,109,40
E,2,120,85680,85756,76,28
D,2,120,85790,86066,276,26
E,3,120,86160,86218,58,40
E,2,120,86400,86521,121,28
E,2,120,86640,86703,63,28
E,2,120,86760,86874,114,28
E,3,120,86880,86989,109,40
E,2,120,87000,87108,108,28
E,2,120,87240,87351,111,28
E,3,120,87480,87589,109,40
E,2,120,87600,87676,76,28
D,2,120,87710,87986,276,26
E,3,120,88080,88138,58,40
E,3,75,88320,88949,629,40
E,2,127,88320,88949,629,28
D,3,75,89160,89295,135,38
D,2,127,89160,89295,135,26
E,2,127,89280,89408,128,28
E,3,75,89280,89408,128,40
G,2,127,89400,89541,141,31
G,3,75,89400,89541,141,43
E,2,127,89520,89766,246,28
E,3,75,89520,89766,246,40
D,3,75,90000,90106,106,38
D,2,127,90000,90106,106,26
E,3,75,90240,91079,839,40
E,2,127,90240,91079,839,28
D,3,75,91080,91215,135,38
D,2,127,91080,91215,135,26
E,2,127,91200,91321,121,28
E,3,75,91200,91321,121,40
G,2,127,91320,91457,137,31
G,3,75,91320,91457,137,43
E,2,127,91440,92006,566,28
E,3,75,91440,92006,566,40
E,3,75,92160,92789,629,40
E,2,127,92160,92789,629,28
D,3,75,93000,93135,135,38
D,2,127,93000,93135,135,26
E,2,127,93120,93248,128,28
E,3,75,93120,93248,128,40
G,2,127,93240,93381,141,31
G,3,75,93240,93381,141,43
E,2,127,93360,93606,246,28
E,3,75,93360,93606,246,40
D,3,75,93840,93946,106,38
D,2,127,93840,93946,106,26
E,3,75,94080,94919,839,40
E,2,127,94080,94919,839,28
D,3,75,94920,95055,135,38
D,2,127,94920,95055,135,26
E,2,127,95040,95161,121,28
E,3,75,95040,95161,121,40
G,2,127,95160,95297,137,31
G,3,75,95160,95297,137,43
E,2,127,95280,95846,566,28
E,3,75,95280,95846,566,40
E,3,75,96000,96629,629,40
E,2,127,96000,96629,629,28
D,3,75,96840,96975,135,38
D,2,127,96840,96975,135,26
E,2,127,96960,97088,128,28
E,3,75,96960,97088,128,40
G,2,127,97080,97221,141,31
G,3,75,97080,97221,141,43
E,2,127,97200,97446,246,28
E,3,75,97200,97446,246,40
D,3,75,97680,97786,106,38
D,2,127,97680,97786,106,26
E,3,75,97920,98759,839,40
E,2,127,97920,98759,839,28
D,3,75,98760,98895,135,38
D,2,127,98760,98895,135,26
E,2,127,98880,99001,121,28
E,3,75,98880,99001,121,40
G,2,127,99000,99137,137,31
G,3,75,99000,99137,137,43
E,2,127,99120,99686,566,28
E,3,75,99120,99686,566,40
E,3,75,99840,100469,629,40
E,2,127,99840,100469,629,28
D,3,75,100680,100815,135,38
D,2,127,100680,100815,135,26
E,2,127,100800,100928,128,28
E,3,75,100800,100928,128,40
G,2,127,100920,101061,141,31
G,3,75,100920,101061,141,43
E,2,127,101040,101286,246,28
E,3,75,101040,101286,246,40
D,3,75,101520,101626,106,38
D,2,127,101520,101626,106,26
E,3,75,101760,102599,839,40
E,2,127,101760,102599,839,28
D,3,75,102600,102735,135,38
D,2,127,102600,102735,135,26
E,2,127,102720,102841,121,28
E,3,75,102720,102841,121,40
G,2,127,102840,102977,137,31
G,3,75,102840,102977,137,43
E,2,127,102960,103526,566,28
E,3,75,102960,103526,566,40
E,3,75,103680,104309,629,40
E,2,127,103680,104309,629,28
D,3,75,104520,104655,135,38
D,2,127,104520,104655,135,26
E,2,127,104640,104768,128,28
E,3,75,104640,104768,128,40
G,2,127,104760,104901,141,31
G,3,75,104760,104901,141,43
E,2,127,104880,105126,246,28
E,3,75,104880,105126,246,40
D,3,75,105360,105466,106,38
D,2,127,105360,105466,106,26
E,3,75,105600,106439,839,40
E,2,127,105600,106439,839,28
D,3,75,106440,106575,135,38
D,2,127,106440,106575,135,26
E,2,127,106560,106681,121,28
E,3,75,106560,106681,121,40
G,2,127,106680,106817,137,31
G,3,75,106680,106817,137,43
E,2,127,106800,107366,566,28
E,3,75,106800,107366,566,40
E,3,75,107520,108149,629,40
E,2,127,107520,108149,629,28
D,3,75,108360,108495,135,38
D,2,127,108360,108495,135,26
E,2,127,108480,108608,128,28
E,3,75,108480,108608,128,40
G,2,127,108600,108741,141,31
G,3,75,108600,108741,141,43
E,2,127,108720,108966,246,28
E,3,75,108720,108966,246,40
D,3,75,109200,109306,106,38
D,2,127,109200,109306,106,26
E,3,75,109440,110279,839,40
E,2,127,109440,110279,839,28
D,3,75,110280,110415,135,38
D,2,127,110280,110415,135,26
E,2,127,110400,110521,121,28
E,3,75,110400,110521,121,40
G,2,127,110520,110657,137,31
G,3,75,110520,110657,137,43
E,2,127,110640,111206,566,28
E,3,75,110640,111206,566,40
E,2,120,111360,111481,121,28
E,2,120,111600,111663,63,28
E,2,120,111720,111834,114,28
E,3,120,111840,111949,109,40
E,2,120,111960,112068,108,28
E,2,120,112200,112311,111,28
E,3,120,112440,112501,61,40
E,2,120,112560,112636,76,28
D,2,120,112670,112946,276,26
E,3,120,113040,113098,58,40
E,2,120,113280,113401,121,28
E,2,120,113520,113583,63,28
E,2,120,113640,113754,114,28
E,3,120,113760,113869,109,40
E,2,120,113880,113988,108,28
E,2,120,114120,114231,111,28
E,3,120,114360,114469,109,40
E,2,120,114480,114556,76,28
D,2,120,114590,114866,276,26
E,3,120,114960,115018,58,40
E,2,120,115200,115321,121,28
E,2,120,115440,115503,63,28
E,2,120,115560,115674,114,28
E,3,120,115680,115789,109,40
E,2,120,115800,115908,108,28
E,2,120,116040,116151,111,28
E,3,120,116280,116389,109,40
E,2,120,116400,116476,76,28
D,2,120,116510,116786,276,26
E,3,120,116880,116938,58,40
E,2,120,117120,117241,121,28
E,2,120,117360,117423,63,28
E,2,120,117480,117594,114,28
E,3,120,117600,117709,109,40
E,2,120,117720,117828,108,28
E,2,120,117960,118071,111,28
E,3,120,118200,118309,109,40
E,2,120,118320,118396,76,28
D,2,120,118430,118706,276,26
E,3,120,118800,118858,58,40
E,2,120,119040,119161,121,28
E,2,120,119280,119343,63,28
E,2,120,119400,119514,114,28
E,3,120,119520,119629,109,40
E,2,120,119640,119748,108,28
E,2,120,119880,119991,111,28
E,3,120,120120,120229,109,40
E,2,120,120240,120316,76,28
D,2,120,120350,120626,276,26
E,3,120,120720,120791,71,40
E,2,120,120960,121081,121,28
E,2,120,121200,121263,63,28
E,2,120,121320,121434,114,28
E,3,120,121440,121549,109,40
E,2,120,121560,121668,108,28
E,2,120,121800,121911,111,28
E,3,120,122040,122149,109,40
E,2,120,122160,122236,76,28
D,2,120,122270,122546,276,26
E,3,120,122640,122711,71,40
A,2,120,122880,123022,142,33
A,2,120,123120,123599,479,33
A,2,120,123720,123774,54,33
A,2,120,123840,123993,153,33
A,2,120,124080,124630,550,33
A,2,120,124680,124755,75,33
G,2,120,124800,124953,153,31
G,2,120,125040,125569,529,31
G,2,120,125640,125760,120,31
F#,2,120,125760,125898,138,30
F#,2,120,126000,126602,602,30
E,2,110,126720,127382,662,28
D,2,110,127560,127708,148,26
E,2,110,127680,127830,150,28
G,2,110,127800,127937,137,31
E,2,110,127920,128101,181,28
E,2,110,128160,128328,168,28
E,2,110,128400,128454,54,28
E,2,110,128520,128580,60,28
A,2,110,128640,129036,396,33
A,2,110,129120,129420,300,33
A,2,110,129480,129546,66,33
G,2,110,129600,129774,174,31
G,2,110,129840,130313,473,31
G,2,110,130440,130551,111,31
F,2,110,130800,131274,474,29
F,2,110,131400,131456,56,29
F,2,110,131520,131642,122,29
F,2,110,131760,132243,483,29
F,2,110,132360,132467,107,29
C,3,110,132480,132603,123,36
C,3,110,132720,133212,492,36
C,3,110,133320,133445,125,36
B,2,110,133680,134244,564,35
B,2,110,134280,134390,110,35
E,2,110,134400,135062,662,28
D,2,110,135240,135388,148,26
E,2,110,135360,135510,150,28
G,2,110,135480,135617,137,31
E,2,110,135600,135781,181,28
E,2,110,135840,136008,168,28
E,2,110,136080,136134,54,28
E,2,110,136200,136260,60,28
A,2,110,136320,136716,396,33
A,2,110,136800,137100,300,33
A,2,110,137160,137226,66,33
G,2,110,137280,137454,174,31
G,2,110,137520,137993,473,31
G,2,110,138120,138231,111,31
F,2,110,138240,138373,133,29
F,2,110,138480,138954,474,29
F,2,110,139080,139136,56,29
F,2,110,139200,139322,122,29
F,2,110,139440,139923,483,29
F,2,110,140040,140147,107,29
C,3,110,140160,140283,123,36
C,3,110,140400,140892,492,36
C,3,110,141000,141125,125,36
B,2,110,141120,141244,124,35
B,2,110,141360,141924,564,35
B,2,110,141960,142070,110,35
E,2,110,142080,142742,662,28
D,2,110,142920,143068,148,26
E,2,110,143040,143190,150,28
G,2,110,143160,143297,137,31
E,2,110,143280,143461,181,28
E,2,110,143520,143688,168,28
E,2,110,143760,143814,54,28
E,2,110,143880,143940,60,28
A,2,110,144000,144396,396,33
A,2,110,144480,144780,300,33
A,2,110,144840,144906,66,33
G,2,110,144960,145134,174,31
G,2,110,145200,145673,473,31
G,2,110,145800,145911,111,31
F,2,110,145920,146053,133,29
F,2,110,146160,146634,474,29
F,2,110,146760,146816,56,29
F,2,110,146880,147002,122,29
F,2,110,147120,147603,483,29
F,2,110,147720,147827,107,29
E,2,120,149760,149881,121,28
E,2,120,150000,150063,63,28
E,2,120,150120,150234,114,28
E,3,120,150240,150349,109,40
E,2,120,150360,150468,108,28
E,2,120,150600,150711,111,28
E,3,120,150840,150901,61,40
E,2,120,150960,151036,76,28
D,2,120,151070,151346,276,26
E,3,120,151440,151498,58,40
E,2,120,151680,151801,121,28
E,2,120,151920,151983,63,28
E,2,120,152040,152154,114,28
E,3,120,152160,152269,109,40
E,2,120,152280,152388,108,28
E,2,120,152520,152631,111,28
E,3,120,152760,152869,109,40
E,2,120,152880,152956,76,28
D,2,120,152990,153266,276,26
E,3,120,153360,153418,58,40
E,2,120,153600,153721,121,28
E,2,120,153840,153903,63,28
E,2,120,153960,154074,114,28
E,3,120,154080,154189,109,40
E,2,120,154200,154308,108,28
E,2,120,154440,154551,111,28
E,3,120,154680,154789,109,40
E,2,120,154800,154876,76,28
D,2,120,154910,155186,276,26
E,3,120,155280,155338,58,40
E,2,120,155520,155641,121,28
E,2,120,155760,155823,63,28
E,2,120,155880,155994,114,28
E,3,120,156000,156109,109,40
E,2,120,156120,156228,108,28
E,2,120,156360,156471,111,28
E,3,120,156600,156709,109,40
E,2,120,156720,156796,76,28
D,2,120,156830,157106,276,26
E,3,120,157200,157258,58,40
E,2,120,157440,157561,121,28
E,2,120,157680,157743,63,28
E,2,120,157800,157914,114,28
E,3,120,157920,158029,109,40
E,2,120,158040,158148,108,28
E,2,120,158280,158391,111,28
E,3,120,158520,158629,109,40
E,2,120,158640,158716,76,28
D,2,120,158750,159026,276,26
E,3,120,159120,159191,71,40
E,2,120,159360,159481,121,28
E,2,120,159600,159663,63,28
E,2,120,159720,159834,114,28
E,3,120,159840,159949,109,40
E,2,120,159960,160068,108,28
E,2,120,160200,160311,111,28
E,3,120,160440,160549,109,40
E,2,120,160560,160636,76,28
D,2,120,160670,160946,276,26
E,3,120,161040,161111,71,40
A,2,120,161280,161422,142,33
A,2,120,161520,161999,479,33
A,2,120,162120,162174,54,33
A,2,120,162240,162393,153,33
A,2,120,162480,163030,550,33
A,2,120,163080,163155,75,33
G,2,120,163200,163353,153,31
G,2,120,163440,163969,529,31
G,2,120,164040,164160,120,31
F#,2,120,164160,164298,138,30
F#,2,120,164400,165002,602,30
E,2,110,165120,165782,662,28
D,2,110,165960,166108,148,26
E,2,110,166080,166230,150,28
G,2,110,166200,166337,137,31
E,2,110,166320,166501,181,28
E,2,110,166560,166728,168,28
E,2,110,166800,166854,54,28
E,2,110,166920,166980,60,28
A,2,110,167040,167436,396,33
A,2,110,167520,167820,300,33
A,2,110,167880,167946,66,33
G,2,110,168000,168174,174,31
G,2,110,168240,168713,473,31
G,2,110,168840,168951,111,31
F,2,110,168960,169093,133,29
F,2,110,169200,169674,474,29
F,2,110,169800,169856,56,29
F,2,110,169920,170042,122,29
F,2,110,170160,170643,483,29
F,2,110,170760,170867,107,29
C,3,110,170880,171003,123,36
C,3,110,171120,171612,492,36
C,3,110,171720,171845,125,36
B,2,110,171840,171964,124,35
B,2,110,172080,172644,564,35
B,2,110,172680,172790,110,35
E,2,110,172800,173462,662,28
D,2,110,173640,173788,148,26
E,2,110,173760,173910,150,28
G,2,110,173880,174017,137,31
E,2,110,174000,174181,181,28
E,2,110,174240,174408,168,28
E,2,110,174480,174534,54,28
E,2,110,174600,174660,60,28
A,2,110,174720,175116,396,33
A,2,110,175200,175500,300,33
A,2,110,175560,175626,66,33
G,2,110,175680,175854,174,31
G,2,110,175920,176393,473,31
G,2,110,176520,176631,111,31
F,2,110,176640,176773,133,29
F,2,110,176880,177354,474,29
F,2,110,177480,177536,56,29
F,2,110,177600,177722,122,29
F,2,110,177840,178323,483,29
F,2,110,178440,178547,107,29
C,3,110,178560,178683,123,36
C,3,110,178800,179292,492,36
C,3,110,179400,179525,125,36
B,2,110,179520,179644,124,35
B,2,110,179760,180324,564,35
B,2,110,180360,180470,110,35
E,2,110,180480,181142,662,28
D,2,110,181320,181468,148,26
E,2,110,181440,181590,150,28
G,2,110,181560,181697,137,31
E,2,110,181680,181861,181,28
E,2,110,181920,182088,168,28
E,2,110,182160,182214,54,28
E,2,110,182280,182340,60,28
A,2,110,182400,182796,396,33
A,2,110,182880,183180,300,33
A,2,110,183240,183306,66,33
G,2,110,183360,183534,174,31
G,2,110,183600,184073,473,31
G,2,110,184200,184311,111,31
F,2,110,184320,184453,133,29
F,2,110,184560,185034,474,29
F,2,110,185160,185216,56,29
F,2,110,185280,185402,122,29
F,2,110,185520,186003,483,29
F,2,110,186120,186227,107,29
C,3,110,186240,186363,123,36
C,3,110,186480,186972,492,36
C,3,110,187080,187205,125,36
B,2,110,187200,187324,124,35
B,2,110,187440,188004,564,35
B,2,110,188040,188150,110,35
E,2,110,188160,188822,662,28
D,2,110,189000,189148,148,26
E,2,110,189120,189270,150,28
G,2,110,189240,189377,137,31
E,2,110,189360,189541,181,28
E,2,110,189600,189768,168,28
E,2,110,189840,189894,54,28
E,2,110,189960,190020,60,28
A,2,110,190080,190476,396,33
A,2,110,190560,190860,300,33
A,2,110,190920,190986,66,33
G,2,110,191040,191214,174,31
G,2,110,191280,191753,473,31
G,2,110,191880,191991,111,31
F,2,110,192000,192133,133,29
F,2,110,192240,192714,474,29
F,2,110,192840,192896,56,29
F,2,110,192960,193082,122,29
F,2,110,193200,193683,483,29
F,2,110,193800,193907,107,29
C,3,110,193920,194043,123,36
C,3,110,194160,194652,492,36
C,3,110,194760,194885,125,36
B,2,110,194880,195004,124,35
B,2,110,195120,195684,564,35
B,2,110,195720,195830,110,35
E,2,110,195840,196502,662,28
D,2,110,196680,196828,148,26
E,2,110,196800,196950,150,28
G,2,110,196920,197057,137,31
E,2,110,197040,197221,181,28
E,2,110,197280,197448,168,28
E,2,110,197520,197574,54,28
E,2,110,197640,197700,60,28
E,2,110,197760,198422,662,28
D,2,110,198600,198748,148,26
E,2,110,198720,198870,150,28
G,2,110,198840,198977,137,31
E,2,110,198960,199141,181,28
E,2,110,199200,199368,168,28
E,2,110,199440,199494,54,28
E,2,110,199560,199620,60,28
E,2,110,199680,199926,246,28
E,7,28,25153,25177,24,88
E,7,34,25210,25236,26,88
E,7,30,25265,25294,29,88
E,7,36,25318,25348,30,88
E,7,48,25376,25406,30,88
E,7,51,25430,25463,33,88
E,7,51,25488,25518,30,88
E,7,57,25542,25573,31,88
E,7,51,25597,25630,33,88
E,7,51,25648,25677,29,88
E,7,63,25696,25725,29,88
E,7,78,25747,25773,26,88
E,7,91,25798,25821,23,88
E,7,101,25846,25870,24,88
E,7,116,25896,25917,21,88
E,7,116,25942,25966,24,88
E,7,108,25987,26013,26,88
E,7,124,26035,26057,22,88
E,7,116,26078,26101,23,88
E,7,116,26120,26144,24,88
E,7,91,26160,26186,26,88
E,7,108,26205,26228,23,88
E,7,116,26247,26272,25,88
E,7,108,26292,26320,28,88
E,7,63,26342,26390,48,88
E,7,54,26406,26451,45,88
E,7,51,26465,26509,44,88
E,7,54,26525,26647,122,88
E,7,48,26670,26720,50,88
E,7,28,26753,26804,51,88
E,7,26,26832,26880,48,88
C#,6,50,80280,80289,9,73
D,6,50,80400,80406,6,74
C#,6,50,80460,80471,11,73
E,6,50,80520,80523,3,76
C#,6,100,81600,81906,306,73
C#,6,100,81960,83119,1159,73
F#,6,50,83760,84120,360,78
G,6,50,84120,84426,306,79
C#,6,50,84480,84808,328,73
C#,6,50,84840,85672,832,73
C,6,120,132720,133323,603,72
G,6,120,133200,133803,603,79
B,5,120,133680,134283,603,71
F#,6,120,134160,134763,603,78
C,7,120,140400,141003,603,84
C,6,120,140400,141003,603,72
G,6,120,140880,141483,603,79
G,7,120,140880,141483,603,91
B,5,120,141360,141963,603,71
B,6,120,141360,141963,603,83
F#,6,120,141840,142443,603,78
F#,7,120,141840,142443,603,90
E,6,30,146880,147131,251,76
E,6,50,147360,147639,279,76
F,6,60,147600,147905,305,77
E,6,70,147840,148104,264,76
F,6,80,148080,148357,277,77
E,6,90,148320,148645,325,76
F,6,100,148560,148859,299,77
E,6,110,148800,149108,308,76
F,6,120,149040,149341,301,77
E,6,127,149280,149543,263,76
F,6,127,149520,149782,262,77
C,7,120,171120,171723,603,84
C,6,120,171120,171723,603,72
G,6,120,171600,172203,603,79
G,7,120,171600,172203,603,91
B,5,120,172080,172683,603,71
B,6,120,172080,172683,603,83
F#,6,120,172560,173163,603,78
F#,7,120,172560,173163,603,90
C,7,120,178800,179403,603,84
C,6,120,178800,179403,603,72
G,6,120,179280,179883,603,79
G,7,120,179280,179883,603,91
B,5,120,179760,180363,603,71
B,6,120,179760,180363,603,83
F#,6,120,180240,180843,603,78
F#,7,120,180240,180843,603,90
C,7,120,186480,187083,603,84
C,6,120,186480,187083,603,72
B,6,120,186960,187563,603,83
B,5,120,186960,187563,603,71
G,7,120,187440,188043,603,91
G,6,120,187440,188043,603,79
E,7,120,187920,188523,603,88
E,6,120,187920,188523,603,76
C,7,120,194160,194763,603,84
C,6,120,194160,194763,603,72
G,6,120,194640,195243,603,79
G,7,120,194640,195243,603,91
B,5,120,195120,195723,603,71
B,6,120,195120,195723,603,83
F#,6,120,195600,196203,603,78
F#,7,120,195600,196203,603,90
E,4,70,26880,26950,70,52
E,5,40,26880,26997,117,64
E,5,40,26880,27022,142,64
D,5,40,27000,27123,123,62
E,6,40,27000,27134,134,76
E,5,40,27120,27198,78,64
E,5,40,27240,27267,27,64
E,4,70,27000,27274,274,52
E,5,40,27120,27350,230,64
D,6,40,27360,27463,103,74
E,5,40,27480,27555,75,64
G,5,40,27360,27585,225,67
E,4,70,27360,27703,343,52
E,5,40,27600,27721,121,64
E,5,40,27600,27728,128,64
B,5,40,27720,27803,83,71
D,5,40,27720,27829,109,62
E,4,70,27840,27924,84,52
E,5,40,27840,27950,110,64
E,5,40,27840,27954,114,64
G,4,70,27960,28042,82,55
D,6,40,27960,28062,102,74
D,5,40,27960,28073,113,62
E,5,40,28080,28166,86,64
E,4,70,28080,28247,167,52
E,5,40,28200,28339,139,64
B,5,40,28320,28402,82,71
E,5,40,28440,28555,115,64
D,6,40,28560,28656,96,74
A,4,40,28320,28663,343,57
E,4,70,28320,28667,347,52
E,4,40,28320,28668,348,52
E,5,40,28680,28742,62,64
D,4,70,28680,28750,70,50
E,4,70,28800,28866,66,52
E,5,40,28800,28928,128,64
E,5,40,28800,28940,140,64
E,4,70,28920,28995,75,52
E,6,40,28920,29034,114,76
D,5,40,28920,29056,136,62
E,5,40,29040,29123,83,64
E,5,40,29160,29198,38,64
E,4,70,29040,29211,171,52
E,5,40,29040,29291,251,64
D,6,40,29280,29395,115,74
G,5,40,29280,29511,231,67
E,4,70,29280,29604,324,52
E,5,40,29520,29646,126,64
E,5,40,29400,29648,248,64
E,6,40,29640,29746,106,76
E,4,70,29640,29753,113,52
D,5,40,29640,29763,123,62
E,5,40,29760,29844,84,64
E,5,40,29760,29863,103,64
D,4,70,29760,29886,126,50
D,5,40,29880,29995,115,62
G,4,70,29880,29999,119,55
E,5,40,29880,30012,132,64
G,6,40,30000,30105,105,79
E,4,70,30000,30136,136,52
B,4,40,30000,30199,199,59
E,5,40,30240,30261,21,64
E,6,40,30240,30347,107,76
E,5,40,30360,30474,114,64
D,6,40,30480,30577,97,74
E,5,40,30120,30585,465,64
E,4,70,30240,30605,365,52
A,5,40,30240,30616,376,69
E,5,40,30600,30695,95,64
E,4,70,30720,30790,70,52
E,5,40,30720,30837,117,64
E,5,40,30720,30862,142,64
D,5,40,30840,30963,123,62
E,6,40,30840,30974,134,76
E,5,40,30960,31038,78,64
E,5,40,31080,31107,27,64
E,4,70,30840,31114,274,52
E,5,40,30960,31190,230,64
D,6,40,31200,31303,103,74
E,5,40,31320,31395,75,64
G,5,40,31200,31425,225,67
E,4,70,31200,31543,343,52
E,5,40,31440,31561,121,64
E,5,40,31440,31568,128,64
D,4,70,31560,31640,80,50
B,5,40,31560,31643,83,71
D,5,40,31560,31669,109,62
E,4,70,31680,31764,84,52
E,5,40,31680,31790,110,64
E,5,40,31680,31794,114,64
G,4,70,31800,31882,82,55
D,6,40,31800,31902,102,74
D,5,40,31800,31913,113,62
E,5,40,31920,32006,86,64
E,4,70,31920,32087,167,52
B,4,40,31920,32119,199,59
E,5,40,32040,32179,139,64
B,5,40,32160,32242,82,71
E,5,40,32280,32395,115,64
D,6,40,32400,32496,96,74
A,4,40,32160,32503,343,57
E,4,70,32160,32507,347,52
E,4,40,32160,32508,348,52
E,5,40,32520,32582,62,64
D,4,70,32520,32590,70,50
E,4,70,32640,32706,66,52
E,5,40,32640,32768,128,64
E,5,40,32640,32780,140,64
E,4,70,32760,32835,75,52
E,6,40,32760,32874,114,76
D,5,40,32760,32896,136,62
E,5,40,32880,32963,83,64
E,5,40,33000,33038,38,64
E,4,70,32880,33051,171,52
E,5,40,32880,33131,251,64
D,6,40,33120,33235,115,74
G,5,40,33120,33351,231,67
E,4,70,33120,33444,324,52
E,5,40,33360,33486,126,64
E,5,40,33240,33488,248,64
E,6,40,33480,33586,106,76
E,4,70,33480,33593,113,52
D,5,40,33480,33603,123,62
E,5,40,33600,33684,84,64
E,5,40,33600,33703,103,64
D,4,70,33600,33726,126,50
D,5,40,33720,33835,115,62
G,4,70,33720,33839,119,55
E,5,40,33720,33852,132,64
G,6,40,33840,33945,105,79
E,4,70,33840,33976,136,52
B,4,40,33840,34039,199,59
E,5,40,34080,34101,21,64
E,6,40,34080,34187,107,76
E,5,40,34200,34314,114,64
D,6,40,34320,34417,97,74
E,5,40,33960,34425,465,64
E,4,70,34080,34445,365,52
A,5,40,34080,34456,376,69
E,5,40,34440,34535,95,64
E,4,70,34560,34630,70,52
E,5,40,34560,34677,117,64
E,5,40,34560,34702,142,64
D,5,40,34680,34803,123,62
E,6,40,34680,34814,134,76
E,5,40,34800,34878,78,64
E,5,40,34920,34947,27,64
E,4,70,34680,34954,274,52
E,5,40,34800,35030,230,64
D,6,40,35040,35143,103,74
E,5,40,35160,35235,75,64
G,5,40,35040,35265,225,67
E,4,70,35040,35383,343,52
E,5,40,35280,35401,121,64
E,5,40,35280,35408,128,64
D,4,70,35400,35480,80,50
B,5,40,35400,35483,83,71
D,5,40,35400,35509,109,62
E,4,70,35520,35604,84,52
E,5,40,35520,35630,110,64
E,5,40,35520,35634,114,64
G,4,70,35640,35722,82,55
D,6,40,35640,35742,102,74
D,5,40,35640,35753,113,62
E,5,40,35760,35846,86,64
E,4,70,35760,35927,167,52
B,4,40,35760,35959,199,59
E,5,40,35880,36019,139,64
B,5,40,36000,36082,82,71
E,5,40,36120,36235,115,64
D,6,40,36240,36336,96,74
A,4,40,36000,36343,343,57
E,4,70,36000,36347,347,52
E,4,40,36000,36348,348,52
E,5,40,36360,36422,62,64
D,4,70,36360,36430,70,50
E,4,70,36480,36546,66,52
E,5,40,36480,36608,128,64
E,5,40,36480,36620,140,64
E,4,70,36600,36675,75,52
E,6,40,36600,36714,114,76
D,5,40,36600,36736,136,62
E,5,40,36720,36803,83,64
E,5,40,36840,36878,38,64
E,4,70,36720,36891,171,52
E,5,40,36720,36971,251,64
D,6,40,36960,37075,115,74
G,5,40,36960,37191,231,67
E,4,70,36960,37284,324,52
E,5,40,37200,37326,126,64
E,5,40,37080,37328,248,64
E,6,40,37320,37426,106,76
E,4,70,37320,37433,113,52
D,5,40,37320,37443,123,62
E,5,40,37440,37524,84,64
E,5,40,37440,37543,103,64
D,4,70,37440,37566,126,50
D,5,40,37560,37675,115,62
G,4,70,37560,37679,119,55
E,5,40,37560,37692,132,64
G,6,40,37680,37785,105,79
E,4,70,37680,37816,136,52
B,4,40,37680,37879,199,59
E,5,40,37920,37941,21,64
E,6,40,37920,38027,107,76
E,5,40,38040,38154,114,64
D,6,40,38160,38257,97,74
E,5,40,37800,38265,465,64
E,4,70,37920,38285,365,52
A,5,40,37920,38296,376,69
E,5,40,38280,38375,95,64
E,4,70,38400,38470,70,52
E,5,40,38400,38517,117,64
E,5,40,38400,38542,142,64
D,5,40,38520,38643,123,62
E,6,40,38520,38654,134,76
E,5,40,38640,38718,78,64
E,5,40,38760,38787,27,64
E,4,70,38520,38794,274,52
E,5,40,38640,38870,230,64
D,6,40,38880,38983,103,74
E,5,40,39000,39075,75,64
G,5,40,38880,39105,225,67
E,4,70,38880,39223,343,52
E,5,40,39120,39241,121,64
E,5,40,39120,39248,128,64
D,4,70,39240,39320,80,50
B,5,40,39240,39323,83,71
D,5,40,39240,39349,109,62
E,4,70,39360,39444,84,52
E,5,40,39360,39470,110,64
E,5,40,39360,39474,114,64
G,4,70,39480,39562,82,55
D,6,40,39480,39582,102,74
D,5,40,39480,39593,113,62
E,5,40,39600,39686,86,64
E,4,70,39600,39767,167,52
B,4,40,39600,39799,199,59
E,5,40,39720,39859,139,64
B,5,40,39840,39922,82,71
E,5,40,39960,40075,115,64
D,6,40,40080,40176,96,74
A,4,40,39840,40183,343,57
E,4,70,39840,40187,347,52
E,4,40,39840,40188,348,52
E,5,40,40200,40262,62,64
D,4,70,40200,40270,70,50
E,4,70,40320,40386,66,52
E,5,40,40320,40448,128,64
E,5,40,40320,40460,140,64
E,4,70,40440,40515,75,52
E,6,40,40440,40554,114,76
D,5,40,40440,40576,136,62
E,5,40,40560,40643,83,64
E,5,40,40680,40718,38,64
E,4,70,40560,40731,171,52
E,5,40,40560,40811,251,64
D,6,40,40800,40915,115,74
G,5,40,40800,41031,231,67
E,4,70,40800,41124,324,52
E,5,40,41040,41166,126,64
E,5,40,40920,41168,248,64
E,6,40,41160,41266,106,76
E,4,70,41160,41273,113,52
D,5,40,41160,41283,123,62
E,5,40,41280,41364,84,64
E,5,40,41280,41383,103,64
D,4,70,41280,41406,126,50
D,5,40,41400,41515,115,62
G,4,70,41400,41519,119,55
E,5,40,41400,41532,132,64
G,6,40,41520,41625,105,79
E,4,70,41520,41656,136,52
B,4,40,41520,41719,199,59
E,5,40,41760,41781,21,64
E,6,40,41760,41867,107,76
E,5,40,41880,41994,114,64
D,6,40,42000,42097,97,74
E,5,40,41640,42105,465,64
E,4,70,41760,42125,365,52
A,5,40,41760,42136,376,69
E,5,40,42120,42215,95,64
E,4,70,42240,42310,70,52
E,5,40,42240,42357,117,64
E,5,40,42240,42382,142,64
D,5,40,42360,42483,123,62
E,6,40,42360,42494,134,76
E,5,40,42480,42558,78,64
E,5,40,42600,42627,27,64
E,4,70,42360,42634,274,52
E,5,40,42480,42710,230,64
D,6,40,42720,42823,103,74
E,5,40,42840,42915,75,64
G,5,40,42720,42945,225,67
E,4,70,42720,43063,343,52
E,5,40,42960,43081,121,64
E,5,40,42960,43088,128,64
D,4,70,43080,43160,80,50
B,5,40,43080,43163,83,71
D,5,40,43080,43189,109,62
E,4,70,43200,43284,84,52
E,5,40,43200,43310,110,64
E,5,40,43200,43314,114,64
G,4,70,43320,43402,82,55
D,6,40,43320,43422,102,74
D,5,40,43320,43433,113,62
E,5,40,43440,43526,86,64
E,4,70,43440,43607,167,52
B,4,40,43440,43639,199,59
E,5,40,43560,43699,139,64
B,5,40,43680,43762,82,71
E,5,40,43800,43915,115,64
D,6,40,43920,44016,96,74
A,4,40,43680,44023,343,57
E,4,70,43680,44027,347,52
E,4,40,43680,44028,348,52
E,5,40,44040,44102,62,64
D,4,70,44040,44110,70,50
E,4,70,44160,44226,66,52
E,5,40,44160,44288,128,64
E,5,40,44160,44300,140,64
E,4,70,44280,44355,75,52
E,6,40,44280,44394,114,76
D,5,40,44280,44416,136,62
E,5,40,44400,44483,83,64
E,5,40,44520,44558,38,64
E,4,70,44400,44571,171,52
E,5,40,44400,44651,251,64
D,6,40,44640,44755,115,74
G,5,40,44640,44871,231,67
E,4,70,44640,44964,324,52
E,5,40,44880,45006,126,64
E,5,40,44760,45008,248,64
E,6,40,45000,45106,106,76
E,4,70,45000,45113,113,52
D,5,40,45000,45123,123,62
E,5,40,45120,45204,84,64
E,5,40,45120,45223,103,64
D,4,70,45120,45246,126,50
D,5,40,45240,45355,115,62
G,4,70,45240,45359,119,55
E,5,40,45240,45372,132,64
G,6,40,45360,45465,105,79
E,4,70,45360,45496,136,52
B,4,40,45360,45559,199,59
E,5,40,45600,45621,21,64
E,6,40,45600,45707,107,76
E,5,40,45720,45834,114,64
D,6,40,45840,45937,97,74
E,5,40,45480,45945,465,64
E,4,70,45600,45965,365,52
A,5,40,45600,45976,376,69
E,5,40,45960,46055,95,64
E,4,70,46080,46150,70,52
E,5,40,46080,46197,117,64
E,5,40,46080,46222,142,64
D,5,40,46200,46323,123,62
E,6,40,46200,46334,134,76
E,5,40,46320,46398,78,64
E,5,40,46440,46467,27,64
E,4,70,46200,46474,274,52
E,5,40,46320,46550,230,64
D,6,40,46560,46663,103,74
E,5,40,46680,46755,75,64
G,5,40,46560,46785,225,67
E,4,70,46560,46903,343,52
E,5,40,46800,46921,121,64
E,5,40,46800,46928,128,64
D,4,70,46920,47000,80,50
B,5,40,46920,47003,83,71
D,5,40,46920,47029,109,62
E,4,70,47040,47124,84,52
E,5,40,47040,47150,110,64
E,5,40,47040,47154,114,64
G,4,70,47160,47242,82,55
D,6,40,47160,47262,102,74
D,5,40,47160,47273,113,62
E,5,40,47280,47366,86,64
E,4,70,47280,47447,167,52
B,4,40,47280,47479,199,59
E,5,40,47400,47539,139,64
B,5,40,47520,47602,82,71
E,5,40,47640,47755,115,64
D,6,40,47760,47856,96,74
A,4,40,47520,47863,343,57
E,4,70,47520,47867,347,52
E,4,40,47520,47868,348,52
E,5,40,47880,47942,62,64
D,4,70,47880,47950,70,50
E,4,70,48000,48066,66,52
E,5,40,48000,48128,128,64
E,5,40,48000,48140,140,64
E,4,70,48120,48195,75,52
E,6,40,48120,48234,114,76
D,5,40,48120,48256,136,62
E,5,40,48240,48323,83,64
E,5,40,48360,48398,38,64
E,4,70,48240,48411,171,52
E,5,40,48240,48491,251,64
D,6,40,48480,48595,115,74
G,5,40,48480,48711,231,67
E,4,70,48480,48804,324,52
E,5,40,48720,48846,126,64
E,5,40,48600,48848,248,64
E,6,40,48840,48946,106,76
E,4,70,48840,48953,113,52
D,5,40,48840,48963,123,62
E,5,40,48960,49044,84,64
E,5,40,48960,49063,103,64
D,4,70,48960,49086,126,50
D,5,40,49080,49195,115,62
G,4,70,49080,49199,119,55
E,5,40,49080,49212,132,64
G,6,40,49200,49305,105,79
E,4,70,49200,49336,136,52
B,4,40,49200,49399,199,59
E,5,40,49440,49461,21,64
E,6,40,49440,49547,107,76
E,5,40,49560,49674,114,64
D,6,40,49680,49777,97,74
E,5,40,49320,49785,465,64
E,4,70,49440,49805,365,52
A,5,40,49440,49816,376,69
E,5,40,49800,49895,95,64
E,3,100,49920,53098,3178,40
D,3,50,53150,53426,276,38
E,4,50,53520,53578,58,52
E,3,70,55680,55755,75,40
E,4,70,55800,55863,63,52
E,3,70,55920,55977,57,40
E,3,70,56040,56086,46,40
E,3,100,53760,56938,3178,40
D,3,50,56990,57266,276,38
E,4,50,57360,57418,58,52
E,3,70,59520,59618,98,40
E,4,70,59640,59704,64,52
E,3,70,59760,59813,53,40
E,3,70,59880,59943,63,40
E,3,70,60120,60190,70,40
E,3,100,57600,60778,3178,40
D,3,50,60830,61106,276,38
E,4,50,61200,61258,58,52
A,3,40,61440,61478,38,45
A,4,40,61560,61595,35,57
A,3,40,61680,61712,32,45
A,3,40,61800,61829,29,45
A,5,40,61920,61958,38,69
A,3,40,62040,62075,35,45
A,4,40,62160,62192,32,57
A,3,40,62280,62309,29,45
A,4,40,62400,62438,38,57
A,3,40,62520,62555,35,45
A,4,40,62640,62672,32,57
A,3,40,62760,62789,29,45
A,5,40,62880,62918,38,69
A,3,40,63000,63035,35,45
A,4,40,63120,63152,32,57
A,3,40,63240,63269,29,45
G,3,40,63360,63398,38,43
G,4,40,63480,63515,35,55
G,3,40,63600,63632,32,43
G,3,40,63720,63749,29,43
G,4,40,63840,63878,38,55
G,3,40,63960,63995,35,43
G,5,40,64080,64112,32,67
G,3,40,64200,64229,29,43
G,4,40,64320,64358,38,55
F#,3,40,64440,64475,35,42
F#,4,40,64560,64592,32,54
F#,3,40,64680,64709,29,42
F#,4,40,64800,64838,38,54
F#,3,40,64920,64955,35,42
F#,5,40,65040,65072,32,66
E,3,30,72960,76138,3178,40
D,3,50,76190,76466,276,38
E,4,50,76560,76618,58,52
E,3,70,78720,78795,75,40
E,4,70,78840,78903,63,52
E,3,70,78960,79017,57,40
E,3,70,79080,79126,46,40
E,3,30,76800,79978,3178,40
D,3,50,80030,80306,276,38
E,4,50,80400,80458,58,52
E,3,30,80640,83818,3178,40
D,3,50,83870,84146,276,38
E,4,50,84240,84298,58,52
E,3,70,86400,86475,75,40
E,4,70,86520,86583,63,52
E,3,70,86640,86697,57,40
E,3,70,86760,86806,46,40
E,3,30,84480,87658,3178,40
D,3,50,87710,87986,276,38
E,4,50,88080,88138,58,52
E,4,70,88320,88390,70,52
E,5,40,88320,88437,117,64
E,5,40,88320,88462,142,64
D,5,40,88440,88563,123,62
E,6,40,88440,88574,134,76
E,5,40,88560,88638,78,64
E,5,40,88680,88707,27,64
E,4,70,88440,88714,274,52
E,5,40,88560,88790,230,64
D,6,40,88800,88903,103,74
E,5,40,88920,88995,75,64
G,5,40,88800,89025,225,67
E,4,70,88800,89143,343,52
E,5,40,89040,89161,121,64
E,5,40,89040,89168,128,64
D,4,70,89160,89240,80,50
B,5,40,89160,89243,83,71
D,5,40,89160,89269,109,62
E,4,70,89280,89364,84,52
E,5,40,89280,89390,110,64
E,5,40,89280,89394,114,64
G,4,70,89400,89482,82,55
D,6,40,89400,89502,102,74
D,5,40,89400,89513,113,62
E,5,40,89520,89606,86,64
E,4,70,89520,89687,167,52
B,4,40,89520,89719,199,59
E,5,40,89640,89779,139,64
B,5,40,89760,89842,82,71
E,5,40,89880,89995,115,64
D,6,40,90000,90096,96,74
A,4,40,89760,90103,343,57
E,4,70,89760,90107,347,52
E,4,40,89760,90108,348,52
E,5,40,90120,90182,62,64
D,4,70,90120,90190,70,50
E,4,70,90240,90306,66,52
E,5,40,90240,90368,128,64
E,5,40,90240,90380,140,64
E,4,70,90360,90435,75,52
E,6,40,90360,90474,114,76
D,5,40,90360,90496,136,62
E,5,40,90480,90563,83,64
E,5,40,90600,90638,38,64
E,4,70,90480,90651,171,52
E,5,40,90480,90731,251,64
D,6,40,90720,90835,115,74
G,5,40,90720,90951,231,67
E,4,70,90720,91044,324,52
E,5,40,90960,91086,126,64
E,5,40,90840,91088,248,64
E,6,40,91080,91186,106,76
E,4,70,91080,91193,113,52
D,5,40,91080,91203,123,62
E,5,40,91200,91284,84,64
E,5,40,91200,91303,103,64
D,4,70,91200,91326,126,50
D,5,40,91320,91435,115,62
G,4,70,91320,91439,119,55
E,5,40,91320,91452,132,64
G,6,40,91440,91545,105,79
E,4,70,91440,91576,136,52
B,4,40,91440,91639,199,59
E,5,40,91680,91701,21,64
E,6,40,91680,91787,107,76
E,5,40,91800,91914,114,64
D,6,40,91920,92017,97,74
E,5,40,91560,92025,465,64
E,4,70,91680,92045,365,52
A,5,40,91680,92056,376,69
E,5,40,92040,92135,95,64
E,4,70,92160,92230,70,52
E,5,40,92160,92277,117,64
E,5,40,92160,92302,142,64
D,5,40,92280,92403,123,62
E,6,40,92280,92414,134,76
E,5,40,92400,92478,78,64
E,5,40,92520,92547,27,64
E,4,70,92280,92554,274,52
E,5,40,92400,92630,230,64
D,6,40,92640,92743,103,74
E,5,40,92760,92835,75,64
G,5,40,92640,92865,225,67
E,4,70,92640,92983,343,52
E,5,40,92880,93001,121,64
E,5,40,92880,93008,128,64
D,4,70,93000,93080,80,50
B,5,40,93000,93083,83,71
D,5,40,93000,93109,109,62
E,4,70,93120,93204,84,52
E,5,40,93120,93230,110,64
E,5,40,93120,93234,114,64
G,4,70,93240,93322,82,55
D,6,40,93240,93342,102,74
D,5,40,93240,93353,113,62
E,5,40,93360,93446,86,64
E,4,70,93360,93527,167,52
B,4,40,93360,93559,199,59
E,5,40,93480,93619,139,64
B,5,40,93600,93682,82,71
E,5,40,93720,93835,115,64
D,6,40,93840,93936,96,74
A,4,40,93600,93943,343,57
E,4,70,93600,93947,347,52
E,4,40,93600,93948,348,52
E,5,40,93960,94022,62,64
D,4,70,93960,94030,70,50
E,4,70,94080,94146,66,52
E,5,40,94080,94208,128,64
E,5,40,94080,94220,140,64
E,4,70,94200,94275,75,52
E,6,40,94200,94314,114,76
D,5,40,94200,94336,136,62
E,5,40,94320,94403,83,64
E,5,40,94440,94478,38,64
E,4,70,94320,94491,171,52
E,5,40,94320,94571,251,64
D,6,40,94560,94675,115,74
G,5,40,94560,94791,231,67
E,4,70,94560,94884,324,52
E,5,40,94800,94926,126,64
E,5,40,94680,94928,248,64
E,6,40,94920,95026,106,76
E,4,70,94920,95033,113,52
D,5,40,94920,95043,123,62
E,5,40,95040,95124,84,64
E,5,40,95040,95143,103,64
D,4,70,95040,95166,126,50
D,5,40,95160,95275,115,62
G,4,70,95160,95279,119,55
E,5,40,95160,95292,132,64
G,6,40,95280,95385,105,79
E,4,70,95280,95416,136,52
B,4,40,95280,95479,199,59
E,5,40,95520,95541,21,64
E,6,40,95520,95627,107,76
E,5,40,95640,95754,114,64
D,6,40,95760,95857,97,74
E,5,40,95400,95865,465,64
E,4,70,95520,95885,365,52
A,5,40,95520,95896,376,69
E,5,40,95880,95975,95,64
E,4,70,96000,96070,70,52
E,5,40,96000,96117,117,64
E,5,40,96000,96142,142,64
D,5,40,96120,96243,123,62
E,6,40,96120,96254,134,76
E,5,40,96240,96318,78,64
E,5,40,96360,96387,27,64
E,4,70,96120,96394,274,52
E,5,40,96240,96470,230,64
D,6,40,96480,96583,103,74
E,5,40,96600,96675,75,64
G,5,40,96480,96705,225,67
E,4,70,96480,96823,343,52
E,5,40,96720,96841,121,64
E,5,40,96720,96848,128,64
D,4,70,96840,96920,80,50
B,5,40,96840,96923,83,71
D,5,40,96840,96949,109,62
E,4,70,96960,97044,84,52
E,5,40,96960,97070,110,64
E,5,40,96960,97074,114,64
G,4,70,97080,97162,82,55
D,6,40,97080,97182,102,74
D,5,40,97080,97193,113,62
E,5,40,97200,97286,86,64
E,4,70,97200,97367,167,52
B,4,40,97200,97399,199,59
E,5,40,97320,97459,139,64
B,5,40,97440,97522,82,71
E,5,40,97560,97675,115,64
D,6,40,97680,97776,96,74
A,4,40,97440,97783,343,57
E,4,70,97440,97787,347,52
E,4,40,97440,97788,348,52
E,5,40,97800,97862,62,64
D,4,70,97800,97870,70,50
E,4,70,97920,97986,66,52
E,5,40,97920,98048,128,64
E,5,40,97920,98060,140,64
E,4,70,98040,98115,75,52
E,6,40,98040,98154,114,76
D,5,40,98040,98176,136,62
E,5,40,98160,98243,83,64
E,5,40,98280,98318,38,64
E,4,70,98160,98331,171,52
E,5,40,98160,98411,251,64
D,6,40,98400,98515,115,74
G,5,40,98400,98631,231,67
E,4,70,98400,98724,324,52
E,5,40,98640,98766,126,64
E,5,40,98520,98768,248,64
E,6,40,98760,98866,106,76
E,4,70,98760,98873,113,52
D,5,40,98760,98883,123,62
E,5,40,98880,98964,84,64
E,5,40,98880,98983,103,64
D,4,70,98880,99006,126,50
D,5,40,99000,99115,115,62
G,4,70,99000,99119,119,55
E,5,40,99000,99132,132,64
G,6,40,99120,99225,105,79
E,4,70,99120,99256,136,52
B,4,40,99120,99319,199,59
E,5,40,99360,99381,21,64
E,6,40,99360,99467,107,76
E,5,40,99480,99594,114,64
D,6,40,99600,99697,97,74
E,5,40,99240,99705,465,64
E,4,70,99360,99725,365,52
A,5,40,99360,99736,376,69
E,5,40,99720,99815,95,64
E,4,70,99840,99910,70,52
E,5,40,99840,99957,117,64
E,5,40,99840,99982,142,64
D,5,40,99960,100083,123,62
E,6,40,99960,100094,134,76
E,5,40,100080,100158,78,64
E,5,40,100200,100227,27,64
E,4,70,99960,100234,274,52
E,5,40,100080,100310,230,64
D,6,40,100320,100423,103,74
E,5,40,100440,100515,75,64
G,5,40,100320,100545,225,67
E,4,70,100320,100663,343,52
E,5,40,100560,100681,121,64
E,5,40,100560,100688,128,64
D,4,70,100680,100760,80,50
B,5,40,100680,100763,83,71
D,5,40,100680,100789,109,62
E,4,70,100800,100884,84,52
E,5,40,100800,100910,110,64
E,5,40,100800,100914,114,64
G,4,70,100920,101002,82,55
D,6,40,100920,101022,102,74
D,5,40,100920,101033,113,62
E,5,40,101040,101126,86,64
E,4,70,101040,101207,167,52
B,4,40,101040,101239,199,59
E,5,40,101160,101299,139,64
B,5,40,101280,101362,82,71
E,5,40,101400,101515,115,64
D,6,40,101520,101616,96,74
A,4,40,101280,101623,343,57
E,4,70,101280,101627,347,52
E,4,40,101280,101628,348,52
E,5,40,101640,101702,62,64
D,4,70,101640,101710,70,50
E,4,70,101760,101826,66,52
E,5,40,101760,101888,128,64
E,5,40,101760,101900,140,64
E,4,70,101880,101955,75,52
E,6,40,101880,101994,114,76
D,5,40,101880,102016,136,62
E,5,40,102000,102083,83,64
E,5,40,102120,102158,38,64
E,4,70,102000,102171,171,52
E,5,40,102000,102251,251,64
D,6,40,102240,102355,115,74
G,5,40,102240,102471,231,67
E,4,70,102240,102564,324,52
E,5,40,102480,102606,126,64
E,5,40,102360,102608,248,64
E,6,40,102600,102706,106,76
E,4,70,102600,102713,113,52
D,5,40,102600,102723,123,62
E,5,40,102720,102804,84,64
E,5,40,102720,102823,103,64
D,4,70,102720,102846,126,50
D,5,40,102840,102955,115,62
G,4,70,102840,102959,119,55
E,5,40,102840,102972,132,64
G,6,40,102960,103065,105,79
E,4,70,102960,103096,136,52
B,4,40,102960,103159,199,59
E,5,40,103200,103221,21,64
E,6,40,103200,103307,107,76
E,5,40,103320,103434,114,64
D,6,40,103440,103537,97,74
E,5,40,103080,103545,465,64
E,4,70,103200,103565,365,52
A,5,40,103200,103576,376,69
E,5,40,103560,103655,95,64
E,4,70,103680,103750,70,52
E,5,40,103680,103797,117,64
E,5,40,103680,103822,142,64
D,5,40,103800,103923,123,62
E,6,40,103800,103934,134,76
E,5,40,103920,103998,78,64
E,5,40,104040,104067,27,64
E,4,70,103800,104074,274,52
E,5,40,103920,104150,230,64
D,6,40,104160,104263,103,74
E,5,40,104280,104355,75,64
G,5,40,104160,104385,225,67
E,4,70,104160,104503,343,52
E,5,40,104400,104521,121,64
E,5,40,104400,104528,128,64
D,4,70,104520,104600,80,50
B,5,40,104520,104603,83,71
D,5,40,104520,104629,109,62
E,4,70,104640,104724,84,52
E,5,40,104640,104750,110,64
E,5,40,104640,104754,114,64
G,4,70,104760,104842,82,55
D,6,40,104760,104862,102,74
D,5,40,104760,104873,113,62
E,5,40,104880,104966,86,64
E,4,70,104880,105047,167,52
B,4,40,104880,105079,199,59
E,5,40,105000,105139,139,64
B,5,40,105120,105202,82,71
E,5,40,105240,105355,115,64
D,6,40,105360,105456,96,74
A,4,40,105120,105463,343,57
E,4,70,105120,105467,347,52
E,4,40,105120,105468,348,52
E,5,40,105480,105542,62,64
D,4,70,105480,105550,70,50
E,4,70,105600,105666,66,52
E,5,40,105600,105728,128,64
E,5,40,105600,105740,140,64
E,4,70,105720,105795,75,52
E,6,40,105720,105834,114,76
D,5,40,105720,105856,136,62
E,5,40,105840,105923,83,64
E,5,40,105960,105998,38,64
E,4,70,105840,106011,171,52
E,5,40,105840,106091,251,64
D,6,40,106080,106195,115,74
G,5,40,106080,106311,231,67
E,4,70,106080,106404,324,52
E,5,40,106320,106446,126,64
E,5,40,106200,106448,248,64
E,6,40,106440,106546,106,76
E,4,70,106440,106553,113,52
D,5,40,106440,106563,123,62
E,5,40,106560,106644,84,64
E,5,40,106560,106663,103,64
D,4,70,106560,106686,126,50
D,5,40,106680,106795,115,62
G,4,70,106680,106799,119,55
E,5,40,106680,106812,132,64
G,6,40,106800,106905,105,79
E,4,70,106800,106936,136,52
B,4,40,106800,106999,199,59
E,5,40,107040,107061,21,64
E,6,40,107040,107147,107,76
E,5,40,107160,107274,114,64
D,6,40,107280,107377,97,74
E,5,40,106920,107385,465,64
E,4,70,107040,107405,365,52
A,5,40,107040,107416,376,69
E,5,40,107400,107495,95,64
E,4,70,107520,107590,70,52
E,5,40,107520,107637,117,64
E,5,40,107520,107662,142,64
D,5,40,107640,107763,123,62
E,6,40,107640,107774,134,76
E,5,40,107760,107838,78,64
E,5,40,107880,107907,27,64
E,4,70,107640,107914,274,52
E,5,40,107760,107990,230,64
D,6,40,108000,108103,103,74
E,5,40,108120,108195,75,64
G,5,40,108000,108225,225,67
E,4,70,108000,108343,343,52
E,5,40,108240,108361,121,64
E,5,40,108240,108368,128,64
D,4,70,108360,108440,80,50
B,5,40,108360,108443,83,71
D,5,40,108360,108469,109,62
E,4,70,108480,108564,84,52
E,5,40,108480,108590,110,64
E,5,40,108480,108594,114,64
G,4,70,108600,108682,82,55
D,6,40,108600,108702,102,74
D,5,40,108600,108713,113,62
E,5,40,108720,108806,86,64
E,4,70,108720,108887,167,52
B,4,40,108720,108919,199,59
E,5,40,108840,108979,139,64
B,5,40,108960,109042,82,71
E,5,40,109080,109195,115,64
D,6,40,109200,109296,96,74
A,4,40,108960,109303,343,57
E,4,70,108960,109307,347,52
E,4,40,108960,109308,348,52
E,5,40,109320,109382,62,64
D,4,70,109320,109390,70,50
E,4,70,109440,109506,66,52
E,5,40,109440,109568,128,64
E,5,40,109440,109580,140,64
E,4,70,109560,109635,75,52
E,6,40,109560,109674,114,76
D,5,40,109560,109696,136,62
E,5,40,109680,109763,83,64
E,5,40,109800,109838,38,64
E,4,70,109680,109851,171,52
E,5,40,109680,109931,251,64
D,6,40,109920,110035,115,74
G,5,40,109920,110151,231,67
E,4,70,109920,110244,324,52
E,5,40,110160,110286,126,64
E,5,40,110040,110288,248,64
E,6,40,110280,110386,106,76
E,4,70,110280,110393,113,52
D,5,40,110280,110403,123,62
E,5,40,110400,110484,84,64
E,5,40,110400,110503,103,64
D,4,70,110400,110526,126,50
D,5,40,110520,110635,115,62
G,4,70,110520,110639,119,55
E,5,40,110520,110652,132,64
G,6,40,110640,110745,105,79
E,4,70,110640,110776,136,52
B,4,40,110640,110839,199,59
E,5,40,110880,110901,21,64
E,6,40,110880,110987,107,76
E,5,40,111000,111114,114,64
D,6,40,111120,111217,97,74
E,5,40,110760,111225,465,64
E,4,70,110880,111245,365,52
A,5,40,110880,111256,376,69
E,5,40,111240,111335,95,64
E,3,100,111360,114538,3178,40
D,3,50,114590,114866,276,38
E,4,50,114960,115018,58,52
E,3,70,117120,117195,75,40
E,4,70,117240,117303,63,52
E,3,70,117360,117417,57,40
E,3,70,117480,117526,46,40
E,3,100,115200,118378,3178,40
D,3,50,118430,118706,276,38
E,4,50,118800,118858,58,52
E,3,70,120960,121058,98,40
E,4,70,121080,121144,64,52
E,3,70,121200,121253,53,40
E,3,70,121320,121383,63,40
E,3,70,121560,121630,70,40
E,3,100,119040,122218,3178,40
D,3,50,122270,122546,276,38
E,4,50,122640,122698,58,52
A,3,40,122880,122918,38,45
A,4,40,123000,123035,35,57
A,3,40,123120,123152,32,45
A,3,40,123240,123269,29,45
A,5,40,123360,123398,38,69
A,3,40,123480,123515,35,45
A,4,40,123600,123632,32,57
A,3,40,123720,123749,29,45
A,4,40,123840,123878,38,57
A,3,40,123960,123995,35,45
A,4,40,124080,124112,32,57
A,3,40,124200,124229,29,45
A,5,40,124320,124358,38,69
A,3,40,124440,124475,35,45
A,4,40,124560,124592,32,57
A,3,40,124680,124709,29,45
G,3,40,124800,124838,38,43
G,4,40,124920,124955,35,55
G,3,40,125040,125072,32,43
G,3,40,125160,125189,29,43
G,4,40,125280,125318,38,55
G,3,40,125400,125435,35,43
G,5,40,125520,125552,32,67
G,3,40,125640,125669,29,43
G,4,40,125760,125798,38,55
F#,3,40,125880,125915,35,42
F#,4,40,126000,126032,32,54
F#,3,40,126120,126149,29,42
F#,4,40,126240,126278,38,54
F#,3,40,126360,126395,35,42
F#,5,40,126480,126512,32,66
E,3,90,126720,128640,1920,40
A,3,90,128640,129600,960,45
G,3,90,129600,130560,960,43
F,3,90,130560,132480,1920,41
C,4,90,132480,133440,960,48
B,3,90,133440,134400,960,47
E,3,90,134400,136320,1920,40
A,3,90,136320,137280,960,45
G,3,90,137280,138240,960,43
F,3,90,138240,140160,1920,41
C,4,90,140160,141120,960,48
B,3,90,141120,142080,960,47
E,3,90,142080,144000,1920,40
A,3,90,144000,144960,960,45
G,3,90,144960,145920,960,43
F,3,90,145920,147840,1920,41
E,3,100,149760,152938,3178,40
D,3,50,152990,153266,276,38
E,4,50,153360,153418,58,52
E,3,70,155520,155595,75,40
E,4,70,155640,155703,63,52
E,3,70,155760,155817,57,40
E,3,70,155880,155926,46,40
E,3,100,153600,156778,3178,40
D,3,50,156830,157106,276,38
E,4,50,157200,157258,58,52
E,3,70,159360,159458,98,40
E,4,70,159480,159544,64,52
E,3,70,159600,159653,53,40
E,3,70,159720,159783,63,40
E,3,70,159960,160030,70,40
E,3,100,157440,160618,3178,40
D,3,50,160670,160946,276,38
E,4,50,161040,161098,58,52
A,3,40,161280,161318,38,45
A,4,40,161400,161435,35,57
A,3,40,161520,161552,32,45
A,3,40,161640,161669,29,45
A,5,40,161760,161798,38,69
A,3,40,161880,161915,35,45
A,4,40,162000,162032,32,57
A,3,40,162120,162149,29,45
A,4,40,162240,162278,38,57
A,3,40,162360,162395,35,45
A,4,40,162480,162512,32,57
A,3,40,162600,162629,29,45
A,5,40,162720,162758,38,69
A,3,40,162840,162875,35,45
A,4,40,162960,162992,32,57
A,3,40,163080,163109,29,45
G,3,40,163200,163238,38,43
G,4,40,163320,163355,35,55
G,3,40,163440,163472,32,43
G,3,40,163560,163589,29,43
G,4,40,163680,163718,38,55
G,3,40,163800,163835,35,43
G,5,40,163920,163952,32,67
G,3,40,164040,164069,29,43
G,4,40,164160,164198,38,55
F#,3,40,164280,164315,35,42
F#,4,40,164400,164432,32,54
F#,3,40,164520,164549,29,42
F#,4,40,164640,164678,38,54
F#,3,40,164760,164795,35,42
F#,5,40,164880,164912,32,66
E,3,90,165120,167040,1920,40
A,3,90,167040,168000,960,45
G,3,90,168000,168960,960,43
F,3,90,168960,170880,1920,41
C,4,90,170880,171840,960,48
B,3,90,171840,172800,960,47
E,3,90,172800,174720,1920,40
A,3,90,174720,175680,960,45
G,3,90,175680,176640,960,43
F,3,90,176640,178560,1920,41
C,4,90,178560,179520,960,48
B,3,90,179520,180480,960,47
E,3,90,180480,182400,1920,40
A,3,90,182400,183360,960,45
G,3,90,183360,184320,960,43
F,3,90,184320,186240,1920,41
C,4,90,186240,187200,960,48
B,3,90,187200,188160,960,47
E,3,90,188160,190080,1920,40
A,3,90,190080,191040,960,45
G,3,90,191040,192000,960,43
F,3,90,192000,193920,1920,41
C,4,90,193920,194880,960,48
B,3,90,194880,195840,960,47
E,3,90,195840,197760,1920,40
E,3,90,197760,199680,1920,40
E,3,90,199680,200030,350,40
A,4,116,34343,35782,1439,57
G,4,124,35760,36031,271,55
E,4,124,36000,37263,1263,52
A,4,116,38183,39622,1439,57
G,4,124,39600,39871,271,55
E,4,124,39840,41103,1263,52
A,4,116,95783,97222,1439,57
G,4,124,97200,97471,271,55
E,4,124,97440,98703,1263,52
A,4,116,101543,102982,1439,57
G,4,124,102960,103231,271,55
E,4,124,103200,104463,1263,52
E,3,127,18720,18951,231,40
B,2,127,19200,19380,180,35
B,2,127,19440,19580,140,35
E,3,127,19680,19868,188,40
B,2,127,20160,20315,155,35
B,2,127,20400,20517,117,35
E,3,127,20640,20800,160,40
B,2,127,21000,21051,51,35
B,2,127,21120,21211,91,35
B,2,127,21360,21466,106,35
E,3,127,21600,21735,135,40
B,2,127,22080,22178,98,35
B,2,127,22320,22430,110,35
E,3,127,22560,22746,186,40
B,2,127,22920,22966,46,35
B,2,127,23040,23220,180,35
B,2,127,23280,23420,140,35
E,3,127,23520,23708,188,40
B,2,127,24000,24155,155,35
B,2,127,24240,24357,117,35
E,3,127,24480,24640,160,40
B,2,127,24840,24891,51,35
B,2,127,24960,25051,91,35
B,2,127,25200,25306,106,35
E,3,127,25440,25575,135,40
B,2,127,25920,26018,98,35
B,2,127,26160,26270,110,35
E,3,127,26400,26586,186,40
B,2,127,26760,26806,46,35
B,2,127,26880,27060,180,35
B,2,127,27120,27260,140,35
E,3,127,27360,27548,188,40
B,2,127,27840,27995,155,35
B,2,127,28080,28197,117,35
E,3,127,28320,28480,160,40
B,2,127,28680,28731,51,35
B,2,127,28800,28891,91,35
B,2,127,29040,29146,106,35
E,3,127,29280,29415,135,40
B,2,127,29760,29858,98,35
B,2,127,30000,30110,110,35
E,3,127,30240,30426,186,40
B,2,127,30600,30646,46,35
B,2,127,30720,30900,180,35
B,2,127,30960,31100,140,35
E,3,127,31200,31388,188,40
B,2,127,31680,31835,155,35
B,2,127,31920,32037,117,35
E,3,127,32160,32320,160,40
B,2,127,32520,32571,51,35
B,2,127,32640,32731,91,35
B,2,127,32880,32986,106,35
E,3,127,33120,33255,135,40
B,2,127,33600,33698,98,35
B,2,127,33840,33950,110,35
E,3,127,34080,34266,186,40
B,2,127,34440,34486,46,35
B,2,127,34560,34740,180,35
B,2,127,34800,34940,140,35
E,3,127,35040,35228,188,40
B,2,127,35520,35675,155,35
B,2,127,35760,35877,117,35
E,3,127,36000,36160,160,40
B,2,127,36360,36411,51,35
B,2,127,36480,36571,91,35
B,2,127,36720,36826,106,35
E,3,127,36960,37095,135,40
B,2,127,37440,37538,98,35
B,2,127,37680,37790,110,35
E,3,127,37920,38106,186,40
B,2,127,38280,38326,46,35
B,2,127,38400,38580,180,35
B,2,127,38640,38780,140,35
E,3,127,38880,39068,188,40
B,2,127,39360,39515,155,35
B,2,127,39600,39717,117,35
E,3,127,39840,40000,160,40
B,2,127,40200,40251,51,35
B,2,127,40320,40411,91,35
B,2,127,40560,40666,106,35
E,3,127,40800,40935,135,40
B,2,127,41280,41378,98,35
B,2,127,41520,41630,110,35
E,3,127,41760,41946,186,40
B,2,127,42120,42166,46,35
B,2,127,42240,42420,180,35
B,2,127,42480,42620,140,35
E,3,127,42720,42908,188,40
B,2,127,43200,43355,155,35
B,2,127,43440,43557,117,35
E,3,127,43680,43840,160,40
B,2,127,44040,44091,51,35
B,2,127,44160,44251,91,35
B,2,127,44400,44506,106,35
E,3,127,44640,44775,135,40
B,2,127,45120,45218,98,35
B,2,127,45360,45470,110,35
E,3,127,45600,45786,186,40
B,2,127,45960,46006,46,35
B,2,127,46080,46260,180,35
B,2,127,46320,46460,140,35
E,3,127,46560,46748,188,40
B,2,127,47040,47195,155,35
B,2,127,47280,47397,117,35
E,3,127,47520,47680,160,40
B,2,127,47880,47931,51,35
B,2,127,48000,48091,91,35
B,2,127,48240,48346,106,35
E,3,127,48480,48615,135,40
B,2,127,48960,49058,98,35
B,2,127,49200,49310,110,35
E,3,127,49440,49626,186,40
B,2,127,49800,49846,46,35
B,2,127,49920,50100,180,35
B,2,127,50160,50300,140,35
E,3,127,50400,50588,188,40
B,2,127,50880,51035,155,35
B,2,127,51120,51237,117,35
E,3,127,51360,51520,160,40
B,2,127,51720,51771,51,35
B,2,127,51840,51931,91,35
B,2,127,52080,52186,106,35
E,3,127,52320,52455,135,40
B,2,127,52800,52898,98,35
B,2,127,53040,53150,110,35
E,3,127,53280,53466,186,40
B,2,127,53640,53686,46,35
B,2,127,53760,53940,180,35
B,2,127,54000,54140,140,35
E,3,127,54240,54428,188,40
B,2,127,54720,54875,155,35
B,2,127,54960,55077,117,35
E,3,127,55200,55360,160,40
B,2,127,55560,55611,51,35
B,2,127,55680,55771,91,35
B,2,127,55920,56026,106,35
E,3,127,56160,56295,135,40
B,2,127,56640,56738,98,35
B,2,127,56880,56990,110,35
E,3,127,57120,57306,186,40
B,2,127,57480,57526,46,35
B,2,127,57600,57780,180,35
B,2,127,57840,57980,140,35
E,3,127,58080,58268,188,40
B,2,127,58560,58715,155,35
B,2,127,58800,58917,117,35
E,3,127,59040,59200,160,40
B,2,127,59400,59451,51,35
B,2,127,59520,59611,91,35
B,2,127,59760,59866,106,35
E,3,127,60000,60135,135,40
B,2,127,60480,60578,98,35
B,2,127,60720,60830,110,35
E,3,127,60960,61146,186,40
B,2,127,61320,61366,46,35
B,2,127,61440,61620,180,35
B,2,127,61680,61820,140,35
E,3,127,61920,62108,188,40
B,2,127,62400,62555,155,35
B,2,127,62640,62757,117,35
E,3,127,62880,63040,160,40
B,2,127,63240,63291,51,35
B,2,127,63360,63451,91,35
B,2,127,63600,63706,106,35
E,3,127,63840,63975,135,40
B,2,127,64320,64418,98,35
B,2,127,64560,64670,110,35
E,3,127,64800,64986,186,40
B,2,127,65160,65206,46,35
B,2,127,65280,65460,180,35
B,2,127,65520,65660,140,35
E,3,127,65760,65948,188,40
B,2,127,66240,66395,155,35
B,2,127,66480,66597,117,35
E,3,127,66720,66880,160,40
B,2,127,67080,67131,51,35
B,2,127,67200,67291,91,35
B,2,127,67440,67546,106,35
E,3,127,67680,67815,135,40
B,2,127,68160,68258,98,35
B,2,127,68400,68510,110,35
E,3,127,68640,68826,186,40
B,2,127,69000,69046,46,35
B,2,127,69120,69300,180,35
B,2,127,69360,69500,140,35
E,3,127,69600,69788,188,40
B,2,127,70080,70235,155,35
B,2,127,70320,70437,117,35
E,3,127,70560,70720,160,40
B,2,127,70920,70971,51,35
B,2,127,71040,71131,91,35
B,2,127,71280,71386,106,35
E,3,127,71520,71655,135,40
B,2,127,72000,72098,98,35
B,2,127,72240,72350,110,35
E,3,127,72480,72666,186,40
B,2,127,72840,72886,46,35
B,2,127,72960,73140,180,35
B,2,127,73200,73340,140,35
E,3,127,73440,73628,188,40
B,2,127,73920,74075,155,35
B,2,127,74160,74277,117,35
E,3,127,74400,74560,160,40
B,2,127,74760,74811,51,35
B,2,127,74880,74971,91,35
B,2,127,75120,75226,106,35
E,3,127,75360,75495,135,40
B,2,127,75840,75938,98,35
B,2,127,76080,76190,110,35
E,3,127,76320,76506,186,40
B,2,127,76680,76726,46,35
B,2,127,76800,76980,180,35
B,2,127,77040,77180,140,35
E,3,127,77280,77468,188,40
B,2,127,77760,77915,155,35
B,2,127,78000,78117,117,35
E,3,127,78240,78400,160,40
B,2,127,78600,78651,51,35
B,2,127,78720,78811,91,35
B,2,127,78960,79066,106,35
E,3,127,79200,79335,135,40
B,2,127,79680,79778,98,35
B,2,127,79920,80030,110,35
E,3,127,80160,80346,186,40
B,2,127,80520,80566,46,35
B,2,127,80640,80820,180,35
B,2,127,80880,81020,140,35
E,3,127,81120,81308,188,40
B,2,127,81600,81755,155,35
B,2,127,81840,81957,117,35
E,3,127,82080,82240,160,40
B,2,127,82440,82491,51,35
B,2,127,82560,82651,91,35
B,2,127,82800,82906,106,35
E,3,127,83040,83175,135,40
B,2,127,83520,83618,98,35
B,2,127,83760,83870,110,35
E,3,127,84000,84186,186,40
B,2,127,84360,84406,46,35
B,2,127,84480,84660,180,35
B,2,127,84720,84860,140,35
E,3,127,84960,85148,188,40
B,2,127,85440,85595,155,35
B,2,127,85680,85797,117,35
E,3,127,85920,86080,160,40
B,2,127,86280,86331,51,35
B,2,127,86400,86491,91,35
B,2,127,86640,86746,106,35
E,3,127,86880,87015,135,40
B,2,127,87360,87458,98,35
B,2,127,87600,87710,110,35
E,3,127,87840,88026,186,40
B,2,127,88200,88246,46,35
B,2,127,88320,88500,180,35
B,2,127,88560,88700,140,35
E,3,127,88800,88988,188,40
B,2,127,89280,89435,155,35
B,2,127,89520,89637,117,35
E,3,127,89760,89920,160,40
B,2,127,90120,90171,51,35
B,2,127,90240,90331,91,35
B,2,127,90480,90586,106,35
E,3,127,90720,90855,135,40
B,2,127,91200,91298,98,35
B,2,127,91440,91550,110,35
E,3,127,91680,91866,186,40
B,2,127,92040,92086,46,35
B,2,127,92160,92340,180,35
B,2,127,92400,92540,140,35
E,3,127,92640,92828,188,40
B,2,127,93120,93275,155,35
B,2,127,93360,93477,117,35
E,3,127,93600,93760,160,40
B,2,127,93960,94011,51,35
B,2,127,94080,94171,91,35
B,2,127,94320,94426,106,35
E,3,127,94560,94695,135,40
B,2,127,95040,95138,98,35
B,2,127,95280,95390,110,35
E,3,127,95520,95706,186,40
B,2,127,95880,95926,46,35
B,2,127,96000,96180,180,35
B,2,127,96240,96380,140,35
E,3,127,96480,96668,188,40
B,2,127,96960,97115,155,35
B,2,127,97200,97317,117,35
E,3,127,97440,97600,160,40
B,2,127,97800,97851,51,35
B,2,127,97920,98011,91,35
B,2,127,98160,98266,106,35
E,3,127,98400,98535,135,40
B,2,127,98880,98978,98,35
B,2,127,99120,99230,110,35
E,3,127,99360,99546,186,40
B,2,127,99720,99766,46,35
B,2,127,99840,100020,180,35
B,2,127,100080,100220,140,35
E,3,127,100320,100508,188,40
B,2,127,100800,100955,155,35
B,2,127,101040,101157,117,35
E,3,127,101280,101440,160,40
B,2,127,101640,101691,51,35
B,2,127,101760,101851,91,35
B,2,127,102000,102106,106,35
E,3,127,102240,102375,135,40
B,2,127,102720,102818,98,35
B,2,127,102960,103070,110,35
E,3,127,103200,103386,186,40
B,2,127,103560,103606,46,35
B,2,127,103680,103860,180,35
B,2,127,103920,104060,140,35
E,3,127,104160,104348,188,40
B,2,127,104640,104795,155,35
B,2,127,104880,104997,117,35
E,3,127,105120,105280,160,40
B,2,127,105480,105531,51,35
B,2,127,105600,105691,91,35
B,2,127,105840,105946,106,35
E,3,127,106080,106215,135,40
B,2,127,106560,106658,98,35
B,2,127,106800,106910,110,35
E,3,127,107040,107226,186,40
B,2,127,107400,107446,46,35
B,2,127,107520,107700,180,35
B,2,127,107760,107900,140,35
E,3,127,108000,108188,188,40
B,2,127,108480,108635,155,35
B,2,127,108720,108837,117,35
E,3,127,108960,109120,160,40
B,2,127,109320,109371,51,35
B,2,127,109440,109531,91,35
B,2,127,109680,109786,106,35
E,3,127,109920,110055,135,40
B,2,127,110400,110498,98,35
B,2,127,110640,110750,110,35
E,3,127,110880,111066,186,40
B,2,127,111240,111286,46,35
B,2,127,111360,111540,180,35
B,2,127,111600,111740,140,35
E,3,127,111840,112028,188,40
B,2,127,112320,112475,155,35
B,2,127,112560,112677,117,35
E,3,127,112800,112960,160,40
B,2,127,113160,113211,51,35
B,2,127,113280,113371,91,35
B,2,127,113520,113626,106,35
E,3,127,113760,113895,135,40
B,2,127,114240,114338,98,35
B,2,127,114480,114590,110,35
E,3,127,114720,114906,186,40
B,2,127,115080,115126,46,35
B,2,127,115200,115380,180,35
B,2,127,115440,115580,140,35
E,3,127,115680,115868,188,40
B,2,127,116160,116315,155,35
B,2,127,116400,116517,117,35
E,3,127,116640,116800,160,40
B,2,127,117000,117051,51,35
B,2,127,117120,117211,91,35
B,2,127,117360,117466,106,35
E,3,127,117600,117735,135,40
B,2,127,118080,118178,98,35
B,2,127,118320,118430,110,35
E,3,127,118560,118746,186,40
B,2,127,118920,118966,46,35
B,2,127,119040,119220,180,35
B,2,127,119280,119420,140,35
E,3,127,119520,119708,188,40
B,2,127,120000,120155,155,35
B,2,127,120240,120357,117,35
E,3,127,120480,120640,160,40
B,2,127,120840,120891,51,35
B,2,127,120960,121051,91,35
B,2,127,121200,121306,106,35
E,3,127,121440,121575,135,40
B,2,127,121920,122018,98,35
B,2,127,122160,122270,110,35
E,3,127,122400,122586,186,40
B,2,127,122760,122806,46,35
B,2,127,122880,123060,180,35
B,2,127,123120,123260,140,35
E,3,127,123360,123548,188,40
B,2,127,123840,123995,155,35
B,2,127,124080,124197,117,35
E,3,127,124320,124480,160,40
B,2,127,124680,124731,51,35
B,2,127,124800,124891,91,35
B,2,127,125040,125146,106,35
E,3,127,125280,125415,135,40
B,2,127,125760,125858,98,35
B,2,127,126000,126110,110,35
E,3,127,126240,126426,186,40
B,2,127,126600,126646,46,35
B,2,127,126720,126900,180,35
B,2,127,126960,127100,140,35
E,3,127,127200,127388,188,40
B,2,127,127680,127835,155,35
B,2,127,127920,128037,117,35
E,3,127,128160,128320,160,40
B,2,127,128520,128571,51,35
B,2,127,128640,128731,91,35
B,2,127,128880,128986,106,35
E,3,127,129120,129255,135,40
B,2,127,129600,129698,98,35
B,2,127,129840,129950,110,35
E,3,127,130080,130266,186,40
B,2,127,130440,130486,46,35
B,2,127,130560,130740,180,35
B,2,127,130800,130940,140,35
E,3,127,131040,131228,188,40
B,2,127,131520,131675,155,35
B,2,127,131760,131877,117,35
E,3,127,132000,132160,160,40
B,2,127,132360,132411,51,35
B,2,127,132480,132571,91,35
B,2,127,132720,132826,106,35
E,3,127,132960,133095,135,40
B,2,127,133440,133538,98,35
B,2,127,133680,133790,110,35
E,3,127,133920,134106,186,40
B,2,127,134280,134326,46,35
B,2,127,134400,134580,180,35
B,2,127,134640,134780,140,35
E,3,127,134880,135068,188,40
B,2,127,135360,135515,155,35
B,2,127,135600,135717,117,35
E,3,127,135840,136000,160,40
B,2,127,136200,136251,51,35
B,2,127,136320,136411,91,35
B,2,127,136560,136666,106,35
E,3,127,136800,136935,135,40
B,2,127,137280,137378,98,35
B,2,127,137520,137630,110,35
E,3,127,137760,137946,186,40
B,2,127,138120,138166,46,35
B,2,127,138240,138420,180,35
B,2,127,138480,138620,140,35
E,3,127,138720,138908,188,40
B,2,127,139200,139355,155,35
B,2,127,139440,139557,117,35
E,3,127,139680,139840,160,40
B,2,127,140040,140091,51,35
B,2,127,140160,140251,91,35
B,2,127,140400,140506,106,35
E,3,127,140640,140775,135,40
B,2,127,141120,141218,98,35
B,2,127,141360,141470,110,35
E,3,127,141600,141786,186,40
B,2,127,141960,142006,46,35
B,2,127,142080,142260,180,35
B,2,127,142320,142460,140,35
E,3,127,142560,142748,188,40
B,2,127,143040,143195,155,35
B,2,127,143280,143397,117,35
E,3,127,143520,143680,160,40
B,2,127,143880,143931,51,35
B,2,127,144000,144091,91,35
B,2,127,144240,144346,106,35
E,3,127,144480,144615,135,40
B,2,127,144960,145058,98,35
B,2,127,145200,145310,110,35
E,3,127,145440,145626,186,40
B,2,127,145800,145846,46,35
B,2,127,145920,146100,180,35
B,2,127,146160,146300,140,35
E,3,127,146400,146588,188,40
B,2,127,146880,147035,155,35
B,2,127,147120,147237,117,35
E,3,127,147360,147520,160,40
B,2,127,147720,147771,51,35
B,2,110,147840,148257,417,35
E,3,110,149160,149221,61,40
E,3,110,149280,149481,201,40
E,3,110,149520,149592,72,40
E,3,110,149640,149737,97,40
B,2,127,149760,149940,180,35
B,2,127,150000,150140,140,35
E,3,127,150240,150428,188,40
B,2,127,150720,150875,155,35
B,2,127,150960,151077,117,35
E,3,127,151200,151360,160,40
B,2,127,151560,151611,51,35
B,2,127,151680,151771,91,35
B,2,127,151920,152026,106,35
E,3,127,152160,152295,135,40
B,2,127,152640,152738,98,35
B,2,127,152880,152990,110,35
E,3,127,153120,153306,186,40
B,2,127,153480,153526,46,35
B,2,127,153600,153780,180,35
B,2,127,153840,153980,140,35
E,3,127,154080,154268,188,40
B,2,127,154560,154715,155,35
B,2,127,154800,154917,117,35
E,3,127,155040,155200,160,40
B,2,127,155400,155451,51,35
B,2,127,155520,155611,91,35
B,2,127,155760,155866,106,35
E,3,127,156000,156135,135,40
B,2,127,156480,156578,98,35
B,2,127,156720,156830,110,35
E,3,127,156960,157146,186,40
B,2,127,157320,157366,46,35
B,2,127,157440,157620,180,35
B,2,127,157680,157820,140,35
E,3,127,157920,158108,188,40
B,2,127,158400,158555,155,35
B,2,127,158640,158757,117,35
E,3,127,158880,159040,160,40
B,2,127,159240,159291,51,35
B,2,127,159360,159451,91,35
B,2,127,159600,159706,106,35
E,3,127,159840,159975,135,40
B,2,127,160320,160418,98,35
B,2,127,160560,160670,110,35
E,3,127,160800,160986,186,40
B,2,127,161160,161206,46,35
B,2,127,161280,161460,180,35
B,2,127,161520,161660,140,35
E,3,127,161760,161948,188,40
B,2,127,162240,162395,155,35
B,2,127,162480,162597,117,35
E,3,127,162720,162880,160,40
B,2,127,163080,163131,51,35
B,2,127,163200,163291,91,35
B,2,127,163440,163546,106,35
E,3,127,163680,163815,135,40
B,2,127,164160,164258,98,35
B,2,127,164400,164510,110,35
E,3,127,164640,164826,186,40
B,2,127,165000,165046,46,35
B,2,127,165120,165300,180,35
B,2,127,165360,165500,140,35
E,3,127,165600,165788,188,40
B,2,127,166080,166235,155,35
B,2,127,166320,166437,117,35
E,3,127,166560,166720,160,40
B,2,127,166920,166971,51,35
B,2,127,167040,167131,91,35
B,2,127,167280,167386,106,35
E,3,127,167520,167655,135,40
B,2,127,168000,168098,98,35
B,2,127,168240,168350,110,35
E,3,127,168480,168666,186,40
B,2,127,168840,168886,46,35
B,2,127,168960,169140,180,35
B,2,127,169200,169340,140,35
E,3,127,169440,169628,188,40
B,2,127,169920,170075,155,35
B,2,127,170160,170277,117,35
E,3,127,170400,170560,160,40
B,2,127,170760,170811,51,35
B,2,127,170880,170971,91,35
B,2,127,171120,171226,106,35
E,3,127,171360,171495,135,40
B,2,127,171840,171938,98,35
B,2,127,172080,172190,110,35
E,3,127,172320,172506,186,40
B,2,127,172680,172726,46,35
B,2,127,172800,172980,180,35
B,2,127,173040,173180,140,35
E,3,127,173280,173468,188,40
B,2,127,173760,173915,155,35
B,2,127,174000,174117,117,35
E,3,127,174240,174400,160,40
B,2,127,174600,174651,51,35
B,2,127,174720,174811,91,35
B,2,127,174960,175066,106,35
E,3,127,175200,175335,135,40
B,2,127,175680,175778,98,35
B,2,127,175920,176030,110,35
E,3,127,176160,176346,186,40
B,2,127,176520,176566,46,35
B,2,127,176640,176820,180,35
B,2,127,176880,177020,140,35
E,3,127,177120,177308,188,40
B,2,127,177600,177755,155,35
B,2,127,177840,177957,117,35
E,3,127,178080,178240,160,40
B,2,127,178440,178491,51,35
B,2,127,178560,178651,91,35
B,2,127,178800,178906,106,35
E,3,127,179040,179175,135,40
B,2,127,179520,179618,98,35
B,2,127,179760,179870,110,35
E,3,127,180000,180186,186,40
B,2,127,180360,180406,46,35
B,2,127,180480,180660,180,35
B,2,127,180720,180860,140,35
E,3,127,180960,181148,188,40
B,2,127,181440,181595,155,35
B,2,127,181680,181797,117,35
E,3,127,181920,182080,160,40
B,2,127,182280,182331,51,35
B,2,127,182400,182491,91,35
B,2,127,182640,182746,106,35
E,3,127,182880,183015,135,40
B,2,127,183360,183458,98,35
B,2,127,183600,183710,110,35
E,3,127,183840,184026,186,40
B,2,127,184200,184246,46,35
B,2,127,184320,184500,180,35
B,2,127,184560,184700,140,35
E,3,127,184800,184988,188,40
B,2,127,185280,185435,155,35
B,2,127,185520,185637,117,35
E,3,127,185760,185920,160,40
B,2,127,186120,186171,51,35
B,2,127,186240,186331,91,35
B,2,127,186480,186586,106,35
E,3,127,186720,186855,135,40
B,2,127,187200,187298,98,35
B,2,127,187440,187550,110,35
E,3,127,187680,187866,186,40
B,2,127,188040,188086,46,35
B,2,127,188160,188340,180,35
B,2,127,188400,188540,140,35
E,3,127,188640,188828,188,40
B,2,127,189120,189275,155,35
B,2,127,189360,189477,117,35
E,3,127,189600,189760,160,40
B,2,127,189960,190011,51,35
B,2,127,190080,190171,91,35
B,2,127,190320,190426,106,35
E,3,127,190560,190695,135,40
B,2,127,191040,191138,98,35
B,2,127,191280,191390,110,35
E,3,127,191520,191706,186,40
B,2,127,191880,191926,46,35
B,2,127,192000,192180,180,35
B,2,127,192240,192380,140,35
E,3,127,192480,192668,188,40
B,2,127,192960,193115,155,35
B,2,127,193200,193317,117,35
E,3,127,193440,193600,160,40
B,2,127,193800,193851,51,35
B,2,127,193920,194011,91,35
B,2,127,194160,194266,106,35
E,3,127,194400,194535,135,40
B,2,127,194880,194978,98,35
B,2,127,195120,195230,110,35
E,3,127,195360,195546,186,40
B,2,127,195720,195766,46,35
B,2,127,195840,196020,180,35
B,2,127,196080,196220,140,35
E,3,127,196320,196508,188,40
B,2,127,196800,196955,155,35
B,2,127,197040,197157,117,35
E,3,127,197280,197440,160,40
B,2,127,197640,197691,51,35
B,2,127,197760,197940,180,35
B,2,127,198000,198140,140,35
E,3,127,198240,198428,188,40
B,2,127,198720,198875,155,35
B,2,127,198960,199077,117,35
E,3,127,199200,199360,160,40
B,2,127,199560,199611,51,35
B,2,127,199680,199860,180,35
E,3,127,199680,199868,188,40
F#,3,120,19200,19251,51,42
F#,3,50,19320,19371,51,42
F#,3,120,19440,19485,45,42
F#,3,50,19560,19605,45,42
F#,3,120,19680,19731,51,42
F#,3,50,19800,19851,51,42
F#,3,120,19920,19965,45,42
F#,3,50,20040,20085,45,42
F#,3,120,20160,20211,51,42
F#,3,50,20280,20331,51,42
F#,3,120,20400,20445,45,42
F#,3,50,20520,20565,45,42
F#,3,120,20640,20691,51,42
F#,3,50,20760,20811,51,42
F#,3,120,20880,20925,45,42
F#,3,50,21000,21045,45,42
F#,3,120,21120,21171,51,42
F#,3,50,21240,21291,51,42
F#,3,120,21360,21405,45,42
F#,3,50,21480,21525,45,42
F#,3,120,21600,21651,51,42
F#,3,50,21720,21771,51,42
F#,3,120,21840,21885,45,42
F#,3,50,21960,22005,45,42
F#,3,120,22080,22131,51,42
F#,3,50,22200,22251,51,42
F#,3,120,22320,22365,45,42
F#,3,50,22440,22485,45,42
F#,3,120,22560,22611,51,42
F#,3,50,22680,22731,51,42
F#,3,120,22800,22845,45,42
F#,3,50,22920,22965,45,42
F#,3,120,23040,23091,51,42
F#,3,50,23160,23211,51,42
F#,3,120,23280,23325,45,42
F#,3,50,23400,23445,45,42
F#,3,120,23520,23571,51,42
F#,3,50,23640,23691,51,42
F#,3,120,23760,23805,45,42
F#,3,50,23880,23925,45,42
F#,3,120,24000,24051,51,42
F#,3,50,24120,24171,51,42
F#,3,120,24240,24285,45,42
F#,3,50,24360,24405,45,42
F#,3,120,24480,24531,51,42
F#,3,50,24600,24651,51,42
F#,3,120,24720,24765,45,42
F#,3,50,24840,24885,45,42
F#,3,120,24960,25011,51,42
F#,3,50,25080,25131,51,42
F#,3,120,25200,25245,45,42
F#,3,50,25320,25365,45,42
F#,3,120,25440,25491,51,42
F#,3,50,25560,25611,51,42
F#,3,120,25680,25725,45,42
F#,3,50,25800,25845,45,42
F#,3,120,25920,25971,51,42
F#,3,50,26040,26091,51,42
F#,3,120,26160,26205,45,42
F#,3,50,26280,26325,45,42
F#,3,120,26400,26451,51,42
F#,3,50,26520,26571,51,42
F#,3,120,26640,26685,45,42
F#,3,50,26760,26805,45,42
F#,3,120,26880,26931,51,42
F#,3,50,27000,27051,51,42
F#,3,120,27120,27165,45,42
F#,3,50,27240,27285,45,42
F#,3,120,27360,27411,51,42
F#,3,50,27480,27531,51,42
F#,3,120,27600,27645,45,42
F#,3,50,27720,27765,45,42
F#,3,120,27840,27891,51,42
F#,3,50,27960,28011,51,42
F#,3,120,28080,28125,45,42
F#,3,50,28200,28245,45,42
F#,3,120,28320,28371,51,42
F#,3,50,28440,28491,51,42
F#,3,120,28560,28605,45,42
F#,3,50,28680,28725,45,42
F#,3,120,28800,28851,51,42
F#,3,50,28920,28971,51,42
F#,3,120,29040,29085,45,42
F#,3,50,29160,29205,45,42
F#,3,120,29280,29331,51,42
F#,3,50,29400,29451,51,42
F#,3,120,29520,29565,45,42
F#,3,50,29640,29685,45,42
F#,3,120,29760,29811,51,42
F#,3,50,29880,29931,51,42
F#,3,120,30000,30045,45,42
F#,3,50,30120,30165,45,42
F#,3,120,30240,30291,51,42
F#,3,50,30360,30411,51,42
F#,3,120,30480,30525,45,42
F#,3,50,30600,30645,45,42
F#,3,120,30720,30771,51,42
F#,3,50,30840,30891,51,42
F#,3,120,30960,31005,45,42
F#,3,50,31080,31125,45,42
F#,3,120,31200,31251,51,42
F#,3,50,31320,31371,51,42
F#,3,120,31440,31485,45,42
F#,3,50,31560,31605,45,42
F#,3,120,31680,31731,51,42
F#,3,50,31800,31851,51,42
F#,3,120,31920,31965,45,42
F#,3,50,32040,32085,45,42
F#,3,120,32160,32211,51,42
F#,3,50,32280,32331,51,42
F#,3,120,32400,32445,45,42
F#,3,50,32520,32565,45,42
F#,3,120,32640,32691,51,42
F#,3,50,32760,32811,51,42
F#,3,120,32880,32925,45,42
F#,3,50,33000,33045,45,42
F#,3,120,33120,33171,51,42
F#,3,50,33240,33291,51,42
F#,3,120,33360,33405,45,42
F#,3,50,33480,33525,45,42
F#,3,120,33600,33651,51,42
F#,3,50,33720,33771,51,42
F#,3,120,33840,33885,45,42
F#,3,50,33960,34005,45,42
F#,3,120,34080,34131,51,42
F#,3,50,34200,34251,51,42
F#,3,120,34320,34365,45,42
F#,3,50,34440,34485,45,42
F#,3,120,34560,34611,51,42
F#,3,50,34680,34731,51,42
F#,3,120,34800,34845,45,42
F#,3,50,34920,34965,45,42
F#,3,120,35040,35091,51,42
F#,3,50,35160,35211,51,42
F#,3,120,35280,35325,45,42
F#,3,50,35400,35445,45,42
F#,3,120,35520,35571,51,42
F#,3,50,35640,35691,51,42
F#,3,120,35760,35805,45,42
F#,3,50,35880,35925,45,42
F#,3,120,36000,36051,51,42
F#,3,50,36120,36171,51,42
F#,3,120,36240,36285,45,42
F#,3,50,36360,36405,45,42
F#,3,120,36480,36531,51,42
F#,3,50,36600,36651,51,42
F#,3,120,36720,36765,45,42
F#,3,50,36840,36885,45,42
F#,3,120,36960,37011,51,42
F#,3,50,37080,37131,51,42
F#,3,120,37200,37245,45,42
F#,3,50,37320,37365,45,42
F#,3,120,37440,37491,51,42
F#,3,50,37560,37611,51,42
F#,3,120,37680,37725,45,42
F#,3,50,37800,37845,45,42
F#,3,120,37920,37971,51,42
F#,3,50,38040,38091,51,42
F#,3,120,38160,38205,45,42
F#,3,50,38280,38325,45,42
F#,3,120,38400,38451,51,42
F#,3,50,38520,38571,51,42
F#,3,120,38640,38685,45,42
F#,3,50,38760,38805,45,42
F#,3,120,38880,38931,51,42
F#,3,50,39000,39051,51,42
F#,3,120,39120,39165,45,42
F#,3,50,39240,39285,45,42
F#,3,120,39360,39411,51,42
F#,3,50,39480,39531,51,42
F#,3,120,39600,39645,45,42
F#,3,50,39720,39765,45,42
F#,3,120,39840,39891,51,42
F#,3,50,39960,40011,51,42
F#,3,120,40080,40125,45,42
F#,3,50,40200,40245,45,42
F#,3,120,40320,40371,51,42
F#,3,50,40440,40491,51,42
F#,3,120,40560,40605,45,42
F#,3,50,40680,40725,45,42
F#,3,120,40800,40851,51,42
F#,3,50,40920,40971,51,42
F#,3,120,41040,41085,45,42
F#,3,50,41160,41205,45,42
F#,3,120,41280,41331,51,42
F#,3,50,41400,41451,51,42
F#,3,120,41520,41565,45,42
F#,3,50,41640,41685,45,42
F#,3,120,41760,41811,51,42
F#,3,50,41880,41931,51,42
F#,3,120,42000,42045,45,42
F#,3,50,42120,42165,45,42
F#,3,120,42240,42291,51,42
F#,3,50,42360,42411,51,42
F#,3,120,42480,42525,45,42
F#,3,50,42600,42645,45,42
F#,3,120,42720,42771,51,42
F#,3,50,42840,42891,51,42
F#,3,120,42960,43005,45,42
F#,3,50,43080,43125,45,42
F#,3,120,43200,43251,51,42
F#,3,50,43320,43371,51,42
F#,3,120,43440,43485,45,42
F#,3,50,43560,43605,45,42
F#,3,120,43680,43731,51,42
F#,3,50,43800,43851,51,42
F#,3,120,43920,43965,45,42
F#,3,50,44040,44085,45,42
F#,3,120,44160,44211,51,42
F#,3,50,44280,44331,51,42
F#,3,120,44400,44445,45,42
F#,3,50,44520,44565,45,42
F#,3,120,44640,44691,51,42
F#,3,50,44760,44811,51,42
F#,3,120,44880,44925,45,42
F#,3,50,45000,45045,45,42
F#,3,120,45120,45171,51,42
F#,3,50,45240,45291,51,42
F#,3,120,45360,45405,45,42
F#,3,50,45480,45525,45,42
F#,3,120,45600,45651,51,42
F#,3,50,45720,45771,51,42
F#,3,120,45840,45885,45,42
F#,3,50,45960,46005,45,42
F#,3,120,46080,46131,51,42
F#,3,50,46200,46251,51,42
F#,3,120,46320,46365,45,42
F#,3,50,46440,46485,45,42
F#,3,120,46560,46611,51,42
F#,3,50,46680,46731,51,42
F#,3,120,46800,46845,45,42
F#,3,50,46920,46965,45,42
F#,3,120,47040,47091,51,42
F#,3,50,47160,47211,51,42
F#,3,120,47280,47325,45,42
F#,3,50,47400,47445,45,42
F#,3,120,47520,47571,51,42
F#,3,50,47640,47691,51,42
F#,3,120,47760,47805,45,42
F#,3,50,47880,47925,45,42
F#,3,120,48000,48051,51,42
F#,3,50,48120,48171,51,42
F#,3,120,48240,48285,45,42
F#,3,50,48360,48405,45,42
F#,3,120,48480,48531,51,42
F#,3,50,48600,48651,51,42
F#,3,120,48720,48765,45,42
F#,3,50,48840,48885,45,42
F#,3,120,48960,49011,51,42
F#,3,50,49080,49131,51,42
F#,3,120,49200,49245,45,42
F#,3,50,49320,49365,45,42
F#,3,120,49440,49491,51,42
F#,3,50,49560,49611,51,42
F#,3,120,49680,49725,45,42
F#,3,50,49800,49845,45,42
F#,3,120,49920,49971,51,42
F#,3,50,50040,50091,51,42
F#,3,120,50160,50205,45,42
F#,3,50,50280,50325,45,42
F#,3,120,50400,50451,51,42
F#,3,50,50520,50571,51,42
F#,3,120,50640,50685,45,42
F#,3,50,50760,50805,45,42
F#,3,120,50880,50931,51,42
F#,3,50,51000,51051,51,42
F#,3,120,51120,51165,45,42
F#,3,50,51240,51285,45,42
F#,3,120,51360,51411,51,42
F#,3,50,51480,51531,51,42
F#,3,120,51600,51645,45,42
F#,3,50,51720,51765,45,42
F#,3,120,51840,51891,51,42
F#,3,50,51960,52011,51,42
F#,3,120,52080,52125,45,42
F#,3,50,52200,52245,45,42
F#,3,120,52320,52371,51,42
F#,3,50,52440,52491,51,42
F#,3,120,52560,52605,45,42
F#,3,50,52680,52725,45,42
F#,3,120,52800,52851,51,42
F#,3,50,52920,52971,51,42
F#,3,120,53040,53085,45,42
F#,3,50,53160,53205,45,42
F#,3,120,53280,53331,51,42
F#,3,50,53400,53451,51,42
F#,3,120,53520,53565,45,42
F#,3,50,53640,53685,45,42
F#,3,120,53760,53811,51,42
F#,3,50,53880,53931,51,42
F#,3,120,54000,54045,45,42
F#,3,50,54120,54165,45,42
F#,3,120,54240,54291,51,42
F#,3,50,54360,54411,51,42
F#,3,120,54480,54525,45,42
F#,3,50,54600,54645,45,42
F#,3,120,54720,54771,51,42
F#,3,50,54840,54891,51,42
F#,3,120,54960,55005,45,42
F#,3,50,55080,55125,45,42
F#,3,120,55200,55251,51,42
F#,3,50,55320,55371,51,42
F#,3,120,55440,55485,45,42
F#,3,50,55560,55605,45,42
F#,3,120,55680,55731,51,42
F#,3,50,55800,55851,51,42
F#,3,120,55920,55965,45,42
F#,3,50,56040,56085,45,42
F#,3,120,56160,56211,51,42
F#,3,50,56280,56331,51,42
F#,3,120,56400,56445,45,42
F#,3,50,56520,56565,45,42
F#,3,120,56640,56691,51,42
F#,3,50,56760,56811,51,42
F#,3,120,56880,56925,45,42
F#,3,50,57000,57045,45,42
F#,3,120,57120,57171,51,42
F#,3,50,57240,57291,51,42
F#,3,120,57360,57405,45,42
F#,3,50,57480,57525,45,42
F#,3,120,57600,57651,51,42
F#,3,50,57720,57771,51,42
F#,3,120,57840,57885,45,42
F#,3,50,57960,58005,45,42
F#,3,120,58080,58131,51,42
F#,3,50,58200,58251,51,42
F#,3,120,58320,58365,45,42
F#,3,50,58440,58485,45,42
F#,3,120,58560,58611,51,42
F#,3,50,58680,58731,51,42
F#,3,120,58800,58845,45,42
F#,3,50,58920,58965,45,42
F#,3,120,59040,59091,51,42
F#,3,50,59160,59211,51,42
F#,3,120,59280,59325,45,42
F#,3,50,59400,59445,45,42
F#,3,120,59520,59571,51,42
F#,3,50,59640,59691,51,42
F#,3,120,59760,59805,45,42
F#,3,50,59880,59925,45,42
F#,3,120,60000,60051,51,42
F#,3,50,60120,60171,51,42
F#,3,120,60240,60285,45,42
F#,3,50,60360,60405,45,42
F#,3,120,60480,60531,51,42
F#,3,50,60600,60651,51,42
F#,3,120,60720,60765,45,42
F#,3,50,60840,60885,45,42
F#,3,120,60960,61011,51,42
F#,3,50,61080,61131,51,42
F#,3,120,61200,61245,45,42
F#,3,50,61320,61365,45,42
F#,3,120,61440,61491,51,42
F#,3,50,61560,61611,51,42
F#,3,120,61680,61725,45,42
F#,3,50,61800,61845,45,42
F#,3,120,61920,61971,51,42
F#,3,50,62040,62091,51,42
F#,3,120,62160,62205,45,42
F#,3,50,62280,62325,45,42
F#,3,120,62400,62451,51,42
F#,3,50,62520,62571,51,42
F#,3,120,62640,62685,45,42
F#,3,50,62760,62805,45,42
F#,3,120,62880,62931,51,42
F#,3,50,63000,63051,51,42
F#,3,120,63120,63165,45,42
F#,3,50,63240,63285,45,42
F#,3,120,63360,63411,51,42
F#,3,50,63480,63531,51,42
F#,3,120,63600,63645,45,42
F#,3,50,63720,63765,45,42
F#,3,120,63840,63891,51,42
F#,3,50,63960,64011,51,42
F#,3,120,64080,64125,45,42
F#,3,50,64200,64245,45,42
F#,3,120,64320,64371,51,42
F#,3,50,64440,64491,51,42
F#,3,120,64560,64605,45,42
F#,3,50,64680,64725,45,42
F#,3,120,64800,64851,51,42
F#,3,50,64920,64971,51,42
F#,3,120,65040,65085,45,42
F#,3,50,65160,65205,45,42
F#,3,120,65280,65331,51,42
F#,3,50,65400,65451,51,42
F#,3,120,65520,65565,45,42
F#,3,50,65640,65685,45,42
F#,3,120,65760,65811,51,42
F#,3,50,65880,65931,51,42
F#,3,120,66000,66045,45,42
F#,3,50,66120,66165,45,42
F#,3,120,66240,66291,51,42
F#,3,50,66360,66411,51,42
F#,3,120,66480,66525,45,42
F#,3,50,66600,66645,45,42
F#,3,120,66720,66771,51,42
F#,3,50,66840,66891,51,42
F#,3,120,66960,67005,45,42
F#,3,50,67080,67125,45,42
F#,3,120,67200,67251,51,42
F#,3,50,67320,67371,51,42
F#,3,120,67440,67485,45,42
F#,3,50,67560,67605,45,42
F#,3,120,67680,67731,51,42
F#,3,50,67800,67851,51,42
F#,3,120,67920,67965,45,42
F#,3,50,68040,68085,45,42
F#,3,120,68160,68211,51,42
F#,3,50,68280,68331,51,42
F#,3,120,68400,68445,45,42
F#,3,50,68520,68565,45,42
F#,3,120,68640,68691,51,42
F#,3,50,68760,68811,51,42
F#,3,120,68880,68925,45,42
F#,3,50,69000,69045,45,42
F#,3,120,69120,69171,51,42
F#,3,50,69240,69291,51,42
F#,3,120,69360,69405,45,42
F#,3,50,69480,69525,45,42
F#,3,120,69600,69651,51,42
F#,3,50,69720,69771,51,42
F#,3,120,69840,69885,45,42
F#,3,50,69960,70005,45,42
F#,3,120,70080,70131,51,42
F#,3,50,70200,70251,51,42
F#,3,120,70320,70365,45,42
F#,3,50,70440,70485,45,42
F#,3,120,70560,70611,51,42
F#,3,50,70680,70731,51,42
F#,3,120,70800,70845,45,42
F#,3,50,70920,70965,45,42
F#,3,120,71040,71091,51,42
F#,3,50,71160,71211,51,42
F#,3,120,71280,71325,45,42
F#,3,50,71400,71445,45,42
F#,3,120,71520,71571,51,42
F#,3,50,71640,71691,51,42
F#,3,120,71760,71805,45,42
F#,3,50,71880,71925,45,42
F#,3,120,72000,72051,51,42
F#,3,50,72120,72171,51,42
F#,3,120,72240,72285,45,42
F#,3,50,72360,72405,45,42
F#,3,120,72480,72531,51,42
F#,3,50,72600,72651,51,42
F#,3,120,72720,72765,45,42
F#,3,50,72840,72885,45,42
F#,3,120,72960,73011,51,42
F#,3,50,73080,73131,51,42
F#,3,120,73200,73245,45,42
F#,3,50,73320,73365,45,42
F#,3,120,73440,73491,51,42
F#,3,50,73560,73611,51,42
F#,3,120,73680,73725,45,42
F#,3,50,73800,73845,45,42
F#,3,120,73920,73971,51,42
F#,3,50,74040,74091,51,42
F#,3,120,74160,74205,45,42
F#,3,50,74280,74325,45,42
F#,3,120,74400,74451,51,42
F#,3,50,74520,74571,51,42
F#,3,120,74640,74685,45,42
F#,3,50,74760,74805,45,42
F#,3,120,74880,74931,51,42
F#,3,50,75000,75051,51,42
F#,3,120,75120,75165,45,42
F#,3,50,75240,75285,45,42
F#,3,120,75360,75411,51,42
F#,3,50,75480,75531,51,42
F#,3,120,75600,75645,45,42
F#,3,50,75720,75765,45,42
F#,3,120,75840,75891,51,42
F#,3,50,75960,76011,51,42
F#,3,120,76080,76125,45,42
F#,3,50,76200,76245,45,42
F#,3,120,76320,76371,51,42
F#,3,50,76440,76491,51,42
F#,3,120,76560,76605,45,42
F#,3,50,76680,76725,45,42
F#,3,120,76800,76851,51,42
F#,3,50,76920,76971,51,42
F#,3,120,77040,77085,45,42
F#,3,50,77160,77205,45,42
F#,3,120,77280,77331,51,42
F#,3,50,77400,77451,51,42
F#,3,120,77520,77565,45,42
F#,3,50,77640,77685,45,42
F#,3,120,77760,77811,51,42
F#,3,50,77880,77931,51,42
F#,3,120,78000,78045,45,42
F#,3,50,78120,78165,45,42
F#,3,120,78240,78291,51,42
F#,3,50,78360,78411,51,42
F#,3,120,78480,78525,45,42
F#,3,50,78600,78645,45,42
F#,3,120,78720,78771,51,42
F#,3,50,78840,78891,51,42
F#,3,120,78960,79005,45,42
F#,3,50,79080,79125,45,42
F#,3,120,79200,79251,51,42
F#,3,50,79320,79371,51,42
F#,3,120,79440,79485,45,42
F#,3,50,79560,79605,45,42
F#,3,120,79680,79731,51,42
F#,3,50,79800,79851,51,42
F#,3,120,79920,79965,45,42
F#,3,50,80040,80085,45,42
F#,3,120,80160,80211,51,42
F#,3,50,80280,80331,51,42
F#,3,120,80400,80445,45,42
F#,3,50,80520,80565,45,42
F#,3,120,80640,80691,51,42
F#,3,50,80760,80811,51,42
F#,3,120,80880,80925,45,42
F#,3,50,81000,81045,45,42
F#,3,120,81120,81171,51,42
F#,3,50,81240,81291,51,42
F#,3,120,81360,81405,45,42
F#,3,50,81480,81525,45,42
F#,3,120,81600,81651,51,42
F#,3,50,81720,81771,51,42
F#,3,120,81840,81885,45,42
F#,3,50,81960,82005,45,42
F#,3,120,82080,82131,51,42
F#,3,50,82200,82251,51,42
F#,3,120,82320,82365,45,42
F#,3,50,82440,82485,45,42
F#,3,120,82560,82611,51,42
F#,3,50,82680,82731,51,42
F#,3,120,82800,82845,45,42
F#,3,50,82920,82965,45,42
F#,3,120,83040,83091,51,42
F#,3,50,83160,83211,51,42
F#,3,120,83280,83325,45,42
F#,3,50,83400,83445,45,42
F#,3,120,83520,83571,51,42
F#,3,50,83640,83691,51,42
F#,3,120,83760,83805,45,42
F#,3,50,83880,83925,45,42
F#,3,120,84000,84051,51,42
F#,3,50,84120,84171,51,42
F#,3,120,84240,84285,45,42
F#,3,50,84360,84405,45,42
F#,3,120,84480,84531,51,42
F#,3,50,84600,84651,51,42
F#,3,120,84720,84765,45,42
F#,3,50,84840,84885,45,42
F#,3,120,84960,85011,51,42
F#,3,50,85080,85131,51,42
F#,3,120,85200,85245,45,42
F#,3,50,85320,85365,45,42
F#,3,120,85440,85491,51,42
F#,3,50,85560,85611,51,42
F#,3,120,85680,85725,45,42
F#,3,50,85800,85845,45,42
F#,3,120,85920,85971,51,42
F#,3,50,86040,86091,51,42
F#,3,120,86160,86205,45,42
F#,3,50,86280,86325,45,42
F#,3,120,86400,86451,51,42
F#,3,50,86520,86571,51,42
F#,3,120,86640,86685,45,42
F#,3,50,86760,86805,45,42
F#,3,120,86880,86931,51,42
F#,3,50,87000,87051,51,42
F#,3,120,87120,87165,45,42
F#,3,50,87240,87285,45,42
F#,3,120,87360,87411,51,42
F#,3,50,87480,87531,51,42
F#,3,120,87600,87645,45,42
F#,3,50,87720,87765,45,42
F#,3,120,87840,87891,51,42
F#,3,50,87960,88011,51,42
F#,3,120,88080,88125,45,42
F#,3,50,88200,88245,45,42
F#,3,120,88320,88371,51,42
F#,3,50,88440,88491,51,42
F#,3,120,88560,88605,45,42
F#,3,50,88680,88725,45,42
F#,3,120,88800,88851,51,42
F#,3,50,88920,88971,51,42
F#,3,120,89040,89085,45,42
F#,3,50,89160,89205,45,42
F#,3,120,89280,89331,51,42
F#,3,50,89400,89451,51,42
F#,3,120,89520,89565,45,42
F#,3,50,89640,89685,45,42
F#,3,120,89760,89811,51,42
F#,3,50,89880,89931,51,42
F#,3,120,90000,90045,45,42
F#,3,50,90120,90165,45,42
F#,3,120,90240,90291,51,42
F#,3,50,90360,90411,51,42
F#,3,120,90480,90525,45,42
F#,3,50,90600,90645,45,42
F#,3,120,90720,90771,51,42
F#,3,50,90840,90891,51,42
F#,3,120,90960,91005,45,42
F#,3,50,91080,91125,45,42
F#,3,120,91200,91251,51,42
F#,3,50,91320,91371,51,42
F#,3,120,91440,91485,45,42
F#,3,50,91560,91605,45,42
F#,3,120,91680,91731,51,42
F#,3,50,91800,91851,51,42
F#,3,120,91920,91965,45,42
F#,3,50,92040,92085,45,42
F#,3,120,92160,92211,51,42
F#,3,50,92280,92331,51,42
F#,3,120,92400,92445,45,42
F#,3,50,92520,92565,45,42
F#,3,120,92640,92691,51,42
F#,3,50,92760,92811,51,42
F#,3,120,92880,92925,45,42
F#,3,50,93000,93045,45,42
F#,3,120,93120,93171,51,42
F#,3,50,93240,93291,51,42
F#,3,120,93360,93405,45,42
F#,3,50,93480,93525,45,42
F#,3,120,93600,93651,51,42
F#,3,50,93720,93771,51,42
F#,3,120,93840,93885,45,42
F#,3,50,93960,94005,45,42
F#,3,120,94080,94131,51,42
F#,3,50,94200,94251,51,42
F#,3,120,94320,94365,45,42
F#,3,50,94440,94485,45,42
F#,3,120,94560,94611,51,42
F#,3,50,94680,94731,51,42
F#,3,120,94800,94845,45,42
F#,3,50,94920,94965,45,42
F#,3,120,95040,95091,51,42
F#,3,50,95160,95211,51,42
F#,3,120,95280,95325,45,42
F#,3,50,95400,95445,45,42
F#,3,120,95520,95571,51,42
F#,3,50,95640,95691,51,42
F#,3,120,95760,95805,45,42
F#,3,50,95880,95925,45,42
F#,3,120,96000,96051,51,42
F#,3,50,96120,96171,51,42
F#,3,120,96240,96285,45,42
F#,3,50,96360,96405,45,42
F#,3,120,96480,96531,51,42
F#,3,50,96600,96651,51,42
F#,3,120,96720,96765,45,42
F#,3,50,96840,96885,45,42
F#,3,120,96960,97011,51,42
F#,3,50,97080,97131,51,42
F#,3,120,97200,97245,45,42
F#,3,50,97320,97365,45,42
F#,3,120,97440,97491,51,42
F#,3,50,97560,97611,51,42
F#,3,120,97680,97725,45,42
F#,3,50,97800,97845,45,42
F#,3,120,97920,97971,51,42
F#,3,50,98040,98091,51,42
F#,3,120,98160,98205,45,42
F#,3,50,98280,98325,45,42
F#,3,120,98400,98451,51,42
F#,3,50,98520,98571,51,42
F#,3,120,98640,98685,45,42
F#,3,50,98760,98805,45,42
F#,3,120,98880,98931,51,42
F#,3,50,99000,99051,51,42
F#,3,120,99120,99165,45,42
F#,3,50,99240,99285,45,42
F#,3,120,99360,99411,51,42
F#,3,50,99480,99531,51,42
F#,3,120,99600,99645,45,42
F#,3,50,99720,99765,45,42
F#,3,120,99840,99891,51,42
F#,3,50,99960,100011,51,42
F#,3,120,100080,100125,45,42
F#,3,50,100200,100245,45,42
F#,3,120,100320,100371,51,42
F#,3,50,100440,100491,51,42
F#,3,120,100560,100605,45,42
F#,3,50,100680,100725,45,42
F#,3,120,100800,100851,51,42
F#,3,50,100920,100971,51,42
F#,3,120,101040,101085,45,42
F#,3,50,101160,101205,45,42
F#,3,120,101280,101331,51,42
F#,3,50,101400,101451,51,42
F#,3,120,101520,101565,45,42
F#,3,50,101640,101685,45,42
F#,3,120,101760,101811,51,42
F#,3,50,101880,101931,51,42
F#,3,120,102000,102045,45,42
F#,3,50,102120,102165,45,42
F#,3,120,102240,102291,51,42
F#,3,50,102360,102411,51,42
F#,3,120,102480,102525,45,42
F#,3,50,102600,102645,45,42
F#,3,120,102720,102771,51,42
F#,3,50,102840,102891,51,42
F#,3,120,102960,103005,45,42
F#,3,50,103080,103125,45,42
F#,3,120,103200,103251,51,42
F#,3,50,103320,103371,51,42
F#,3,120,103440,103485,45,42
F#,3,50,103560,103605,45,42
F#,3,120,103680,103731,51,42
F#,3,50,103800,103851,51,42
F#,3,120,103920,103965,45,42
F#,3,50,104040,104085,45,42
F#,3,120,104160,104211,51,42
F#,3,50,104280,104331,51,42
F#,3,120,104400,104445,45,42
F#,3,50,104520,104565,45,42
F#,3,120,104640,104691,51,42
F#,3,50,104760,104811,51,42
F#,3,120,104880,104925,45,42
F#,3,50,105000,105045,45,42
F#,3,120,105120,105171,51,42
F#,3,50,105240,105291,51,42
F#,3,120,105360,105405,45,42
F#,3,50,105480,105525,45,42
F#,3,120,105600,105651,51,42
F#,3,50,105720,105771,51,42
F#,3,120,105840,105885,45,42
F#,3,50,105960,106005,45,42
F#,3,120,106080,106131,51,42
F#,3,50,106200,106251,51,42
F#,3,120,106320,106365,45,42
F#,3,50,106440,106485,45,42
F#,3,120,106560,106611,51,42
F#,3,50,106680,106731,51,42
F#,3,120,106800,106845,45,42
F#,3,50,106920,106965,45,42
F#,3,120,107040,107091,51,42
F#,3,50,107160,107211,51,42
F#,3,120,107280,107325,45,42
F#,3,50,107400,107445,45,42
F#,3,120,107520,107571,51,42
F#,3,50,107640,107691,51,42
F#,3,120,107760,107805,45,42
F#,3,50,107880,107925,45,42
F#,3,120,108000,108051,51,42
F#,3,50,108120,108171,51,42
F#,3,120,108240,108285,45,42
F#,3,50,108360,108405,45,42
F#,3,120,108480,108531,51,42
F#,3,50,108600,108651,51,42
F#,3,120,108720,108765,45,42
F#,3,50,108840,108885,45,42
F#,3,120,108960,109011,51,42
F#,3,50,109080,109131,51,42
F#,3,120,109200,109245,45,42
F#,3,50,109320,109365,45,42
F#,3,120,109440,109491,51,42
F#,3,50,109560,109611,51,42
F#,3,120,109680,109725,45,42
F#,3,50,109800,109845,45,42
F#,3,120,109920,109971,51,42
F#,3,50,110040,110091,51,42
F#,3,120,110160,110205,45,42
F#,3,50,110280,110325,45,42
F#,3,120,110400,110451,51,42
F#,3,50,110520,110571,51,42
F#,3,120,110640,110685,45,42
F#,3,50,110760,110805,45,42
F#,3,120,110880,110931,51,42
F#,3,50,111000,111051,51,42
F#,3,120,111120,111165,45,42
F#,3,50,111240,111285,45,42
F#,3,120,111360,111411,51,42
F#,3,50,111480,111531,51,42
F#,3,120,111600,111645,45,42
F#,3,50,111720,111765,45,42
F#,3,120,111840,111891,51,42
F#,3,50,111960,112011,51,42
F#,3,120,112080,112125,45,42
F#,3,50,112200,112245,45,42
F#,3,120,112320,112371,51,42
F#,3,50,112440,112491,51,42
F#,3,120,112560,112605,45,42
F#,3,50,112680,112725,45,42
F#,3,120,112800,112851,51,42
F#,3,50,112920,112971,51,42
F#,3,120,113040,113085,45,42
F#,3,50,113160,113205,45,42
F#,3,120,113280,113331,51,42
F#,3,50,113400,113451,51,42
F#,3,120,113520,113565,45,42
F#,3,50,113640,113685,45,42
F#,3,120,113760,113811,51,42
F#,3,50,113880,113931,51,42
F#,3,120,114000,114045,45,42
F#,3,50,114120,114165,45,42
F#,3,120,114240,114291,51,42
F#,3,50,114360,114411,51,42
F#,3,120,114480,114525,45,42
F#,3,50,114600,114645,45,42
F#,3,120,114720,114771,51,42
F#,3,50,114840,114891,51,42
F#,3,120,114960,115005,45,42
F#,3,50,115080,115125,45,42
F#,3,120,115200,115251,51,42
F#,3,50,115320,115371,51,42
F#,3,120,115440,115485,45,42
F#,3,50,115560,115605,45,42
F#,3,120,115680,115731,51,42
F#,3,50,115800,115851,51,42
F#,3,120,115920,115965,45,42
F#,3,50,116040,116085,45,42
F#,3,120,116160,116211,51,42
F#,3,50,116280,116331,51,42
F#,3,120,116400,116445,45,42
F#,3,50,116520,116565,45,42
F#,3,120,116640,116691,51,42
F#,3,50,116760,116811,51,42
F#,3,120,116880,116925,45,42
F#,3,50,117000,117045,45,42
F#,3,120,117120,117171,51,42
F#,3,50,117240,117291,51,42
F#,3,120,117360,117405,45,42
F#,3,50,117480,117525,45,42
F#,3,120,117600,117651,51,42
F#,3,50,117720,117771,51,42
F#,3,120,117840,117885,45,42
F#,3,50,117960,118005,45,42
F#,3,120,118080,118131,51,42
F#,3,50,118200,118251,51,42
F#,3,120,118320,118365,45,42
F#,3,50,118440,118485,45,42
F#,3,120,118560,118611,51,42
F#,3,50,118680,118731,51,42
F#,3,120,118800,118845,45,42
F#,3,50,118920,118965,45,42
F#,3,120,119040,119091,51,42
F#,3,50,119160,119211,51,42
F#,3,120,119280,119325,45,42
F#,3,50,119400,119445,45,42
F#,3,120,119520,119571,51,42
F#,3,50,119640,119691,51,42
F#,3,120,119760,119805,45,42
F#,3,50,119880,119925,45,42
F#,3,120,120000,120051,51,42
F#,3,50,120120,120171,51,42
F#,3,120,120240,120285,45,42
F#,3,50,120360,120405,45,42
F#,3,120,120480,120531,51,42
F#,3,50,120600,120651,51,42
F#,3,120,120720,120765,45,42
F#,3,50,120840,120885,45,42
F#,3,120,120960,121011,51,42
F#,3,50,121080,121131,51,42
F#,3,120,121200,121245,45,42
F#,3,50,121320,121365,45,42
F#,3,120,121440,121491,51,42
F#,3,50,121560,121611,51,42
F#,3,120,121680,121725,45,42
F#,3,50,121800,121845,45,42
F#,3,120,121920,121971,51,42
F#,3,50,122040,122091,51,42
F#,3,120,122160,122205,45,42
F#,3,50,122280,122325,45,42
F#,3,120,122400,122451,51,42
F#,3,50,122520,122571,51,42
F#,3,120,122640,122685,45,42
F#,3,50,122760,122805,45,42
F#,3,120,122880,122931,51,42
F#,3,50,123000,123051,51,42
F#,3,120,123120,123165,45,42
F#,3,50,123240,123285,45,42
F#,3,120,123360,123411,51,42
F#,3,50,123480,123531,51,42
F#,3,120,123600,123645,45,42
F#,3,50,123720,123765,45,42
F#,3,120,123840,123891,51,42
F#,3,50,123960,124011,51,42
F#,3,120,124080,124125,45,42
F#,3,50,124200,124245,45,42
F#,3,120,124320,124371,51,42
F#,3,50,124440,124491,51,42
F#,3,120,124560,124605,45,42
F#,3,50,124680,124725,45,42
F#,3,120,124800,124851,51,42
F#,3,50,124920,124971,51,42
F#,3,120,125040,125085,45,42
F#,3,50,125160,125205,45,42
F#,3,120,125280,125331,51,42
F#,3,50,125400,125451,51,42
F#,3,120,125520,125565,45,42
F#,3,50,125640,125685,45,42
F#,3,120,125760,125811,51,42
F#,3,50,125880,125931,51,42
F#,3,120,126000,126045,45,42
F#,3,50,126120,126165,45,42
F#,3,120,126240,126291,51,42
F#,3,50,126360,126411,51,42
F#,3,120,126480,126525,45,42
F#,3,50,126600,126645,45,42
F#,3,120,126720,126771,51,42
F#,3,50,126840,126891,51,42
F#,3,120,126960,127005,45,42
F#,3,50,127080,127125,45,42
F#,3,120,127200,127251,51,42
F#,3,50,127320,127371,51,42
F#,3,120,127440,127485,45,42
F#,3,50,127560,127605,45,42
F#,3,120,127680,127731,51,42
F#,3,50,127800,127851,51,42
F#,3,120,127920,127965,45,42
F#,3,50,128040,128085,45,42
F#,3,120,128160,128211,51,42
F#,3,50,128280,128331,51,42
F#,3,120,128400,128445,45,42
F#,3,50,128520,128565,45,42
F#,3,120,128640,128691,51,42
F#,3,50,128760,128811,51,42
F#,3,120,128880,128925,45,42
F#,3,50,129000,129045,45,42
F#,3,120,129120,129171,51,42
F#,3,50,129240,129291,51,42
F#,3,120,129360,129405,45,42
F#,3,50,129480,129525,45,42
F#,3,120,129600,129651,51,42
F#,3,50,129720,129771,51,42
F#,3,120,129840,129885,45,42
F#,3,50,129960,130005,45,42
F#,3,120,130080,130131,51,42
F#,3,50,130200,130251,51,42
F#,3,120,130320,130365,45,42
F#,3,50,130440,130485,45,42
F#,3,120,130560,130611,51,42
F#,3,50,130680,130731,51,42
F#,3,120,130800,130845,45,42
F#,3,50,130920,130965,45,42
F#,3,120,131040,131091,51,42
F#,3,50,131160,131211,51,42
F#,3,120,131280,131325,45,42
F#,3,50,131400,131445,45,42
F#,3,120,131520,131571,51,42
F#,3,50,131640,131691,51,42
F#,3,120,131760,131805,45,42
F#,3,50,131880,131925,45,42
F#,3,120,132000,132051,51,42
F#,3,50,132120,132171,51,42
F#,3,120,132240,132285,45,42
F#,3,50,132360,132405,45,42
F#,3,120,132480,132531,51,42
F#,3,50,132600,132651,51,42
F#,3,120,132720,132765,45,42
F#,3,50,132840,132885,45,42
F#,3,120,132960,133011,51,42
F#,3,50,133080,133131,51,42
F#,3,120,133200,133245,45,42
F#,3,50,133320,133365,45,42
F#,3,120,133440,133491,51,42
F#,3,50,133560,133611,51,42
F#,3,120,133680,133725,45,42
F#,3,50,133800,133845,45,42
F#,3,120,133920,133971,51,42
F#,3,50,134040,134091,51,42
F#,3,120,134160,134205,45,42
F#,3,50,134280,134325,45,42
F#,3,120,134400,134451,51,42
F#,3,50,134520,134571,51,42
F#,3,120,134640,134685,45,42
F#,3,50,134760,134805,45,42
F#,3,120,134880,134931,51,42
F#,3,50,135000,135051,51,42
F#,3,120,135120,135165,45,42
F#,3,50,135240,135285,45,42
F#,3,120,135360,135411,51,42
F#,3,50,135480,135531,51,42
F#,3,120,135600,135645,45,42
F#,3,50,135720,135765,45,42
F#,3,120,135840,135891,51,42
F#,3,50,135960,136011,51,42
F#,3,120,136080,136125,45,42
F#,3,50,136200,136245,45,42
F#,3,120,136320,136371,51,42
F#,3,50,136440,136491,51,42
F#,3,120,136560,136605,45,42
F#,3,50,136680,136725,45,42
F#,3,120,136800,136851,51,42
F#,3,50,136920,136971,51,42
F#,3,120,137040,137085,45,42
F#,3,50,137160,137205,45,42
F#,3,120,137280,137331,51,42
F#,3,50,137400,137451,51,42
F#,3,120,137520,137565,45,42
F#,3,50,137640,137685,45,42
F#,3,120,137760,137811,51,42
F#,3,50,137880,137931,51,42
F#,3,120,138000,138045,45,42
F#,3,50,138120,138165,45,42
F#,3,120,138240,138291,51,42
F#,3,50,138360,138411,51,42
F#,3,120,138480,138525,45,42
F#,3,50,138600,138645,45,42
F#,3,120,138720,138771,51,42
F#,3,50,138840,138891,51,42
F#,3,120,138960,139005,45,42
F#,3,50,139080,139125,45,42
F#,3,120,139200,139251,51,42
F#,3,50,139320,139371,51,42
F#,3,120,139440,139485,45,42
F#,3,50,139560,139605,45,42
F#,3,120,139680,139731,51,42
F#,3,50,139800,139851,51,42
F#,3,120,139920,139965,45,42
F#,3,50,140040,140085,45,42
F#,3,120,140160,140211,51,42
F#,3,50,140280,140331,51,42
F#,3,120,140400,140445,45,42
F#,3,50,140520,140565,45,42
F#,3,120,140640,140691,51,42
F#,3,50,140760,140811,51,42
F#,3,120,140880,140925,45,42
F#,3,50,141000,141045,45,42
F#,3,120,141120,141171,51,42
F#,3,50,141240,141291,51,42
F#,3,120,141360,141405,45,42
F#,3,50,141480,141525,45,42
F#,3,120,141600,141651,51,42
F#,3,50,141720,141771,51,42
F#,3,120,141840,141885,45,42
F#,3,50,141960,142005,45,42
F#,3,120,142080,142131,51,42
F#,3,50,142200,142251,51,42
F#,3,120,142320,142365,45,42
F#,3,50,142440,142485,45,42
F#,3,120,142560,142611,51,42
F#,3,50,142680,142731,51,42
F#,3,120,142800,142845,45,42
F#,3,50,142920,142965,45,42
F#,3,120,143040,143091,51,42
F#,3,50,143160,143211,51,42
F#,3,120,143280,143325,45,42
F#,3,50,143400,143445,45,42
F#,3,120,143520,143571,51,42
F#,3,50,143640,143691,51,42
F#,3,120,143760,143805,45,42
F#,3,50,143880,143925,45,42
F#,3,120,144000,144051,51,42
F#,3,50,144120,144171,51,42
F#,3,120,144240,144285,45,42
F#,3,50,144360,144405,45,42
F#,3,120,144480,144531,51,42
F#,3,50,144600,144651,51,42
F#,3,120,144720,144765,45,42
F#,3,50,144840,144885,45,42
F#,3,120,144960,145011,51,42
F#,3,50,145080,145131,51,42
F#,3,120,145200,145245,45,42
F#,3,50,145320,145365,45,42
F#,3,120,145440,145491,51,42
F#,3,50,145560,145611,51,42
F#,3,120,145680,145725,45,42
F#,3,50,145800,145845,45,42
F#,3,120,145920,146003,83,42
F#,3,120,146160,146243,83,42
F#,3,120,146400,146528,128,42
F#,3,120,146640,146736,96,42
F#,3,120,146880,146977,97,42
F#,3,120,147120,147208,88,42
F#,3,120,147360,147501,141,42
F#,3,120,147600,147663,63,42
F#,3,120,147720,147781,61,42
F#,3,120,147840,149003,1163,42
F#,3,120,149760,149811,51,42
F#,3,50,149880,149931,51,42
F#,3,120,150000,150045,45,42
F#,3,50,150120,150165,45,42
F#,3,120,150240,150291,51,42
F#,3,50,150360,150411,51,42
F#,3,120,150480,150525,45,42
F#,3,50,150600,150645,45,42
F#,3,120,150720,150771,51,42
F#,3,50,150840,150891,51,42
F#,3,120,150960,151005,45,42
F#,3,50,151080,151125,45,42
F#,3,120,151200,151251,51,42
F#,3,50,151320,151371,51,42
F#,3,120,151440,151485,45,42
F#,3,50,151560,151605,45,42
F#,3,120,151680,151731,51,42
F#,3,50,151800,151851,51,42
F#,3,120,151920,151965,45,42
F#,3,50,152040,152085,45,42
F#,3,120,152160,152211,51,42
F#,3,50,152280,152331,51,42
F#,3,120,152400,152445,45,42
F#,3,50,152520,152565,45,42
F#,3,120,152640,152691,51,42
F#,3,50,152760,152811,51,42
F#,3,120,152880,152925,45,42
F#,3,50,153000,153045,45,42
F#,3,120,153120,153171,51,42
F#,3,50,153240,153291,51,42
F#,3,120,153360,153405,45,42
F#,3,50,153480,153525,45,42
F#,3,120,153600,153651,51,42
F#,3,50,153720,153771,51,42
F#,3,120,153840,153885,45,42
F#,3,50,153960,154005,45,42
F#,3,120,154080,154131,51,42
F#,3,50,154200,154251,51,42
F#,3,120,154320,154365,45,42
F#,3,50,154440,154485,45,42
F#,3,120,154560,154611,51,42
F#,3,50,154680,154731,51,42
F#,3,120,154800,154845,45,42
F#,3,50,154920,154965,45,42
F#,3,120,155040,155091,51,42
F#,3,50,155160,155211,51,42
F#,3,120,155280,155325,45,42
F#,3,50,155400,155445,45,42
F#,3,120,155520,155571,51,42
F#,3,50,155640,155691,51,42
F#,3,120,155760,155805,45,42
F#,3,50,155880,155925,45,42
F#,3,120,156000,156051,51,42
F#,3,50,156120,156171,51,42
F#,3,120,156240,156285,45,42
F#,3,50,156360,156405,45,42
F#,3,120,156480,156531,51,42
F#,3,50,156600,156651,51,42
F#,3,120,156720,156765,45,42
F#,3,50,156840,156885,45,42
F#,3,120,156960,157011,51,42
F#,3,50,157080,157131,51,42
F#,3,120,157200,157245,45,42
F#,3,50,157320,157365,45,42
F#,3,120,157440,157491,51,42
F#,3,50,157560,157611,51,42
F#,3,120,157680,157725,45,42
F#,3,50,157800,157845,45,42
F#,3,120,157920,157971,51,42
F#,3,50,158040,158091,51,42
F#,3,120,158160,158205,45,42
F#,3,50,158280,158325,45,42
F#,3,120,158400,158451,51,42
F#,3,50,158520,158571,51,42
F#,3,120,158640,158685,45,42
F#,3,50,158760,158805,45,42
F#,3,120,158880,158931,51,42
F#,3,50,159000,159051,51,42
F#,3,120,159120,159165,45,42
F#,3,50,159240,159285,45,42
F#,3,120,159360,159411,51,42
F#,3,50,159480,159531,51,42
F#,3,120,159600,159645,45,42
F#,3,50,159720,159765,45,42
F#,3,120,159840,159891,51,42
F#,3,50,159960,160011,51,42
F#,3,120,160080,160125,45,42
F#,3,50,160200,160245,45,42
F#,3,120,160320,160371,51,42
F#,3,50,160440,160491,51,42
F#,3,120,160560,160605,45,42
F#,3,50,160680,160725,45,42
F#,3,120,160800,160851,51,42
F#,3,50,160920,160971,51,42
F#,3,120,161040,161085,45,42
F#,3,50,161160,161205,45,42
F#,3,120,161280,161331,51,42
F#,3,50,161400,161451,51,42
F#,3,120,161520,161565,45,42
F#,3,50,161640,161685,45,42
F#,3,120,161760,161811,51,42
F#,3,50,161880,161931,51,42
F#,3,120,162000,162045,45,42
F#,3,50,162120,162165,45,42
F#,3,120,162240,162291,51,42
F#,3,50,162360,162411,51,42
F#,3,120,162480,162525,45,42
F#,3,50,162600,162645,45,42
F#,3,120,162720,162771,51,42
F#,3,50,162840,162891,51,42
F#,3,120,162960,163005,45,42
F#,3,50,163080,163125,45,42
F#,3,120,163200,163251,51,42
F#,3,50,163320,163371,51,42
F#,3,120,163440,163485,45,42
F#,3,50,163560,163605,45,42
F#,3,120,163680,163731,51,42
F#,3,50,163800,163851,51,42
F#,3,120,163920,163965,45,42
F#,3,50,164040,164085,45,42
F#,3,120,164160,164211,51,42
F#,3,50,164280,164331,51,42
F#,3,120,164400,164445,45,42
F#,3,50,164520,164565,45,42
F#,3,120,164640,164691,51,42
F#,3,50,164760,164811,51,42
F#,3,120,164880,164925,45,42
F#,3,50,165000,165045,45,42
F#,3,120,165120,165171,51,42
F#,3,50,165240,165291,51,42
F#,3,120,165360,165405,45,42
F#,3,50,165480,165525,45,42
F#,3,120,165600,165651,51,42
F#,3,50,165720,165771,51,42
F#,3,120,165840,165885,45,42
F#,3,50,165960,166005,45,42
F#,3,120,166080,166131,51,42
F#,3,50,166200,166251,51,42
F#,3,120,166320,166365,45,42
F#,3,50,166440,166485,45,42
F#,3,120,166560,166611,51,42
F#,3,50,166680,166731,51,42
F#,3,120,166800,166845,45,42
F#,3,50,166920,166965,45,42
F#,3,120,167040,167091,51,42
F#,3,50,167160,167211,51,42
F#,3,120,167280,167325,45,42
F#,3,50,167400,167445,45,42
F#,3,120,167520,167571,51,42
F#,3,50,167640,167691,51,42
F#,3,120,167760,167805,45,42
F#,3,50,167880,167925,45,42
F#,3,120,168000,168051,51,42
F#,3,50,168120,168171,51,42
F#,3,120,168240,168285,45,42
F#,3,50,168360,168405,45,42
F#,3,120,168480,168531,51,42
F#,3,50,168600,168651,51,42
F#,3,120,168720,168765,45,42
F#,3,50,168840,168885,45,42
F#,3,120,168960,169011,51,42
F#,3,50,169080,169131,51,42
F#,3,120,169200,169245,45,42
F#,3,50,169320,169365,45,42
F#,3,120,169440,169491,51,42
F#,3,50,169560,169611,51,42
F#,3,120,169680,169725,45,42
F#,3,50,169800,169845,45,42
F#,3,120,169920,169971,51,42
F#,3,50,170040,170091,51,42
F#,3,120,170160,170205,45,42
F#,3,50,170280,170325,45,42
F#,3,120,170400,170451,51,42
F#,3,50,170520,170571,51,42
F#,3,120,170640,170685,45,42
F#,3,50,170760,170805,45,42
F#,3,120,170880,170931,51,42
F#,3,50,171000,171051,51,42
F#,3,120,171120,171165,45,42
F#,3,50,171240,171285,45,42
F#,3,120,171360,171411,51,42
F#,3,50,171480,171531,51,42
F#,3,120,171600,171645,45,42
F#,3,50,171720,171765,45,42
F#,3,120,171840,171891,51,42
F#,3,50,171960,172011,51,42
F#,3,120,172080,172125,45,42
F#,3,50,172200,172245,45,42
F#,3,120,172320,172371,51,42
F#,3,50,172440,172491,51,42
F#,3,120,172560,172605,45,42
F#,3,50,172680,172725,45,42
F#,3,120,172800,172851,51,42
F#,3,50,172920,172971,51,42
F#,3,120,173040,173085,45,42
F#,3,50,173160,173205,45,42
F#,3,120,173280,173331,51,42
F#,3,50,173400,173451,51,42
F#,3,120,173520,173565,45,42
F#,3,50,173640,173685,45,42
F#,3,120,173760,173811,51,42
F#,3,50,173880,173931,51,42
F#,3,120,174000,174045,45,42
F#,3,50,174120,174165,45,42
F#,3,120,174240,174291,51,42
F#,3,50,174360,174411,51,42
F#,3,120,174480,174525,45,42
F#,3,50,174600,174645,45,42
F#,3,120,174720,174771,51,42
F#,3,50,174840,174891,51,42
F#,3,120,174960,175005,45,42
F#,3,50,175080,175125,45,42
F#,3,120,175200,175251,51,42
F#,3,50,175320,175371,51,42
F#,3,120,175440,175485,45,42
F#,3,50,175560,175605,45,42
F#,3,120,175680,175731,51,42
F#,3,50,175800,175851,51,42
F#,3,120,175920,175965,45,42
F#,3,50,176040,176085,45,42
F#,3,120,176160,176211,51,42
F#,3,50,176280,176331,51,42
F#,3,120,176400,176445,45,42
F#,3,50,176520,176565,45,42
F#,3,120,176640,176691,51,42
F#,3,50,176760,176811,51,42
F#,3,120,176880,176925,45,42
F#,3,50,177000,177045,45,42
F#,3,120,177120,177171,51,42
F#,3,50,177240,177291,51,42
F#,3,120,177360,177405,45,42
F#,3,50,177480,177525,45,42
F#,3,120,177600,177651,51,42
F#,3,50,177720,177771,51,42
F#,3,120,177840,177885,45,42
F#,3,50,177960,178005,45,42
F#,3,120,178080,178131,51,42
F#,3,50,178200,178251,51,42
F#,3,120,178320,178365,45,42
F#,3,50,178440,178485,45,42
F#,3,120,178560,178611,51,42
F#,3,50,178680,178731,51,42
F#,3,120,178800,178845,45,42
F#,3,50,178920,178965,45,42
F#,3,120,179040,179091,51,42
F#,3,50,179160,179211,51,42
F#,3,120,179280,179325,45,42
F#,3,50,179400,179445,45,42
F#,3,120,179520,179571,51,42
F#,3,50,179640,179691,51,42
F#,3,120,179760,179805,45,42
F#,3,50,179880,179925,45,42
F#,3,120,180000,180051,51,42
F#,3,50,180120,180171,51,42
F#,3,120,180240,180285,45,42
F#,3,50,180360,180405,45,42
F#,3,120,180480,180531,51,42
F#,3,50,180600,180651,51,42
F#,3,120,180720,180765,45,42
F#,3,50,180840,180885,45,42
F#,3,120,180960,181011,51,42
F#,3,50,181080,181131,51,42
F#,3,120,181200,181245,45,42
F#,3,50,181320,181365,45,42
F#,3,120,181440,181491,51,42
F#,3,50,181560,181611,51,42
F#,3,120,181680,181725,45,42
F#,3,50,181800,181845,45,42
F#,3,120,181920,181971,51,42
F#,3,50,182040,182091,51,42
F#,3,120,182160,182205,45,42
F#,3,50,182280,182325,45,42
F#,3,120,182400,182451,51,42
F#,3,50,182520,182571,51,42
F#,3,120,182640,182685,45,42
F#,3,50,182760,182805,45,42
F#,3,120,182880,182931,51,42
F#,3,50,183000,183051,51,42
F#,3,120,183120,183165,45,42
F#,3,50,183240,183285,45,42
F#,3,120,183360,183411,51,42
F#,3,50,183480,183531,51,42
F#,3,120,183600,183645,45,42
F#,3,50,183720,183765,45,42
F#,3,120,183840,183891,51,42
F#,3,50,183960,184011,51,42
F#,3,120,184080,184125,45,42
F#,3,50,184200,184245,45,42
F#,3,120,184320,184371,51,42
F#,3,50,184440,184491,51,42
F#,3,120,184560,184605,45,42
F#,3,50,184680,184725,45,42
F#,3,120,184800,184851,51,42
F#,3,50,184920,184971,51,42
F#,3,120,185040,185085,45,42
F#,3,50,185160,185205,45,42
F#,3,120,185280,185331,51,42
F#,3,50,185400,185451,51,42
F#,3,120,185520,185565,45,42
F#,3,50,185640,185685,45,42
F#,3,120,185760,185811,51,42
F#,3,50,185880,185931,51,42
F#,3,120,186000,186045,45,42
F#,3,50,186120,186165,45,42
F#,3,120,186240,186291,51,42
F#,3,50,186360,186411,51,42
F#,3,120,186480,186525,45,42
F#,3,50,186600,186645,45,42
F#,3,120,186720,186771,51,42
F#,3,50,186840,186891,51,42
F#,3,120,186960,187005,45,42
F#,3,50,187080,187125,45,42
F#,3,120,187200,187251,51,42
F#,3,50,187320,187371,51,42
F#,3,120,187440,187485,45,42
F#,3,50,187560,187605,45,42
F#,3,120,187680,187731,51,42
F#,3,50,187800,187851,51,42
F#,3,120,187920,187965,45,42
F#,3,50,188040,188085,45,42
F#,3,120,188160,188211,51,42
F#,3,50,188280,188331,51,42
F#,3,120,188400,188445,45,42
F#,3,50,188520,188565,45,42
F#,3,120,188640,188691,51,42
F#,3,50,188760,188811,51,42
F#,3,120,188880,188925,45,42
F#,3,50,189000,189045,45,42
F#,3,120,189120,189171,51,42
F#,3,50,189240,189291,51,42
F#,3,120,189360,189405,45,42
F#,3,50,189480,189525,45,42
F#,3,120,189600,189651,51,42
F#,3,50,189720,189771,51,42
F#,3,120,189840,189885,45,42
F#,3,50,189960,190005,45,42
F#,3,120,190080,190131,51,42
F#,3,50,190200,190251,51,42
F#,3,120,190320,190365,45,42
F#,3,50,190440,190485,45,42
F#,3,120,190560,190611,51,42
F#,3,50,190680,190731,51,42
F#,3,120,190800,190845,45,42
F#,3,50,190920,190965,45,42
F#,3,120,191040,191091,51,42
F#,3,50,191160,191211,51,42
F#,3,120,191280,191325,45,42
F#,3,50,191400,191445,45,42
F#,3,120,191520,191571,51,42
F#,3,50,191640,191691,51,42
F#,3,120,191760,191805,45,42
F#,3,50,191880,191925,45,42
F#,3,120,192000,192051,51,42
F#,3,50,192120,192171,51,42
F#,3,120,192240,192285,45,42
F#,3,50,192360,192405,45,42
F#,3,120,192480,192531,51,42
F#,3,50,192600,192651,51,42
F#,3,120,192720,192765,45,42
F#,3,50,192840,192885,45,42
F#,3,120,192960,193011,51,42
F#,3,50,193080,193131,51,42
F#,3,120,193200,193245,45,42
F#,3,50,193320,193365,45,42
F#,3,120,193440,193491,51,42
F#,3,50,193560,193611,51,42
F#,3,120,193680,193725,45,42
F#,3,50,193800,193845,45,42
F#,3,120,193920,193971,51,42
F#,3,50,194040,194091,51,42
F#,3,120,194160,194205,45,42
F#,3,50,194280,194325,45,42
F#,3,120,194400,194451,51,42
F#,3,50,194520,194571,51,42
F#,3,120,194640,194685,45,42
F#,3,50,194760,194805,45,42
F#,3,120,194880,194931,51,42
F#,3,50,195000,195051,51,42
F#,3,120,195120,195165,45,42
F#,3,50,195240,195285,45,42
F#,3,120,195360,195411,51,42
F#,3,50,195480,195531,51,42
F#,3,120,195600,195645,45,42
F#,3,50,195720,195765,45,42
F#,3,120,195840,195891,51,42
F#,3,50,195960,196011,51,42
F#,3,120,196080,196125,45,42
F#,3,50,196200,196245,45,42
F#,3,120,196320,196371,51,42
F#,3,50,196440,196491,51,42
F#,3,120,196560,196605,45,42
F#,3,50,196680,196725,45,42
F#,3,120,196800,196851,51,42
F#,3,50,196920,196971,51,42
F#,3,120,197040,197085,45,42
F#,3,50,197160,197205,45,42
F#,3,120,197280,197331,51,42
F#,3,50,197400,197451,51,42
F#,3,120,197520,197565,45,42
F#,3,50,197640,197685,45,42
F#,3,120,197760,197811,51,42
F#,3,50,197880,197931,51,42
F#,3,120,198000,198045,45,42
F#,3,50,198120,198165,45,42
F#,3,120,198240,198291,51,42
F#,3,50,198360,198411,51,42
F#,3,120,198480,198525,45,42
F#,3,50,198600,198645,45,42
F#,3,120,198720,198771,51,42
F#,3,50,198840,198891,51,42
F#,3,120,198960,199005,45,42
F#,3,50,199080,199125,45,42
F#,3,120,199200,199251,51,42
F#,3,50,199320,199371,51,42
F#,3,120,199440,199485,45,42
F#,3,50,199560,199605,45,42
F#,3,120,199680,199731,51,42
A#,3,50,67440,67673,233,46
A#,3,50,67800,67876,76,46
A#,3,50,68280,68536,256,46
A#,3,50,68640,68908,268,46
A#,3,50,69000,69194,194,46
A#,3,50,69360,69625,265,46
A#,3,50,69720,69951,231,46
A#,3,50,70320,70567,247,46
A#,3,50,70680,70938,258,46
A#,3,50,71040,71291,251,46
A#,3,50,71400,71555,155,46
E,4,116,87840,88295,455,52
C#,4,100,126720,128288,1568,49
C#,4,100,134400,135968,1568,49
C#,4,100,142080,143648,1568,49
C#,4,100,149760,151328,1568,49
C#,4,100,165120,166688,1568,49
C#,4,100,172800,174368,1568,49
C#,4,100,180480,182048,1568,49
C#,4,100,188160,189728,1568,49
C#,4,100,195840,197408,1568,49
D,7,90,49920,50907,987,86
D,7,90,51120,51382,262,86
C#,7,90,51360,51533,173,85
C#,7,90,51600,52101,501,85
B,6,90,52080,52254,174,83
B,6,90,52320,53691,1371,83
D,7,90,53760,54786,1026,86
C#,7,90,54720,54944,224,85
D,7,90,54960,55241,281,86
C#,7,90,55200,55390,190,85
C#,7,90,55440,55933,493,85
B,6,90,55920,57551,1631,83
D,7,90,57480,58542,1062,86
C#,7,90,58560,58790,230,85
D,7,90,58800,59069,269,86
C#,7,90,59040,59207,167,85
C#,7,90,59280,59781,501,85
B,6,90,59760,59940,180,83
B,6,90,60000,61370,1370,83
A,6,70,62160,62671,511,81
G,6,70,62640,62901,261,79
B,6,70,62880,65163,2283,83
D,7,90,111360,112347,987,86
C#,7,90,112320,112572,252,85
D,7,90,112560,112822,262,86
C#,7,90,112800,112973,173,85
C#,7,90,113040,113541,501,85
B,6,90,113520,113694,174,83
B,6,90,113760,115131,1371,83
D,7,90,115200,116226,1026,86
C#,7,90,116160,116384,224,85
D,7,90,116400,116681,281,86
C#,7,90,116640,116830,190,85
C#,7,90,116880,117373,493,85
B,6,90,117360,118991,1631,83
D,7,90,119040,119948,908,86
C#,7,90,120000,120230,230,85
D,7,90,120240,120509,269,86
C#,7,90,120480,120647,167,85
C#,7,90,120720,121221,501,85
B,6,90,121200,121380,180,83
B,6,90,121440,122810,1370,83
A,6,70,122880,123532,652,81
A,6,70,123600,124111,511,81
G,6,70,124080,124341,261,79
B,6,70,124320,126603,2283,83
E,6,30,146880,147131,251,76
F,6,40,147120,147397,277,77
E,6,50,147360,147639,279,76
F,6,60,147600,147905,305,77
E,6,70,147840,148104,264,76
F,6,80,148080,148357,277,77
E,6,90,148320,148645,325,76
F,6,100,148560,148859,299,77
E,6,110,148800,149108,308,76
F,6,120,149040,149341,301,77
E,6,127,149280,149543,263,76
F,6,127,149520,149782,262,77
D,7,90,149760,150747,987,86
C#,7,90,150720,150972,252,85
D,7,90,150960,151222,262,86
C#,7,90,151200,151373,173,85
C#,7,90,151440,151941,501,85
B,6,90,151920,152094,174,83
B,6,90,152160,153531,1371,83
D,7,90,153600,154626,1026,86
C#,7,90,154560,154784,224,85
D,7,90,154800,155081,281,86
C#,7,90,155040,155230,190,85
C#,7,90,155280,155773,493,85
B,6,90,155760,157391,1631,83
D,7,90,157440,158348,908,86
C#,7,90,158400,158630,230,85
D,7,90,158640,158909,269,86
C#,7,90,158880,159047,167,85
C#,7,90,159120,159621,501,85
B,6,90,159600,159780,180,83
B,6,90,159840,161210,1370,83
A,6,70,161280,161932,652,81
A,6,70,162000,162511,511,81
G,6,70,162480,162741,261,79
B,6,70,162720,165003,2283,83
D#,3,40,72120,72278,158,39
D#,3,40,72360,72406,46,39
D#,3,40,72480,72654,174,39
D#,3,40,72720,72848,128,39