letter,octave,velocity,time_on,time_off,duration,note_number
G#,5,58,1355,1365,10,68
D#,5,70,1355,1366,11,63
G#,5,62,1396,1405,9,68
D#,5,66,1396,1406,10,63
D#,5,74,1438,1534,96,63
F,5,66,1561,1572,11,65
D#,5,70,1561,1572,11,63
D#,5,70,1601,1611,10,63
F,5,62,1602,1612,10,65
F,5,66,1641,1652,11,65
D#,5,70,1641,1654,13,63
F,5,70,1685,1695,10,65
D#,5,74,1686,1700,14,63
A#,5,50,1858,1881,23,70
A#,6,48,2033,2318,285,82
A,6,57,24733,24799,66,81
A,6,46,24855,24928,73,81
G#,6,55,24923,24983,60,80
A,6,53,24983,25043,60,81
G#,6,54,25040,25103,63,80
A,6,53,25103,25168,65,81
F,6,56,25161,25226,65,77
G#,6,56,25226,25284,58,80
F,6,48,25284,25344,60,77
G#,6,59,25343,25401,58,80
F,6,56,25403,25465,62,77
G#,6,67,25465,25521,56,80
F,6,53,25522,25585,63,77
G#,6,59,25584,25645,61,80
F,6,48,25646,25709,63,77
G#,6,59,25710,25763,53,80
F,6,45,25765,25825,60,77
A,6,56,25825,25884,59,81
F,6,53,25885,25946,61,77
A#,4,114,782,804,22,58
A#,4,114,842,867,25,58
A#,4,114,882,899,17,58
A#,4,114,922,938,16,58
A#,4,114,962,1109,147,58
F,5,114,1147,1162,15,65
F,5,114,1205,1305,100,65
A#,5,114,1204,1334,130,70
D#,5,114,1320,1337,17,63
G#,5,114,1362,1375,13,68
D#,5,114,1363,1378,15,63
D#,5,114,1402,1415,13,63
G#,5,114,1400,1415,15,68
A#,5,114,1441,1458,17,70
A#,5,114,1483,1498,15,70
A#,5,114,1519,1537,18,70
D#,5,114,1441,1543,102,63
D#,5,114,1565,1580,15,63
D#,5,114,1606,1621,15,63
D#,5,114,1645,1659,14,63
D#,5,114,1684,1759,75,63
A#,5,114,1563,1769,206,70
G#,5,114,3480,3498,18,68
C,6,114,3490,3506,16,72
C,6,114,3566,3582,16,72
G#,5,114,3565,3584,19,68
F,5,114,3607,3819,212,65
A,5,114,3605,3820,215,69
D,4,87,4083,4137,54,50
D,4,87,4198,4249,51,50
D,4,87,4294,4302,8,50
D,4,87,4317,4332,15,50
D,4,87,4363,4376,13,50
D,4,87,4398,4414,16,50
G,4,87,4686,4772,86,55
F,4,87,4797,4879,82,53
D#,4,87,4920,5008,88,51
D#,4,87,5040,5052,12,51
D#,5,87,5040,5053,13,63
D#,4,87,5081,5093,12,51
D#,5,87,5081,5094,13,63
D#,5,87,5118,5132,14,63
D#,4,87,5118,5132,14,51
A#,4,87,5160,5252,92,58
D,5,87,5278,5291,13,62
A#,4,87,5280,5295,15,58
A#,4,87,5317,5331,14,58
D,5,87,5316,5331,15,62
D,5,87,5355,5369,14,62
A#,4,87,5357,5375,18,58
C,6,87,5398,5413,15,72
G#,5,87,5398,5417,19,68
B,5,87,5440,5454,14,71
G,5,87,5440,5456,16,67
C,6,87,5481,5497,16,72
G#,5,87,5480,5498,18,68
A,5,87,5521,5725,204,69
F,5,87,5521,5729,208,65
D#,5,38,5882,5982,100,63
G,4,49,5881,5984,103,55
D#,5,50,6002,6206,204,63
G,4,51,6002,6207,205,55
D#,5,54,6236,6336,100,63
G,4,50,6235,6340,105,55
G,4,54,6356,6523,167,55
D#,5,56,6356,6527,171,63
G,4,65,6542,6584,42,55
A,4,63,6598,6776,178,57
F,5,66,6598,6778,180,65
A,4,68,6785,6816,31,57
G,4,71,6841,6894,53,55
D#,5,71,6840,6900,60,63
G,4,75,6960,7171,211,55
D#,5,75,6959,7178,219,63
G,4,81,7198,7294,96,55
D#,5,79,7196,7296,100,63
A,4,86,7437,7542,105,57
D#,5,88,7553,7678,125,63
G,4,88,7552,7679,127,55
A,4,92,7676,7776,100,57
C,5,92,7676,7782,106,60
G,4,95,7803,7917,114,55
A,4,98,7919,7977,58,57
A#,4,99,7973,8037,64,58
D#,5,95,7805,8080,275,63
D,5,101,8087,8144,57,62
C,5,103,8155,8201,46,60
D,5,104,8203,8260,57,62
A#,4,104,8202,8263,61,58
D#,5,104,8269,8389,120,63
A#,4,104,8270,8490,220,58
F,5,104,8386,8614,228,65
C,5,104,8510,8619,109,60
F,4,104,8386,8624,238,53
F,5,103,8643,8694,51,65
F,5,103,8732,8752,20,65
F,5,103,8853,8871,18,65
G#,5,103,8857,8874,17,68
F#,5,103,8885,8958,73,66
D#,5,103,8887,8960,73,63
C#,5,103,8971,8987,16,61
F,5,103,8971,8991,20,65
D#,5,103,9006,9069,63,63
C,5,103,9007,9073,66,60
A#,4,103,9088,9104,16,58
C#,5,103,9097,9115,18,61
C,5,103,9125,9169,44,60
G#,4,103,9120,9169,49,56
A#,5,103,8756,9184,428,70
A#,4,103,9208,9219,11,58
C,5,121,12461,12473,12,60
C,5,112,12488,12613,125,60
A,4,127,12613,12643,30,57
C,5,112,12703,12714,11,60
C,5,118,12733,12851,118,60
A,4,126,12848,12882,34,57
D#,5,112,12931,12947,16,63
D#,5,96,12960,13093,133,63
D,5,107,13086,13128,42,62
D#,5,101,13148,13183,35,63
D,5,102,13173,13205,32,62
C,5,121,13203,13233,30,60
A,4,124,13265,13360,95,57
D,5,43,13930,14276,346,62
G,4,126,13933,14300,367,55
A#,4,108,16630,16643,13,58
D,5,127,16631,16644,13,62
A#,4,103,16650,16663,13,58
D,5,127,16651,16664,13,62
A#,4,114,16670,16683,13,58
D,5,127,16671,16684,13,62
D#,5,127,16690,16703,13,63
B,4,108,16690,16703,13,59
B,4,114,16710,16722,12,59
D#,5,127,16711,16723,12,63
B,4,127,16729,16742,13,59
D#,5,127,16730,16743,13,63
C#,5,108,16750,16762,12,61
F,5,127,16750,16762,12,65
F,5,127,16769,16782,13,65
C#,5,108,16769,16782,13,61
F,5,127,16788,16799,11,65
C#,5,108,16790,16801,11,61
A#,4,93,20711,20721,10,58
D,5,127,20711,20724,13,62
A#,4,109,20730,20743,13,58
D,5,127,20731,20744,13,62
A#,4,112,20750,20763,13,58
D,5,127,20751,20764,13,62
D#,5,127,20770,20783,13,63
B,4,114,20770,20783,13,59
B,4,117,20790,20802,12,59
D#,5,127,20791,20803,12,63
B,4,119,20809,20822,13,59
D#,5,127,20810,20823,13,63
C#,5,121,20830,20842,12,61
F,5,127,20830,20842,12,65
C#,5,123,20849,20862,13,61
F,5,127,20850,20863,13,65
F,5,127,20870,20881,11,65
C#,5,126,20870,20881,11,61
A,4,99,26668,27132,464,57
B,4,112,27128,27508,380,59
C,5,99,27501,27551,50,60
D,5,88,27550,27607,57,62
A,5,85,27623,28102,479,69
C,5,99,27605,28276,671,60
B,5,72,28089,28470,381,71
C,6,68,28464,28519,55,72
E,4,127,28331,28556,225,52
A,4,108,28555,28935,380,57
C,6,67,28602,28937,335,72
B,4,87,28926,29062,136,59
B,5,73,28941,29065,124,71
C,5,100,29058,29170,112,60
E,4,100,29170,29298,128,52
A,5,63,29066,29319,253,69
C,5,87,29297,29380,83,60
A,4,100,29375,29456,81,57
E,5,100,29456,29536,80,64
G,5,39,29302,29538,236,67
F#,5,39,29540,30101,561,66
D,5,113,29531,30528,997,62
A,5,121,31215,31310,95,69
A,5,86,31400,31428,28,69
A,5,114,31456,31964,508,69
F,5,91,32166,32319,153,65
A#,5,91,32340,32385,45,70
A,5,101,32410,32640,230,69
F,5,101,32651,32823,172,65
A#,5,111,32840,32875,35,70
A,5,91,32895,33080,185,69
A,5,120,33134,33222,88,69
A,5,109,33314,33342,28,69
A,5,99,33381,34074,693,69
F#,5,96,34094,34324,230,66
D,5,108,34335,35044,709,62
C,5,96,35050,35065,15,60
A#,4,105,35090,35106,16,58
A,4,80,35130,35149,19,57
G,5,96,35165,35396,231,67
D,5,98,35410,35756,346,62
C,5,98,35770,35803,33,60
A#,4,92,35810,35845,35,58
A,4,83,35850,35884,34,57
G,5,92,35890,36131,241,67
D,5,98,36130,36495,365,62
C,5,89,36490,36815,325,60
F,4,116,36850,36887,37,53
F,4,101,36970,37175,205,53
G,4,106,37210,37255,45,55
F,4,105,37330,37373,43,53
F,4,101,37450,37654,204,53
G,4,99,37690,37763,73,55
F,4,109,37810,37862,52,53
F,4,106,37930,38114,184,53
D#,4,106,38170,38235,65,51
F,4,109,38290,38339,49,53
F,4,110,38410,38619,209,53
D#,4,111,38650,38710,60,51
G#,5,127,42647,42675,28,68
C,5,127,42653,42677,24,60
A#,5,127,42688,42713,25,70
D#,5,127,42688,42714,26,63
G#,5,127,42729,42770,41,68
F,6,127,42731,42795,64,77
G#,5,127,42810,42819,9,68
C,5,127,42813,42826,13,60
A#,5,127,42821,42843,22,70
D#,5,127,42825,42862,37,63
G#,5,127,42852,42980,128,68
F,6,127,42842,43075,233,77
G,5,127,43690,43775,85,67
D,6,127,43810,43900,90,74
C,6,127,43930,43948,18,72
B,5,127,43970,43993,23,71
A,5,127,44010,44032,22,69
C,6,127,44064,44995,931,72
D,5,127,45130,45139,9,62
D,5,127,45170,45180,10,62
D,5,127,45210,45221,11,62
D,5,127,45250,45306,56,62
A#,5,114,1015,1025,10,70
A#,5,114,1030,1040,10,70
A#,5,114,1045,1054,9,70
A#,5,114,1060,1073,13,70
A#,5,114,1076,1094,18,70
F,5,114,1115,1128,13,65
D#,6,114,1153,1166,13,75
F,6,114,1196,1211,15,77
D#,6,114,1236,1249,13,75
A#,5,114,1274,1290,16,70
A#,5,114,1317,1333,16,70
F,5,114,1355,1370,15,65
D#,6,114,1395,1406,11,75
F,6,114,1438,1452,14,77
D#,6,114,1478,1489,11,75
A#,5,114,1515,1528,13,70
A#,5,114,1557,1572,15,70
F,5,114,1597,1613,16,65
D#,6,114,1638,1652,14,75
F,6,114,1680,1694,14,77
A#,5,114,1725,1738,13,70
A#,5,114,1741,1759,18,70
A#,5,114,1772,1790,18,70
F,5,113,1837,1844,7,65
F,5,113,1830,1845,15,65
A,4,113,1831,1867,36,57
F,5,113,1905,1915,10,65
F,5,113,1893,1916,23,65
F,5,113,1968,1979,11,65
F,5,113,1957,1979,22,65
A#,5,113,2042,2259,217,70
F,6,113,2282,2490,208,77
D#,6,113,2521,2537,16,75
D,6,113,2556,2569,13,74
C,6,113,2596,2612,16,72
A#,6,113,2642,2852,210,82
F,6,113,2881,2969,88,77
D#,6,113,2996,3014,18,75
D,6,113,3031,3044,13,74
C,6,113,3072,3089,17,72
A#,6,113,3120,3340,220,82
F,6,113,3365,3435,70,77
D#,6,114,3483,3497,14,75
D,6,114,3518,3533,15,74
D#,6,114,3558,3572,14,75
C,6,114,3599,3849,250,72
F,5,114,3896,3907,11,65
F,5,114,3915,3930,15,65
F,5,114,3935,3950,15,65
A#,5,114,3958,4181,223,70
F,6,114,4201,4431,230,77
D#,6,114,4441,4454,13,75
D,6,114,4478,4491,13,74
C,6,114,4517,4532,15,72
A#,6,114,4561,4786,225,82
F,6,114,4801,4899,98,77
D#,6,114,4920,4939,19,75
D,6,114,4960,4973,13,74
C,6,114,4997,5012,15,72
A#,6,114,5040,5276,236,82
F,6,114,5280,5390,110,77
D#,6,114,5403,5417,14,75
D,6,114,5442,5452,10,74
D#,6,114,5481,5494,13,75
C,6,114,5520,5741,221,72
F,6,114,8630,8706,76,77
F,6,103,8725,8745,20,77
A#,6,103,8760,8820,60,82
G#,6,103,8846,8860,14,80
F,6,103,8846,8864,18,77
D#,6,103,8881,8900,19,75
F#,6,103,8880,8940,60,78
C#,6,103,8971,8984,13,73
F,6,103,8970,8988,18,77
C,6,103,9005,9035,30,72
D#,6,103,9003,9063,60,75
C#,6,103,9092,9106,14,73
A#,5,103,9093,9107,14,70
G#,5,103,9125,9155,30,68
C,6,103,9122,9183,61,72
A#,5,103,9206,9219,13,70
F,6,111,9251,9487,236,77
A#,5,127,9930,9944,14,70
G,5,127,9930,9946,16,67
D#,5,127,9930,9947,17,63
A#,5,127,9960,10068,108,70
G,5,127,9960,10073,113,67
D#,5,127,9960,10074,114,63
E,5,127,10080,10111,31,64
G,5,117,10080,10133,53,67
C,5,112,10080,10135,55,60
A#,5,127,10170,10186,16,70
G,5,127,10170,10188,18,67
D#,5,127,10170,10190,20,63
G,5,127,10200,10311,111,67
D#,5,123,10200,10321,121,63
A#,5,127,10200,10328,128,70
E,5,127,10320,10356,36,64
G,5,127,10320,10360,40,67
C,5,116,10320,10370,50,60
C#,6,127,10410,10423,13,73
A#,5,127,10410,10426,16,70
F#,5,127,10410,10431,21,66
A#,5,127,10440,10537,97,70
F#,5,116,10440,10560,120,66
C#,6,127,10440,10565,125,73
A,5,127,10560,10593,33,69
C,6,127,10560,10596,36,72
F,5,127,10560,10600,40,65
A#,5,127,10620,10641,21,70
C#,6,126,10620,10648,28,73
F#,5,117,10620,10651,31,66
A,5,127,10650,10677,27,69
C,6,123,10650,10681,31,72
F,5,110,10650,10687,37,65
D#,5,127,10680,10698,18,63
G,5,127,10680,10698,18,67
A#,5,116,10680,10698,18,70
E,5,127,10740,11685,945,64
C,5,127,10740,11690,950,60
G,5,127,10740,11700,960,67
C,6,127,12450,12466,16,72
A,5,123,12453,12468,15,69
F,5,127,12448,12469,21,65
C,6,116,12486,12599,113,72
A,5,124,12487,12607,120,69
F,5,116,12485,12610,125,65
F#,5,127,12615,12647,32,66
A,5,124,12608,12651,43,69
D,5,127,12608,12654,46,62
F,5,81,12703,12712,9,65
C,6,127,12700,12713,13,72
A,5,127,12700,12713,13,69
A,5,124,12840,12843,3,69
C,6,127,12730,12843,113,72
F,5,107,12723,12848,125,65
F#,5,121,12848,12879,31,66
D,5,121,12841,12886,45,62
C,6,126,12930,12945,15,72
A,5,127,12733,12946,213,69
D#,6,116,12935,12950,15,75
G#,5,127,12936,12951,15,68
C,6,116,12963,13076,113,72
G#,5,117,12965,13089,124,68
D#,6,112,12966,13093,127,75
G,5,123,13083,13113,30,67
B,5,126,13080,13113,33,71
D,6,116,13083,13113,30,74
C,6,123,13143,13157,14,72
G#,5,121,13145,13168,23,68
D#,6,109,13143,13182,39,75
B,5,93,13168,13191,23,71
G,5,110,13170,13193,23,67
D,6,90,13175,13207,32,74
F,5,127,13198,13218,20,65
A,5,127,13201,13219,18,69
C,6,127,13201,13236,35,72
F,6,101,13882,13898,16,77
F#,6,111,13906,13932,26,78
G,6,125,13924,13994,70,79
G,5,117,14882,14972,90,67
G,5,123,15015,15096,81,67
G,5,123,15140,15212,72,67
D#,5,123,15251,15312,61,63
A#,5,123,15337,15355,18,70
G,5,123,15370,15466,96,67
D#,5,123,15492,15544,52,63
A#,5,123,15584,15602,18,70
G,5,123,15615,15772,157,67
D,6,123,15853,15934,81,74
D,6,123,15973,16053,80,74
D,6,123,16095,16175,80,74
D#,6,123,16215,16268,53,75
A#,5,123,16302,16318,16,70
F#,5,123,16333,16408,75,66
D#,5,123,16450,16515,65,63
A#,5,123,16540,16560,20,70
G,5,123,16573,16719,146,67
G,6,123,16817,16889,72,79
G,5,123,16930,16974,44,67
G,5,123,17028,17046,18,67
G,6,123,17056,17137,81,79
F#,6,123,17176,17238,62,78
F,6,123,17268,17288,20,77
E,6,123,17295,17317,22,76
D#,6,123,17323,17341,18,75
E,6,123,17347,17386,39,76
G#,5,123,17471,17493,22,68
C#,6,123,17535,17625,90,73
C,6,123,17653,17728,75,72
B,5,123,17745,17766,21,71
A#,5,123,17776,17798,22,70
A,5,123,17805,17825,20,69
A#,5,123,17836,17852,16,70
D#,5,123,17956,17977,21,63
F#,5,123,18014,18098,84,66
D#,5,123,18133,18208,75,63
F#,5,123,18225,18241,16,66
A#,5,123,18256,18339,83,70
G,5,123,18377,18437,60,67
A#,5,123,18465,18482,17,70
D,6,123,18496,18664,168,74
G,6,123,18737,18809,72,79
G,5,123,18850,18894,44,67
G,5,123,18948,18966,18,67
G,6,123,18976,19057,81,79
F#,6,123,19096,19158,62,78
F,6,123,19188,19208,20,77
E,6,123,19215,19237,22,76
D#,6,123,19243,19261,18,75
E,6,123,19267,19306,39,76
G#,5,123,19391,19413,22,68
C#,6,123,19455,19545,90,73
C,6,123,19573,19648,75,72
B,5,123,19665,19686,21,71
A#,5,123,19696,19718,22,70
A,5,123,19725,19745,20,69
A#,5,123,19756,19772,16,70
D#,5,123,19876,19897,21,63
F#,5,123,19934,20018,84,66
D#,5,123,20053,20128,75,63
A#,5,123,20145,20161,16,70
G,5,123,20176,20259,83,67
D#,5,123,20297,20357,60,63
A#,5,123,20385,20402,17,70
G,5,123,20416,20584,168,67
D,5,122,21853,21918,65,62
D,5,127,22096,22149,53,62
D,5,127,22336,22384,48,62
G#,5,112,23353,23361,8,68
E,5,106,23352,23362,10,64
C,5,109,23352,23363,11,60
G#,5,112,23375,23382,7,68
E,5,86,23375,23383,8,64
C,5,101,23375,23385,10,60
G#,5,86,23391,23401,10,68
E,5,91,23391,23401,10,64
C,5,91,23393,23403,10,60
F,5,70,23413,23421,8,65
A,5,78,23413,23422,9,69
C#,5,112,23414,23423,9,61
A,5,75,23432,23440,8,69
C#,5,109,23433,23441,8,61
F,5,75,23432,23442,10,65
A,5,78,23451,23460,9,69
C#,5,121,23451,23461,10,61
F,5,78,23451,23461,10,65
F#,5,124,23475,23483,8,66
D,5,99,23476,23485,9,62
A#,4,101,23475,23485,10,58
F#,5,106,23493,23501,8,66
D,5,65,23493,23501,8,62
A#,4,121,23495,23503,8,58
F#,5,119,23511,23522,11,66
A#,4,105,23513,23524,11,58
D,5,75,23511,23524,13,62
G#,5,127,23593,23601,8,68
E,5,96,23593,23603,10,64
C,5,96,23594,23604,10,60
G#,5,95,23615,23622,7,68
C,5,101,23615,23623,8,60
E,5,96,23615,23624,9,64
G#,5,96,23631,23640,9,68
E,5,96,23631,23641,10,64
C,5,80,23632,23642,10,60
A,5,94,23655,23662,7,69
F,5,91,23654,23662,8,65
C#,5,127,23654,23664,10,61
F,5,80,23673,23681,8,65
A,5,86,23673,23681,8,69
C#,5,109,23675,23683,8,61
A,5,96,23692,23700,8,69
F,5,80,23691,23701,10,65
C#,5,121,23692,23702,10,61
F#,5,127,23716,23724,8,66
D,5,101,23716,23727,11,62
A#,4,127,23718,23728,10,58
F#,5,124,23735,23743,8,66
D,5,80,23736,23745,9,62
A#,4,101,23736,23747,11,58
F#,5,119,23751,23762,11,66
A#,4,105,23753,23764,11,58
D,5,75,23751,23764,13,62
C,6,112,23833,23841,8,72
G#,5,106,23832,23842,10,68
E,5,109,23832,23843,11,64
C,6,112,23855,23862,7,72
G#,5,86,23855,23863,8,68
E,5,101,23855,23865,10,64
C,6,86,23871,23881,10,72
G#,5,91,23871,23881,10,68
E,5,91,23873,23883,10,64
A,5,70,23893,23901,8,69
C#,6,78,23893,23902,9,73
F,5,112,23894,23903,9,65
C#,6,75,23912,23920,8,73
F,5,109,23913,23921,8,65
A,5,75,23912,23922,10,69
C#,6,78,23931,23940,9,73
F,5,121,23931,23941,10,65
A,5,78,23931,23941,10,69
A#,5,124,23955,23963,8,70
F#,5,99,23956,23965,9,66
D,5,101,23955,23965,10,62
A#,5,106,23973,23981,8,70
F#,5,65,23973,23981,8,66
D,5,121,23975,23983,8,62
A#,5,119,23991,24002,11,70
D,5,105,23993,24004,11,62
F#,5,75,23991,24004,13,66
C,6,127,24073,24083,10,72
G#,5,96,24073,24084,11,68
E,5,96,24074,24085,11,64
C,6,95,24095,24103,8,72
E,5,101,24095,24105,10,64
G#,5,96,24095,24106,11,68
C,6,96,24111,24122,11,72
G#,5,96,24111,24123,12,68
E,5,80,24112,24124,12,64
C#,6,94,24135,24144,9,73
A,5,91,24134,24144,10,69
F,5,127,24134,24145,11,65
A,5,80,24153,24163,10,69
C#,6,86,24153,24163,10,73
F,5,109,24155,24164,9,65
C#,6,96,24172,24182,10,73
A,5,80,24171,24183,12,69
F,5,121,24172,24184,12,65
A#,5,127,24196,24206,10,70
D,5,127,24198,24209,11,62
F#,5,101,24196,24209,13,66
A#,5,124,24215,24225,10,70
F#,5,80,24216,24227,11,66
D,5,101,24216,24229,13,62
A#,5,114,24233,24246,13,70
D,5,127,24234,24247,13,62
F#,5,96,24233,24248,15,66
C,6,119,24261,24311,50,72
G,5,112,24261,24311,50,67
C,5,109,24262,24312,50,60
C,6,114,24378,24401,23,72
G,5,127,24376,24401,25,67
C,5,114,24376,24404,28,60
C,6,121,24439,24489,50,72
G,5,105,24440,24490,50,67
C,5,122,24441,24491,50,60
G,5,124,24555,24605,50,67
C,6,127,24556,24606,50,72
C,5,112,24557,24607,50,60
C,6,127,24673,24723,50,72
G,5,127,24673,24723,50,67
C,5,127,24673,24723,50,60
D,6,97,31228,31276,48,74
A,6,95,31348,31388,40,81
G,6,81,31459,31487,28,79
F#,6,73,31501,31530,29,78
E,6,84,31538,31563,25,76
A,6,88,31710,32006,296,81
G,5,117,32288,32299,11,67
F#,5,100,32322,32343,21,66
E,5,110,32355,32369,14,64
A,5,119,32411,32442,31,69
G,5,117,32528,32539,11,67
F#,5,97,32565,32585,20,66
E,5,103,32601,32612,11,64
D,6,96,32653,32696,43,74
A,5,117,32783,32818,35,69
D,6,70,32874,32889,15,74
A,5,102,32879,32912,33,69
A,6,96,32895,32929,34,81
D,6,106,32919,32937,18,74
A,5,92,33006,33020,14,69
D,6,62,33005,33020,15,74
D,6,110,33028,33059,31,74
A,6,95,33020,33060,40,81
A,5,63,33115,33131,16,69
D,6,94,33139,33169,30,74
G,6,80,33135,33178,43,79
F#,6,88,33175,33197,22,78
E,6,88,33206,33231,25,76
D,7,110,33258,33321,63,86
D,6,56,33487,33502,15,74
A,5,114,33535,33551,16,69
D,6,112,33571,33586,15,74
E,6,105,33611,33692,81,76
D,6,127,33733,33748,15,74
A,5,95,33784,33805,21,69
D,6,113,33815,33832,17,74
A,6,80,33390,33856,466,81
F#,6,123,33857,34279,422,78
A#,4,121,36850,36888,38,58
A#,4,103,36970,37172,202,58
A#,4,110,37210,37245,35,58
A#,4,111,37330,37368,38,58
A#,4,110,37450,37659,209,58
A#,4,113,37690,37733,43,58
A#,4,111,37810,37853,43,58
A#,4,109,37930,38133,203,58
A#,4,112,38170,38215,45,58
A#,4,110,38290,38331,41,58
A#,4,106,38410,38600,190,58
A#,4,111,38650,38701,51,58
D#,6,127,42253,42314,61,75
A#,5,127,42370,42455,85,70
G#,5,127,42484,42510,26,68
G,5,127,42521,42544,23,67
F,5,127,42561,42580,19,65
C,6,127,42618,42974,356,72
D,6,127,42970,43040,70,74
A,6,127,43061,43076,15,81
A,6,127,43094,43340,246,81
B,6,127,44943,44958,15,83
A,6,127,44973,44989,16,81
D,7,127,45013,45120,107,86
D,6,127,45130,45140,10,74
D,6,127,45170,45186,16,74
D,6,127,45210,45224,14,74
D,6,127,45250,45284,34,74
A#,4,114,480,643,163,58
A#,4,114,660,675,15,58
A#,4,114,676,689,13,58
A#,4,114,692,705,13,58
A#,4,114,708,720,12,58
A#,4,114,722,867,145,58
A#,4,114,900,915,15,58
A#,4,114,916,929,13,58
A#,4,114,932,945,13,58
A#,4,114,948,960,12,58
A#,4,114,962,982,20,58
F,4,114,1000,1019,19,53
A#,4,114,1040,1058,18,58
F,5,114,1078,1094,16,65
D#,5,114,1118,1134,16,63
A#,4,114,1155,1171,16,58
A#,4,114,1196,1214,18,58
F,4,114,1234,1253,19,53
D#,5,114,1276,1292,16,63
F,5,114,1317,1332,15,65
A#,4,114,1358,1367,9,58
A#,4,114,1378,1388,10,58
A#,4,114,1395,1409,14,58
D#,5,114,1437,1455,18,63
D#,4,114,1446,1466,20,51
A#,4,114,1476,1496,20,58
F,5,114,1516,1531,15,65
F,4,114,1522,1539,17,53
G#,5,114,1560,1791,231,68
G#,4,114,1570,1805,235,56
F,4,107,1838,1874,36,53
A#,4,107,1837,1878,41,58
F,4,107,1907,1936,29,53
A#,4,107,1910,1942,32,58
F,4,107,1968,2011,43,53
A#,4,107,1970,2012,42,58
F,4,107,2123,2131,8,53
A#,4,107,2121,2132,11,58
F,4,107,2142,2149,7,53
A#,4,107,2141,2149,8,58
F,4,107,2160,2310,150,53
A#,4,107,2160,2312,152,58
A#,4,107,2340,2350,10,58
F,4,107,2342,2352,10,53
A#,4,107,2360,2368,8,58
F,4,107,2360,2369,9,53
A#,4,107,2377,2385,8,58
F,4,107,2378,2386,8,53
F,4,107,2403,2422,19,53
A#,4,107,2404,2426,22,58
G#,4,107,2460,2479,19,56
A#,4,107,2460,2485,25,58
G#,4,107,2580,2605,25,56
A#,4,107,2580,2610,30,58
A#,4,107,2699,2724,25,58
D#,5,107,2698,2728,30,63
D#,5,107,2763,2779,16,63
A#,4,107,2761,2782,21,58
D#,5,107,2820,2828,8,63
A#,4,107,2818,2828,10,58
D#,5,107,2840,2848,8,63
A#,4,107,2838,2848,10,58
D#,5,107,2859,2869,10,63
A#,4,107,2858,2871,13,58
A#,4,107,2880,2896,16,58
F,4,107,2880,2898,18,53
A#,4,107,2920,2935,15,58
F,4,107,2920,2938,18,53
F,4,107,2960,2980,20,53
A#,4,107,2960,2980,20,58
F,4,107,3060,3085,25,53
A#,4,107,3060,3090,30,58
A#,4,107,3179,3204,25,58
D#,5,107,3178,3208,30,63
D#,5,107,3243,3259,16,63
A#,4,107,3241,3262,21,58
D#,5,107,3300,3308,8,63
A#,4,107,3298,3308,10,58
D#,5,107,3320,3328,8,63
A#,4,107,3318,3328,10,58
D#,5,107,3339,3349,10,63
A#,4,107,3333,3349,16,58
A#,4,107,3360,3376,16,58
F,4,107,3360,3378,18,53
A#,4,107,3400,3415,15,58
F,4,107,3400,3418,18,53
F,4,107,3440,3460,20,53
A#,4,107,3440,3460,20,58
A#,4,97,3962,4054,92,58
A#,4,97,4080,4163,83,58
A#,4,97,4199,4275,76,58
A#,4,97,4293,4302,9,58
A#,4,97,4316,4331,15,58
A#,4,97,4365,4377,12,58
A#,4,97,4400,4413,13,58
D#,5,97,4442,4529,87,63
D#,5,97,4556,4614,58,63
D#,5,97,4634,4655,21,63
D#,5,97,4685,4770,85,63
D,5,97,4795,4876,81,62
A#,4,97,4796,4881,85,58
D#,5,97,4920,5008,88,63
A#,4,97,4920,5010,90,58
A#,4,97,5040,5049,9,58
D#,5,97,5040,5053,13,63
D#,5,97,5081,5094,13,63
A#,4,97,5081,5094,13,58
A#,4,97,5118,5131,13,58
D#,5,97,5118,5132,14,63
A#,4,97,5160,5252,92,58
D,5,97,5161,5254,93,62
D,5,97,5278,5291,13,62
A#,4,97,5280,5295,15,58
A#,4,97,5317,5331,14,58
D,5,97,5316,5331,15,62
D,5,97,5355,5369,14,62
A#,4,97,5357,5375,18,58
D#,5,97,5398,5413,15,63
C,5,97,5398,5417,19,60
D,5,97,5440,5454,14,62
B,4,97,5440,5456,16,59
D#,5,97,5481,5497,16,63
C,5,97,5480,5498,18,60
C,5,97,5521,5746,225,60
A,4,97,5521,5746,225,57
C,5,127,9240,9270,30,60
F,5,127,9240,9465,225,65
F,4,127,9480,9495,15,53
F,4,126,9510,9527,17,53
F,4,127,9540,9555,15,53
F,4,127,9570,9587,17,53
F,4,127,9600,9619,19,53
F,4,127,9840,9856,16,53
F,4,122,9870,9882,12,53
F,4,127,9900,9916,16,53
F,4,127,9930,9948,18,53
F,4,127,9960,9979,19,53
F,4,127,10200,10216,16,53
F,4,123,10230,10243,13,53
F,4,127,10260,10273,13,53
F,4,123,10290,10309,19,53
F,4,127,10320,10345,25,53
F,4,127,10560,10576,16,53
F,4,127,10590,10608,18,53
F,4,127,10620,10628,8,53
F,4,127,10650,10667,17,53
F,4,127,10680,10701,21,53
F,4,127,10920,10935,15,53
F,4,127,10950,10966,16,53
F,4,127,10980,10990,10,53
F,4,127,11010,11029,19,53
F,4,127,11040,11062,22,53
F,4,127,11280,11298,18,53
F,4,116,11310,11329,19,53
F,4,127,11340,11347,7,53
F,4,115,11370,11386,16,53
F,4,127,11400,11423,23,53
F,4,127,11640,11656,16,53
F,4,127,11670,11688,18,53
F,4,127,11700,11712,12,53
F,4,127,11730,11746,16,53
F,4,127,11760,11790,30,53
F,4,127,11850,11870,20,53
G#,4,127,11880,11898,18,56
G#,4,116,11910,11926,16,56
G#,4,127,11940,11957,17,56
G#,4,127,11970,11987,17,56
C,6,127,13170,13185,15,72
D#,6,127,13175,13190,15,75
G#,5,127,13176,13191,15,68
C,6,127,13198,13311,113,72
G#,5,127,13205,13329,124,68
D#,6,126,13206,13333,127,75
G,5,127,13323,13353,30,67
B,5,127,13320,13353,33,71
D,6,127,13323,13353,30,74
C,6,127,13383,13406,23,72
G#,5,127,13385,13418,33,68
D#,6,127,13378,13426,48,75
B,5,127,13408,13441,33,71
G,5,127,13410,13442,32,67
D,6,127,13415,13447,32,74
F,5,127,13438,13458,20,65
A,5,127,13441,13459,18,69
C,6,127,13441,13461,20,72
D,5,127,13495,13884,389,62
A,5,127,13491,13894,403,69
G,4,123,14411,14422,11,55
G,4,123,14531,14539,8,55
G,4,123,14591,14601,10,55
G,4,123,14611,14620,9,55
G,4,123,14631,14642,11,55
G,4,123,14651,14661,10,55
G,4,123,14715,14726,11,55
G,4,123,14735,14745,10,55
G,4,123,14753,14765,12,55
D#,4,123,14773,14783,10,51
D#,4,123,14791,14804,13,51
D#,4,123,14810,14821,11,51
D#,4,123,14830,14842,12,51
G,5,127,14893,14960,67,67
G,4,123,15011,15022,11,55
G,4,123,15073,15083,10,55
G,5,123,15010,15083,73,67
G,4,123,15093,15103,10,55
G,4,123,15112,15123,11,55
G,4,123,15131,15141,10,55
G,4,123,15191,15202,11,55
G,5,123,15136,15210,74,67
G,4,123,15211,15222,11,55
G,4,123,15230,15242,12,55
D#,4,123,15251,15261,10,51
D#,4,123,15269,15283,14,51
D#,4,123,15289,15300,11,51
D#,5,123,15253,15311,58,63
D#,4,123,15310,15323,13,51
A#,5,123,15341,15357,16,70
G,4,123,15373,15385,12,55
G,5,123,15372,15456,84,67
G,4,123,15490,15501,11,55
D#,5,123,15491,15549,58,63
G,4,123,15550,15561,11,55
G,4,123,15570,15581,11,55
A#,5,123,15584,15600,16,70
G,4,123,15590,15601,11,55
G,4,123,15610,15621,11,55
G,4,123,15668,15679,11,55
G,4,123,15688,15699,11,55
G,4,123,15710,15721,11,55
D#,4,123,15730,15741,11,51
D#,4,123,15750,15763,13,51
G,5,123,15612,15764,152,67
D#,4,123,15768,15779,11,51
D#,4,123,15790,15801,11,51
G,4,123,15852,15863,11,55
D,6,123,15851,15927,76,74
G,4,123,15973,15984,11,55
G,4,123,16033,16043,10,55
D,6,123,15971,16046,75,74
G,4,123,16052,16063,11,55
G,4,123,16072,16084,12,55
G,4,123,16091,16102,11,55
G,4,123,16153,16163,10,55
D,6,123,16090,16168,78,74
G,4,123,16172,16182,10,55
G,4,123,16192,16204,12,55
D#,4,123,16211,16221,10,51
D#,4,123,16231,16242,11,51
D#,4,123,16251,16262,11,51
D#,6,123,16214,16266,52,75
D#,4,123,16272,16285,13,51
A#,5,123,16301,16320,19,70
D#,5,123,16328,16341,13,63
F#,5,123,16335,16419,84,66
C,5,123,16450,16464,14,60
D#,5,123,16451,16501,50,63
C,5,123,16511,16525,14,60
C,5,123,16531,16544,13,60
A#,5,123,16538,16555,17,70
C,5,123,16551,16564,13,60
G,4,123,16570,16580,10,55
G,4,123,16651,16662,11,55
G,4,123,16670,16683,13,55
G,4,123,16691,16702,11,55
G,5,123,16571,16717,146,67
G,4,123,16710,16723,13,55
G,4,123,16730,16742,12,55
G,4,123,16750,16763,13,55
G,4,123,16810,16821,11,55
G,6,123,16810,16902,92,79
G,4,123,16931,16942,11,55
G,5,123,16931,16991,60,67
G,4,123,16993,17003,10,55
G,4,123,17013,17023,10,55
G,4,123,17032,17043,11,55
G,5,123,17025,17048,23,67
G,4,123,17051,17061,10,55
G,4,123,17111,17122,11,55
G,6,123,17055,17131,76,79
G,4,123,17131,17142,11,55
G,4,123,17150,17162,12,55
D#,4,123,17171,17181,10,51
D#,4,123,17189,17203,14,51
D#,4,123,17209,17220,11,51
F#,6,123,17164,17229,65,78
D#,4,123,17230,17243,13,51
F,6,123,17262,17282,20,77
C#,5,123,17289,17301,12,61
E,6,123,17288,17316,28,76
D#,6,123,17328,17348,20,75
E,6,123,17350,17377,27,76
C#,5,123,17407,17418,11,61
C#,5,123,17470,17481,11,61
G#,5,123,17473,17496,23,68
C#,5,123,17490,17501,11,61
C#,5,123,17510,17521,11,61
C#,5,123,17530,17541,11,61
C#,5,123,17588,17599,11,61
C#,6,123,17533,17613,80,73
C#,5,123,17608,17619,11,61
C#,5,123,17630,17641,11,61
C#,5,123,17650,17661,11,61
C#,5,123,17670,17683,13,61
C#,5,123,17688,17699,11,61
C,6,123,17653,17719,66,72
C#,5,123,17710,17721,11,61
B,5,123,17743,17765,22,71
D#,5,123,17769,17781,12,63
A#,5,123,17775,17798,23,70
A,5,123,17802,17820,18,69
A#,5,123,17833,17859,26,70
D#,5,123,17887,17898,11,63
D#,5,123,17955,17958,3,63
D#,5,123,17950,17959,9,63
D#,5,123,17970,17975,5,63
D#,5,123,17989,18000,11,63
D,5,123,18010,18035,25,62
F#,5,123,18015,18087,72,66
C,5,123,18130,18141,11,60
C,5,123,18150,18163,13,60
C,5,123,18168,18179,11,60
C,5,123,18190,18201,11,60
D#,5,123,18137,18205,68,63
F#,5,123,18226,18241,15,66
G,4,123,18251,18262,11,55
A#,5,123,18260,18341,81,70
D#,5,123,18370,18381,11,63
D#,5,123,18390,18403,13,63
D#,5,123,18408,18419,11,63
D#,5,123,18430,18441,11,63
G,5,123,18375,18442,67,67
A#,5,123,18465,18481,16,70
G,4,123,18493,18503,10,55
G,4,123,18551,18562,11,55
G,4,123,18571,18582,11,55
G,4,123,18591,18603,12,55
G,4,123,18611,18621,10,55
G,4,123,18630,18643,13,55
D,6,123,18497,18648,151,74
G,4,123,18650,18661,11,55
G,4,123,18671,18681,10,55
G,4,123,18690,18703,13,55
G,4,123,18710,18721,11,55
D#,5,123,18730,18741,11,63
G,6,123,18730,18822,92,79
D#,5,123,18851,18862,11,63
G,5,123,18851,18911,60,67
D#,5,123,18913,18923,10,63
D#,5,123,18933,18943,10,63
D#,5,123,18952,18963,11,63
G,5,123,18945,18968,23,67
G,4,123,18971,18981,10,55
G,4,123,19031,19042,11,55
G,6,123,18975,19051,76,79
G,4,123,19051,19062,11,55
G,4,123,19070,19082,12,55
D#,4,123,19091,19101,10,51
D#,4,123,19109,19123,14,51
D#,4,123,19129,19140,11,51
F#,6,123,19084,19149,65,78
D#,4,123,19150,19163,13,51
F,6,123,19182,19202,20,77
C#,5,123,19209,19221,12,61
E,6,123,19208,19236,28,76
D#,6,123,19248,19268,20,75
E,6,123,19270,19297,27,76
C#,5,123,19327,19338,11,61
C#,5,123,19390,19401,11,61
G#,5,123,19393,19416,23,68
C#,5,123,19410,19421,11,61
C#,5,123,19430,19441,11,61
C#,5,123,19450,19461,11,61
C#,5,123,19508,19519,11,61
C#,6,123,19453,19533,80,73
G#,5,123,19455,19535,80,68
C#,5,123,19528,19539,11,61
C#,5,123,19550,19561,11,61
C#,5,123,19570,19581,11,61
C#,5,123,19590,19603,13,61
C#,5,123,19608,19619,11,61
G#,5,123,19575,19628,53,68
C,6,123,19573,19639,66,72
C#,5,123,19630,19641,11,61
B,5,123,19663,19679,16,71
G#,5,123,19663,19681,18,68
D#,5,123,19689,19701,12,63
F#,5,123,19694,19714,20,66
A#,5,123,19693,19716,23,70
A,5,123,19721,19739,18,69
F,5,123,19721,19741,20,65
F#,5,123,19753,19776,23,66
A#,5,123,19751,19777,26,70
D#,5,123,19807,19818,11,63
D#,5,123,19875,19878,3,63
D#,5,123,19870,19879,9,63
D#,5,123,19890,19895,5,63
D#,5,123,19910,19921,11,63
D#,5,123,19930,19941,11,63
F#,5,123,19935,20007,72,66
C,5,123,20050,20061,11,60
C,5,123,20070,20083,13,60
C,5,123,20088,20099,11,60
C,5,123,20110,20121,11,60
D#,5,123,20053,20121,68,63
F#,5,123,20051,20127,76,66
A#,5,123,20053,20132,79,70
A#,5,123,20146,20161,15,70
G,4,123,20171,20182,11,55
G,5,123,20174,20254,80,67
D#,5,123,20291,20292,1,63
D#,5,123,20290,20293,3,63
D#,5,123,20310,20323,13,63
D#,5,123,20328,20339,11,63
D#,5,123,20350,20359,9,63
A#,5,123,20290,20360,70,70
F#,5,123,20290,20360,70,66
A#,5,123,20387,20403,16,70
G,4,123,20413,20423,10,55
G,4,123,20471,20482,11,55
G,4,123,20491,20502,11,55
G,4,123,20511,20523,12,55
G,4,123,20531,20541,10,55
G,4,106,20550,20563,13,55
G,5,123,20413,20564,151,67
G,4,106,20570,20581,11,55
G,4,106,20591,20604,13,55
G,4,106,20731,20742,11,55
G,4,106,20750,20763,13,55
G,4,106,20771,20782,11,55
G,4,106,20790,20803,13,55
G,4,106,20810,20822,12,55
G,4,106,20830,20843,13,55
D,5,114,21853,21907,54,62
D,4,127,21851,21909,58,50
D,5,103,22094,22139,45,62
D,4,119,22093,22143,50,50
D,5,114,22333,22379,46,62
D,4,127,22333,22380,47,50
G#,5,112,23353,23361,8,68
E,5,106,23352,23362,10,64
C,5,109,23352,23363,11,60
G#,5,112,23375,23382,7,68
E,5,86,23375,23383,8,64
C,5,101,23375,23385,10,60
G#,5,86,23391,23401,10,68
E,5,91,23391,23401,10,64
C,5,91,23393,23403,10,60
F,5,70,23413,23421,8,65
A,5,78,23413,23422,9,69
C#,5,112,23414,23423,9,61
A,5,75,23432,23440,8,69
C#,5,109,23433,23441,8,61
F,5,75,23432,23442,10,65
A,5,78,23451,23460,9,69
C#,5,121,23451,23461,10,61
F,5,78,23451,23461,10,65
F#,5,124,23475,23483,8,66
D,5,99,23476,23485,9,62
A#,4,101,23475,23485,10,58
F#,5,106,23493,23501,8,66
D,5,65,23493,23501,8,62
A#,4,121,23495,23503,8,58
F#,5,119,23511,23522,11,66
A#,4,105,23513,23524,11,58
D,5,75,23511,23524,13,62
G#,5,127,23593,23601,8,68
E,5,96,23593,23603,10,64
C,5,96,23594,23604,10,60
G#,5,95,23615,23622,7,68
C,5,101,23615,23623,8,60
E,5,96,23615,23624,9,64
G#,5,96,23631,23640,9,68
E,5,96,23631,23641,10,64
C,5,80,23632,23642,10,60
A,5,94,23655,23662,7,69
F,5,91,23654,23662,8,65
C#,5,127,23654,23664,10,61
F,5,80,23673,23681,8,65
A,5,86,23673,23681,8,69
C#,5,109,23675,23683,8,61
A,5,96,23692,23700,8,69
F,5,80,23691,23701,10,65
C#,5,121,23692,23702,10,61
F#,5,127,23716,23724,8,66
D,5,101,23716,23727,11,62
A#,4,127,23718,23728,10,58
F#,5,124,23735,23743,8,66
D,5,80,23736,23745,9,62
A#,4,101,23736,23747,11,58
G#,5,112,23833,23841,8,68
E,5,106,23832,23842,10,64
C,5,109,23832,23843,11,60
G#,5,112,23855,23862,7,68
E,5,86,23855,23863,8,64
C,5,101,23855,23865,10,60
G#,5,86,23871,23881,10,68
E,5,91,23871,23881,10,64
C,5,91,23873,23883,10,60
F,5,70,23893,23901,8,65
A,5,78,23893,23902,9,69
C#,5,112,23894,23903,9,61
A,5,75,23912,23920,8,69
C#,5,109,23913,23921,8,61
F,5,75,23912,23922,10,65
A,5,78,23931,23940,9,69
C#,5,121,23931,23941,10,61
F,5,78,23931,23941,10,65
F#,5,124,23955,23963,8,66
D,5,99,23956,23965,9,62
A#,4,101,23955,23965,10,58
F#,5,106,23973,23981,8,66
D,5,65,23973,23981,8,62
A#,4,121,23975,23983,8,58
F#,5,119,23991,24002,11,66
A#,4,105,23993,24004,11,58
D,5,75,23991,24004,13,62
G#,5,127,24073,24081,8,68
E,5,96,24073,24083,10,64
C,5,96,24074,24084,10,60
G#,5,95,24095,24102,7,68
C,5,101,24095,24103,8,60
E,5,96,24095,24104,9,64
G#,5,96,24111,24120,9,68
E,5,96,24111,24121,10,64
C,5,80,24112,24122,10,60
A,5,94,24135,24142,7,69
F,5,91,24134,24142,8,65
C#,5,127,24134,24144,10,61
F,5,80,24153,24161,8,65
A,5,86,24153,24161,8,69
C#,5,109,24155,24163,8,61
A,5,96,24172,24180,8,69
F,5,80,24171,24181,10,65
C#,5,121,24172,24182,10,61
F#,5,127,24196,24204,8,66
D,5,101,24196,24207,11,62
A#,4,127,24198,24208,10,58
F#,5,124,24215,24223,8,66
D,5,80,24216,24225,9,62
A#,4,101,24216,24227,11,58
F#,5,114,24233,24243,10,66
A#,4,127,24234,24244,10,58
D,5,96,24233,24245,12,62
F#,4,121,24256,24306,50,54
F#,3,106,24381,24406,25,42
C#,4,127,24380,24406,26,49
F#,4,127,24380,24408,28,54
C#,4,127,24436,24486,50,49
F#,4,127,24436,24486,50,54
F#,3,106,24437,24487,50,42
F#,4,127,24557,24607,50,54
C#,4,127,24559,24609,50,49
F#,3,106,24560,24610,50,42
F#,4,127,24673,24723,50,54
C#,4,127,24674,24724,50,49
F#,3,127,24676,24726,50,42
G#,5,62,24910,24936,26,68
F,5,86,24911,24937,26,65
C#,5,58,24914,24939,25,61
G#,5,50,24970,25128,158,68
C#,5,61,24970,25128,158,61
F,5,68,24969,25129,160,65
G#,5,76,25148,25166,18,68
C#,5,83,25150,25168,18,61
F,5,119,25146,25169,23,65
A,5,95,25216,25250,34,69
C#,5,74,25221,25254,33,61
F,5,88,25213,25254,41,65
A,5,100,25296,25306,10,69
F,5,114,25295,25308,13,65
C#,5,109,25295,25312,17,61
F,5,97,25330,25716,386,65
G#,5,82,25328,25758,430,68
C#,5,62,25329,25763,434,61
D,5,117,30017,30122,105,62
A,5,114,30253,30413,160,69
G,5,117,30491,30551,60,67
F#,5,110,30580,30611,31,66
E,5,112,30657,30688,31,64
D,6,117,30733,30931,198,74
A,5,113,30971,31581,610,69
D,6,47,32883,32905,22,74
A,5,102,32882,32905,23,69
A,6,109,32900,32938,38,81
A,5,88,33008,33024,16,69
D,6,92,33000,33026,26,74
A,6,111,33015,33049,34,81
D,6,74,33033,33054,21,74
D,6,97,33127,33147,20,74
B,5,44,33138,33152,14,71
G,6,73,33120,33171,51,79
F#,6,92,33178,33205,27,78
B,5,88,33200,33215,15,71
E,6,106,33215,33235,20,76
D,6,88,33254,33269,15,74
D,7,127,33255,33294,39,86
D,5,80,33740,33773,33,62
E,5,110,33797,33827,30,64
A,6,76,33380,33878,498,81
D,5,59,33851,33885,34,62
D,6,127,33865,33895,30,74
A,5,102,33865,33895,30,69
F#,5,114,33855,33896,41,66
D,5,84,33983,34003,20,62
D,6,127,33978,34003,25,74
A,5,116,33980,34006,26,69
B,4,121,33973,34007,34,59
D,5,111,34098,34119,21,62
D,6,127,34098,34121,23,74
A,5,122,34097,34122,25,69
A,5,120,34183,34199,16,69
A,6,86,34186,34200,14,81
D,6,116,34185,34200,15,74
D,6,117,34223,34238,15,74
A,5,127,34223,34238,15,69
A,6,102,34224,34242,18,81
A,5,124,34258,34274,16,69
A,6,97,34262,34279,17,81
D,6,117,34265,34280,15,74
A,5,117,34295,34314,19,69
B,4,114,34103,34314,211,59
A,6,106,34295,34317,22,81
D,6,127,34298,34318,20,74
G,5,127,34346,34362,16,67
G,5,97,34330,34362,32,67
G,6,127,34336,34395,59,79
D,7,127,34336,34397,61,86
D,6,127,34690,35045,355,74
C,6,121,35050,35080,30,72
A#,5,127,35090,35121,31,70
A,5,100,35130,35164,34,69
G,6,120,35170,35401,231,79
D,6,122,35410,35756,346,74
C,6,122,35770,35793,23,72
A#,5,114,35810,35835,25,70
A,5,104,35850,35874,24,69
G,6,114,35890,36131,241,79
D,6,122,36130,36495,365,74
C,6,108,36490,36815,325,72
D,4,122,36850,36891,41,50
D,4,106,36970,37171,201,50
D#,4,106,37210,37273,63,51
D,4,112,37330,37374,44,50
D,4,109,37450,37647,197,50
D#,4,110,37690,37749,59,51
C,4,105,37930,38115,185,48
C,4,102,38170,38236,66,48
C,4,106,38290,38353,63,48
C,4,101,38410,38610,200,48
C,4,107,38650,38708,58,48
A#,4,127,41771,41834,63,58
F,5,127,41887,42020,133,65
D#,5,127,42051,42066,15,63
F,5,127,42081,42098,17,65
G,5,127,42121,42182,61,67
D#,5,127,42241,42321,80,63
D#,5,127,42360,42377,17,63
D,5,127,42397,42410,13,62
D#,5,127,42432,42452,20,63
D#,5,127,42461,42467,6,63
D#,5,127,42476,42486,10,63
D#,5,127,42492,42508,16,63
D#,5,127,42527,42538,11,63
D#,5,127,42561,42572,11,63
G#,5,127,42611,42770,159,68
D,5,127,42810,42825,15,62
G#,5,127,42850,42868,18,68
C,6,127,42890,42909,19,72
D#,5,127,42930,42950,20,63
D,6,127,42971,43328,357,74
D,5,127,43331,43421,90,62
A,5,127,43453,43543,90,69
G,5,127,43571,43592,21,67
F#,5,127,43611,43633,22,66
E,5,127,43651,43667,16,64
G,5,127,43696,44409,713,67
E,6,127,44410,44435,25,76
D,6,127,44450,44478,28,74
C,6,127,44490,44525,35,72
F,6,127,44535,44865,330,77
C,6,127,44895,44916,21,72
B,5,127,44938,44958,20,71
A,5,127,44978,44999,21,69
D,6,127,45028,45130,102,74
D,4,127,45131,45143,12,50
D,4,127,45171,45187,16,50
D,4,127,45211,45230,19,50
D,4,127,45251,45289,38,50
A#,5,68,2523,2534,11,70
D#,6,56,2546,2557,11,75
F,6,56,2564,2575,11,77
A#,6,61,2582,2593,11,82
F,6,54,2604,2615,11,77
D#,6,61,2623,2635,12,75
A#,5,64,2646,2657,11,70
D#,6,61,2666,2677,11,75
F,6,61,2685,2696,11,77
A#,6,56,2705,2717,12,82
F,6,54,2725,2736,11,77
D#,6,56,2744,2755,11,75
A#,5,68,2764,2775,11,70
C,6,61,2783,2794,11,72
F,6,61,2803,2814,11,77
A#,6,61,2824,2835,11,82
F,6,61,2842,2853,11,77
C,6,64,2860,2871,11,72
A#,5,68,2881,2892,11,70
C,6,61,2901,2913,12,72
F,6,54,2920,2931,11,77
A#,6,61,2940,2952,12,82
F,6,54,2960,2971,11,77
C,6,64,2979,2990,11,72
A#,5,68,2998,3010,12,70
D#,6,56,3019,3030,11,75
F,6,51,3038,3050,12,77
A#,6,61,3058,3069,11,82
F,6,54,3078,3089,11,77
D#,6,61,3096,3107,11,75
A#,5,64,3116,3126,10,70
D#,6,56,3138,3149,11,75
F,6,56,3155,3166,11,77
A#,6,61,3176,3187,11,82
F,6,52,3196,3207,11,77
D#,6,52,3216,3227,11,75
A#,5,64,3237,3248,11,70
C,6,64,3257,3269,12,72
F,6,61,3276,3287,11,77
A#,6,61,3298,3309,11,82
F,6,61,3318,3329,11,77
C,6,68,3337,3348,11,72
A#,5,68,3356,3367,11,70
C,6,61,3376,3387,11,72
F,6,56,3396,3407,11,77
A#,6,56,3415,3426,11,82
F,6,54,3436,3447,11,77
C,6,64,3455,3466,11,72
A#,5,68,3485,3496,11,70
F,5,49,5882,5895,13,65
G,5,49,5900,5913,13,67
A#,5,49,5916,5929,13,70
D#,6,42,5936,5949,13,75
F,6,45,5953,5966,13,77
A#,6,45,5971,5984,13,82
F,5,49,5993,6006,13,65
G,5,49,6011,6024,13,67
A#,5,49,6030,6043,13,70
D#,6,41,6050,6063,13,75
F,6,45,6068,6081,13,77
A#,6,45,6086,6099,13,82
F,5,49,6108,6121,13,65
G,5,45,6128,6141,13,67
A#,5,49,6148,6161,13,70
D#,6,45,6171,6184,13,75
F,6,43,6191,6204,13,77
A#,6,45,6210,6223,13,82
F,5,45,6235,6248,13,65
G,5,49,6254,6267,13,67
A#,5,53,6273,6286,13,70
D#,6,42,6296,6309,13,75
F,6,45,6311,6324,13,77
A#,6,45,6330,6343,13,82
F,5,49,6353,6366,13,65
G,5,49,6371,6384,13,67
A#,5,49,6390,6403,13,70
D#,6,45,6413,6426,13,75
F,6,43,6433,6446,13,77
A#,6,45,6450,6463,13,82
F,5,49,6473,6486,13,65
G,5,45,6491,6504,13,67
A#,5,49,6512,6525,13,70
D#,6,43,6534,6547,13,75
F,6,49,6551,6564,13,77
A#,6,49,6570,6583,13,82
F,5,49,6842,6855,13,65
G,5,49,6860,6873,13,67
A#,5,49,6876,6889,13,70
D#,6,42,6896,6909,13,75
F,6,45,6913,6926,13,77
A#,6,45,6931,6944,13,82
F,5,49,6953,6966,13,65
G,5,49,6971,6984,13,67
A#,5,49,6990,7003,13,70
D#,6,41,7010,7023,13,75
F,6,45,7028,7041,13,77
A#,6,45,7046,7059,13,82
F,5,49,7068,7081,13,65
G,5,45,7088,7101,13,67
A#,5,49,7108,7121,13,70
D#,6,45,7131,7144,13,75
F,6,43,7151,7164,13,77
A#,6,45,7170,7183,13,82
F,5,45,7195,7208,13,65
G,5,49,7214,7227,13,67
A#,5,53,7233,7246,13,70
D#,6,42,7256,7269,13,75
F,6,45,7271,7284,13,77
A#,6,45,7290,7303,13,82
F,5,49,7313,7326,13,65
G#,5,49,7331,7344,13,68
C,6,49,7350,7363,13,72
C#,6,45,7373,7386,13,73
F,6,43,7393,7406,13,77
G#,6,45,7410,7423,13,80
F,5,49,7433,7446,13,65
C,6,45,7451,7464,13,72
F,6,49,7472,7485,13,77
C,7,49,7511,7524,13,84
F,6,49,7530,7543,13,77
F,7,74,9241,9342,101,89
C,4,53,20899,20945,46,48
C,5,56,20898,20948,50,60
D,4,53,21859,21905,46,50
D,5,56,21858,21908,50,62
E,4,59,23141,23163,22,52
F,4,16,23145,23175,30,53
G,4,20,23166,23186,20,55
A,4,43,23179,23195,16,57
B,4,37,23190,23207,17,59
C,5,46,23203,23215,12,60
D,5,48,23211,23224,13,62
E,5,52,23220,23231,11,64
F,5,55,23228,23240,12,65
G,5,43,23236,23248,12,67
A,5,48,23244,23258,14,69
B,5,40,23253,23269,16,71
C,6,40,23265,23280,15,72
D,6,46,23276,23292,16,74
E,6,68,23288,23312,24,76
A,6,53,24780,24820,40,81
F,6,40,24822,24859,37,77
C#,7,64,24863,24901,38,85
A,6,50,24903,24943,40,81
F,6,56,24943,24978,35,77
C#,7,67,24981,25022,41,85
A,6,59,25022,25058,36,81
F,6,69,25059,25097,38,77
C#,7,71,25098,25142,44,85
A,6,64,25140,25177,37,81
F,6,64,25178,25219,41,77
C#,7,75,25220,25258,38,85
A,6,62,25258,25294,36,81
F,6,67,25295,25333,38,77
C#,7,68,25336,25376,40,85
A,6,69,25373,25413,40,81
F,6,71,25414,25451,37,77
C#,7,73,25453,25491,38,85
A,6,84,25491,25529,38,81
F,6,75,25530,25572,42,77
A,6,69,25570,25613,43,81
F,6,69,25611,25651,40,77
C#,6,75,25650,25696,46,73
A,6,75,25695,25737,42,81
F,6,69,25735,25772,37,77
C#,6,65,25770,25817,47,73
F,6,65,25811,25851,40,77
C#,6,69,25850,25891,41,73
A,5,65,25889,25944,55,69
E,5,43,25941,25994,53,64
A,5,80,25997,26052,55,69
B,5,96,26040,26087,47,71
E,6,73,26070,26101,31,76
B,6,81,26105,26164,59,83
C,7,66,26136,26186,50,84
D#,6,114,39376,39387,11,75
E,6,52,39442,39453,11,76
F#,6,99,39499,39515,16,78
G#,6,85,39552,39564,12,80
D#,6,114,39613,39628,15,75
E,6,103,39672,39691,19,76
F#,6,114,39743,39759,16,78
F#,6,114,39863,39873,10,78
D#,6,114,39977,39992,15,75
E,6,105,40038,40048,10,76
E,6,6,40054,40065,11,76
F#,6,109,40100,40116,16,78
G#,6,96,40159,40170,11,80
D#,6,114,40220,40236,16,75
E,6,103,40277,40288,11,76
F#,6,114,40345,40358,13,78
F#,6,114,40462,40473,11,78
D#,6,114,40582,40595,13,75
E,6,114,40640,40662,22,76
F#,3,82,40710,40718,8,42
A#,3,94,40754,40762,8,46
C#,4,94,40788,40796,8,49
D#,4,94,40808,40816,8,51
E,4,94,40831,40839,8,52
F#,4,94,40853,40861,8,54
A#,5,94,41680,41692,12,70
F,6,65,41711,41731,20,77
A#,6,94,41771,41782,11,82
F,6,90,41830,41841,11,77
A#,5,94,41890,41903,13,70
F,6,94,41950,41967,17,77
A#,6,94,42010,42021,11,82
F,6,91,42071,42081,10,77
C,6,94,42130,42149,19,72
F,6,94,42190,42211,21,77
A#,6,94,42250,42260,10,82
F,6,94,42310,42331,21,77
C,6,94,42371,42396,25,72
F,6,84,42431,42449,18,77
A#,6,94,42491,42501,10,82
F,6,89,42551,42561,10,77
D#,6,123,42611,42628,17,75
G#,6,123,42670,42691,21,80
G#,6,116,42791,42806,15,80
D#,6,123,42851,42866,15,75
G#,6,123,42911,42927,16,80
D#,7,123,42971,42981,10,87
D,4,92,43090,43098,8,50
E,4,92,43098,43101,3,52
F#,4,92,43103,43106,3,54
G,4,92,43110,43113,3,55
A,4,92,43116,43118,2,57
B,4,92,43121,43124,3,59
C#,5,92,43126,43129,3,61
D,5,92,43131,43134,3,62
E,5,92,43136,43139,3,64
F#,5,92,43141,43144,3,66
G,5,92,43146,43149,3,67
A,5,92,43151,43156,5,69
G,5,86,43164,43167,3,67
F#,5,76,43173,43176,3,66
E,5,92,43180,43183,3,64
D,5,92,43190,43193,3,62
D,4,92,43210,43218,8,50
E,4,92,43218,43221,3,52
F#,4,92,43223,43226,3,54
G,4,92,43230,43233,3,55
A,4,92,43236,43238,2,57
B,4,92,43241,43244,3,59
C#,5,92,43246,43249,3,61
D,5,92,43251,43254,3,62
E,5,92,43256,43259,3,64
F#,5,92,43261,43264,3,66
G,5,92,43266,43269,3,67
A,5,92,43271,43276,5,69
G,5,86,43284,43287,3,67
F#,5,77,43293,43296,3,66
E,5,92,43300,43303,3,64
A,4,92,43322,43328,6,57
B,4,92,43328,43334,6,59
C#,5,92,43336,43342,6,61
D,5,92,43345,43351,6,62
E,5,92,43357,43363,6,64
F#,5,92,43372,43378,6,66
G,5,92,43385,43391,6,67
A,5,92,43396,43402,6,69
B,5,92,43408,43414,6,71
C#,6,92,43417,43423,6,73
D,6,92,43427,43433,6,74
E,6,92,43435,43441,6,76
A,6,92,43443,43449,6,81
D#,6,71,5882,5907,25,75
A#,5,66,5917,5942,25,70
F,5,68,5956,5981,25,65
G,5,68,5996,6021,25,67
C,6,75,6036,6061,25,72
F,6,75,6075,6100,25,77
G,6,75,6116,6141,25,79
D#,6,71,6157,6182,25,75
A#,5,71,6196,6221,25,70
A,5,75,6236,6261,25,69
A#,5,66,6276,6301,25,70
F,6,71,6316,6341,25,77
A#,6,80,6358,6383,25,82
F,6,77,6398,6423,25,77
C,6,80,6438,6463,25,72
F,6,86,6478,6503,25,77
A#,6,68,6517,6542,25,82
D#,7,71,6556,6581,25,87
C,7,80,6598,6623,25,84
F,6,75,6637,6662,25,77
C,6,77,6677,6702,25,72
F,6,75,6717,6742,25,77
C,7,77,6757,6782,25,84
F,7,71,6797,6822,25,89
D#,7,86,6838,6863,25,87
A#,6,77,6877,6902,25,82
F,6,77,6916,6941,25,77
C,6,77,6957,6982,25,72
F,6,77,6996,7021,25,77
A#,6,68,7036,7061,25,82
D#,7,77,7076,7101,25,87
A#,6,60,7116,7141,25,82
F,6,75,7157,7182,25,77
D#,6,86,7198,7223,25,75
F,6,80,7237,7262,25,77
A#,6,68,7277,7302,25,82
F,7,86,7318,7343,25,89
C,7,71,7358,7383,25,84
F,6,71,7397,7422,25,77
C,6,86,7437,7462,25,72
F,6,77,7476,7501,25,77
C,7,77,7515,7540,25,84
F,7,86,7556,7581,25,89
A#,6,75,7595,7620,25,82
D#,6,86,7635,7660,25,75
C,7,80,7676,7701,25,84
F,6,77,7715,7740,25,77
C,6,86,7755,7780,25,72
F,4,108,485,615,130,53
D,5,67,485,950,465,62
A#,6,59,480,1765,1285,82
A,6,60,1823,1846,23,81
A#,6,63,1843,1869,26,82
C,7,68,1870,1892,22,84
C#,7,73,1891,1917,26,85
D#,7,77,1915,1941,26,87
F,7,81,1938,1964,26,89
A,7,91,1988,2020,32,93
A#,7,99,2013,3549,1536,94
C,5,114,3606,3618,12,60
B,4,114,3622,3640,18,59
C,5,114,3642,3658,16,60
D,5,114,3660,3680,20,62
D#,5,114,3680,3693,13,63
E,5,114,3697,3715,18,64
F,5,114,3718,3733,15,65
E,5,114,3737,3755,18,64
F,5,114,3757,3775,18,65
G,5,114,3778,3793,15,67
A,5,114,3797,3812,15,69
A#,5,114,3816,3831,15,70
C,6,114,3839,3854,15,72
D,6,93,3860,3882,22,74
D#,6,93,3876,3897,21,75
F,6,93,3895,3920,25,77
G,6,93,3915,3938,23,79
A,6,93,3933,3963,30,81
A#,6,93,3960,3979,19,82
A#,6,93,4002,4028,26,82
A,6,93,4020,4044,24,81
A#,6,93,4040,4061,21,82
A,6,93,4057,4082,25,81
A#,6,93,4075,4096,21,82
A#,6,93,4116,4138,22,82
A,6,93,4132,4157,25,81
A#,6,93,4150,4172,22,82
A,6,93,4168,4192,24,81
A#,6,93,4189,4210,21,82
A#,6,93,4235,4260,25,82
A,6,93,4254,4279,25,81
A#,6,93,4275,4298,23,82
A,6,93,4294,4319,25,81
A#,6,93,4314,4333,19,82
A#,6,93,4355,4380,25,82
A,6,93,4373,4398,25,81
A#,6,93,4395,4418,23,82
A,6,93,4412,4437,25,81
A#,6,93,4435,4456,21,82
A#,6,93,4480,4501,21,82
A,6,93,4493,4520,27,81
A#,6,93,4516,4538,22,82
A,6,93,4532,4559,27,81
A#,6,93,4553,4573,20,82
A#,6,93,4595,4619,24,82
A,6,93,4612,4638,26,81
A#,6,93,4634,4658,24,82
A,6,93,4652,4677,25,81
A#,6,93,4673,4692,19,82
A#,6,93,4716,4740,24,82
A,6,93,4733,4760,27,81
A#,6,93,4756,4779,23,82
A,6,93,4775,4799,24,81
A#,6,93,4799,4818,19,82
A#,6,93,4843,4866,23,82
A,6,93,4860,4886,26,81
A#,6,93,4881,4904,23,82
A,6,93,4900,4925,25,81
A#,6,93,4919,4939,20,82
A#,6,93,4960,4980,20,82
A,6,93,4973,5002,29,81
A#,6,93,4995,5019,24,82
A,6,93,5015,5038,23,81
A#,6,93,5038,5056,18,82
A#,6,93,5081,5104,23,82
A,6,93,5098,5125,27,81
A#,6,93,5120,5147,27,82
A,6,93,5140,5161,21,81
A#,6,93,5161,5181,20,82
A#,6,93,5201,5220,19,82
A,6,93,5213,5242,29,81
A#,6,93,5235,5260,25,82
A,6,93,5255,5280,25,81
A#,6,93,5277,5295,18,82
A#,6,93,5318,5341,23,82
A,6,93,5335,5362,27,81
A#,6,93,5358,5384,26,82
A,6,93,5376,5399,23,81
G#,6,93,5402,5418,16,80
G,6,93,5437,5457,20,79
G#,6,93,5473,5493,20,80
F,6,93,5511,5686,175,77
F,6,97,5751,5834,83,77
F,6,97,5845,5881,36,77
G,6,97,5881,6046,165,79
D#,7,97,6103,6170,67,87
G,6,97,6046,6211,165,79
D,7,97,6168,6219,51,86
C,7,97,6222,6287,65,84
A#,6,96,6284,6344,60,82
A#,6,94,6350,6398,48,82
C,7,94,6387,6422,35,84
D,7,94,6423,6469,46,86
C,7,96,6471,6556,85,84
G,6,97,6560,6595,35,79
A,6,97,6596,6708,112,81
F,6,97,6714,6784,70,77
F,6,97,6803,6844,41,77
G,6,97,6835,7003,168,79
G,6,97,7013,7040,27,79
D#,7,74,7038,7066,28,87
D#,7,97,7070,7125,55,87
D,7,97,7126,7181,55,86
C,7,97,7182,7243,61,84
A#,6,96,7245,7285,40,82
F,7,86,7272,7292,20,89
F,7,97,7298,7400,102,89
C,7,86,7401,7421,20,84
C,7,97,7426,7755,329,84
F,6,97,7765,7801,36,77
G,6,97,7796,7963,167,79
G,6,97,7966,8027,61,79
D#,7,97,8023,8090,67,87
D,7,97,8088,8139,51,86
C,7,97,8142,8207,65,84
A#,6,96,8204,8264,60,82
A#,6,94,8270,8318,48,82
C,7,94,8307,8342,35,84
D,7,94,8343,8389,46,86
C,7,96,8391,8476,85,84
G,6,97,8480,8508,28,79
A,6,97,8516,8628,112,81
F,7,86,8643,8711,68,89
F,7,88,8732,8752,20,89
A#,7,91,8755,8815,60,94
F,7,90,8853,8871,18,89
F#,7,95,8875,8929,54,90
D#,7,95,8877,8931,54,87
C#,7,97,8971,8987,16,85
F,7,97,8971,8991,20,89
D#,7,99,9001,9046,45,87
C,7,99,9007,9054,47,84
A#,6,101,9088,9104,16,82
C#,7,102,9097,9115,18,85
G#,6,102,9120,9169,49,80
C,7,102,9125,9174,49,84
A#,6,106,9203,9214,11,82
F#,6,106,9205,9225,20,78
F,5,100,9330,9352,22,65
F,5,114,9360,9382,22,65
F,5,85,9450,9472,22,65
F,5,114,9480,9502,22,65
F,5,85,9510,9532,22,65
F,5,85,9540,9562,22,65
F,5,85,9570,9592,22,65
F,7,77,9242,9597,355,89
F,5,114,9600,9622,22,65
F,5,85,9690,9712,22,65
F,5,114,9720,9742,22,65
F,5,85,9810,9832,22,65
F,5,114,9840,9862,22,65
F,5,85,9870,9892,22,65
F,5,85,9900,9922,22,65
F,5,85,9930,9952,22,65
F,5,114,9960,9982,22,65
F,5,85,10050,10072,22,65
F,5,127,10080,10102,22,65
F,5,96,10170,10192,22,65
F,5,127,10200,10222,22,65
F,5,96,10230,10252,22,65
F,5,96,10260,10282,22,65
F,5,96,10290,10312,22,65
F,5,127,10320,10342,22,65
F,5,96,10410,10432,22,65
F,5,127,10440,10462,22,65
F,5,96,10530,10552,22,65
F,5,127,10560,10582,22,65
F,5,96,10590,10612,22,65
F,5,96,10620,10642,22,65
F,5,96,10650,10672,22,65
F,5,127,10680,10702,22,65
F,5,96,10770,10792,22,65
F,5,127,10800,10822,22,65
F,5,96,10890,10912,22,65
C#,5,111,10927,10934,7,61
C#,5,127,10920,10935,15,61
C#,5,99,10956,10962,6,61
C#,5,96,10950,10962,12,61
C#,5,111,10986,10992,6,61
C#,5,96,10980,10992,12,61
C#,5,83,11013,11016,3,61
C#,5,96,11010,11016,6,61
F,5,127,11040,11062,22,65
F,5,96,11130,11152,22,65
F,5,127,11160,11182,22,65
F,5,96,11250,11272,22,65
C#,5,110,11280,11281,1,61
C#,5,127,11280,11296,16,61
C#,5,95,11308,11310,2,61
C#,5,96,11310,11311,1,61
C#,5,96,11340,11342,2,61
C#,5,112,11337,11342,5,61
C#,5,96,11370,11376,6,61
C#,5,83,11363,11376,13,61
F,5,127,11400,11422,22,65
F,5,96,11490,11512,22,65
F,5,127,11520,11542,22,65
F,5,96,11610,11632,22,65
C#,5,106,11638,11640,2,61
C#,5,127,11640,11641,1,61
C#,5,84,11668,11670,2,61
C#,5,96,11670,11671,1,61
C#,5,101,11700,11701,1,61
C#,5,96,11700,11711,11,61
C#,5,96,11730,11736,6,61
C#,5,99,11723,11736,13,61
F,5,127,11760,11782,22,65
F,5,96,11790,11812,22,65
F,5,96,11820,11842,22,65
F,5,96,11850,11872,22,65
C,5,127,11880,11902,22,60
C,5,96,11910,11932,22,60
C,5,96,11940,11962,22,60
C,5,96,11970,11992,22,60
G,5,101,12090,12112,22,67
G,5,127,12120,12142,22,67
G,5,101,12210,12232,22,67
G,5,127,12240,12262,22,67
G,5,101,12330,12352,22,67
G,5,127,12360,12382,22,67
G,5,101,12390,12412,22,67
G,5,101,12420,12442,22,67
G,5,101,12450,12472,22,67
G,5,127,12480,12502,22,67
G,5,101,12570,12592,22,67
G,5,127,12600,12622,22,67
G,5,101,12690,12712,22,67
G,5,127,12720,12742,22,67
G,5,101,12750,12772,22,67
G,5,101,12780,12802,22,67
G,5,101,12810,12832,22,67
G,5,127,12840,12862,22,67
D,7,60,12846,12881,35,86
D#,7,61,12877,12908,31,87
D,7,61,12901,12937,36,86
D#,7,62,12933,12966,33,87
D,7,63,12960,12994,34,86
D#,7,65,12992,13024,32,87
D,7,66,13021,13054,33,86
D#,7,67,13052,13085,33,87
D,7,68,13083,13112,29,86
D#,7,69,13111,13144,33,87
D,7,70,13143,13171,28,86
D#,7,71,13173,13204,31,87
D,7,72,13200,13230,30,86
D#,7,73,13228,13263,35,87
D,7,74,13258,13291,33,86
D#,7,75,13286,13317,31,87
D,7,76,13313,13344,31,86
D#,7,77,13340,13374,34,87
D,7,78,13371,13403,32,86
D#,7,79,13400,13435,35,87
D,7,80,13430,13460,30,86
D#,7,81,13459,13492,33,87
D,7,82,13486,13519,33,86
D#,7,83,13517,13553,36,87
D,7,84,13543,13579,36,86
D#,7,85,13575,13612,37,87
D,7,86,13604,13639,35,86
D#,7,87,13636,13672,36,87
D,7,88,13662,13698,36,86
D#,7,89,13691,13724,33,87
D,7,90,13715,13744,29,86
C,7,95,13735,13763,28,84
C#,7,98,13762,13787,25,85
D,7,102,13791,13822,31,86
D#,7,106,13823,13847,24,87
E,7,110,13853,13878,25,88
F,7,113,13878,13896,18,89
F#,7,116,13898,13925,27,90
G,7,119,13921,14024,103,91
G,4,127,14112,14119,7,55
G,4,127,14131,14139,8,55
G,4,127,14150,14159,9,55
G,4,127,14169,14179,10,55
G,4,127,14233,14242,9,55
G,4,127,14253,14263,10,55
G,4,127,14271,14281,10,55
D#,5,127,14291,14301,10,63
D#,5,127,14310,14320,10,63
D#,5,127,14330,14341,11,63
D#,5,127,14350,14358,8,63
G,4,127,14410,14420,10,55
G,4,127,14531,14538,7,55
G,4,127,14592,14600,8,55
G,4,127,14611,14622,11,55
G,4,127,14631,14640,9,55
G,4,127,14651,14662,11,55
G,4,127,14712,14721,9,55
G,4,127,14732,14743,11,55
G,4,127,14752,14762,10,55
D#,5,127,14771,14781,10,63
D#,5,127,14791,14802,11,63
D#,5,127,14810,14820,10,63
D#,5,127,14831,14841,10,63
G,4,127,14891,14900,9,55
G,4,127,15010,15021,11,55
G,4,127,15076,15085,9,55
G,4,127,15095,15106,11,55
G,4,127,15114,15125,11,55
G,4,127,15130,15143,13,55
G,4,127,15193,15203,10,55
G,4,127,15212,15223,11,55
G,4,127,15232,15242,10,55
G,4,127,15251,15262,11,55
D#,5,127,15250,15263,13,63
D#,5,127,15271,15281,10,63
G,4,127,15270,15281,11,55
G,4,127,15288,15298,10,55
D#,5,127,15291,15302,11,63
G,4,127,15309,15319,10,55
D#,5,127,15310,15323,13,63
G,4,127,15375,15383,8,55
G,4,127,15493,15501,8,55
G,4,127,15555,15564,9,55
G,4,127,15572,15582,10,55
G,4,127,15592,15603,11,55
G,4,127,15607,15618,11,55
G,4,127,15674,15683,9,55
G,4,127,15693,15704,11,55
G,4,127,15711,15723,12,55
G,4,127,15728,15739,11,55
A#,4,127,15729,15740,11,58
G,4,127,15750,15761,11,55
A#,4,127,15750,15761,11,58
G,4,127,15765,15776,11,55
A#,4,127,15768,15780,12,58
G,4,127,15788,15798,10,55
A#,4,127,15787,15800,13,58
G,4,127,15851,15861,10,55
G,4,127,15971,15981,10,55
G,4,127,16037,16046,9,55
G,4,127,16056,16067,11,55
G,4,127,16077,16086,9,55
G,4,127,16093,16104,11,55
G,4,127,16151,16160,9,55
G,4,127,16171,16183,12,55
G,4,127,16191,16202,11,55
F#,5,127,16210,16221,11,66
A#,4,127,16210,16222,12,58
A#,4,127,16230,16242,12,58
F#,5,127,16230,16242,12,66
F#,5,127,16250,16260,10,66
A#,4,127,16251,16263,12,58
A#,4,127,16270,16280,10,58
F#,5,127,16270,16280,10,66
D#,5,127,16333,16343,10,63
A#,4,127,16333,16353,20,58
D#,5,127,16452,16454,2,63
D#,5,127,16450,16455,5,63
D#,5,127,16519,16529,10,63
D#,5,127,16536,16548,12,63
D#,5,127,16555,16561,6,63
G,4,127,16572,16583,11,55
D,5,127,16631,16640,9,62
A#,4,127,16630,16642,12,58
A#,4,127,16650,16663,13,58
D,5,127,16650,16663,13,62
A#,4,127,16670,16683,13,58
D,5,127,16670,16683,13,62
B,4,127,16690,16703,13,59
D#,5,127,16690,16703,13,63
B,4,127,16710,16722,12,59
D#,5,127,16710,16722,12,63
D#,5,127,16730,16743,13,63
B,4,127,16730,16743,13,59
F,5,127,16750,16762,12,65
C#,5,127,16750,16762,12,61
C#,5,127,16770,16783,13,61
F,5,127,16770,16783,13,65
C#,5,127,16790,16801,11,61
F,5,127,16790,16801,11,65
G,5,127,16811,16820,9,67
G,5,127,16930,16941,11,67
G,5,127,16996,17005,9,67
G,5,127,17015,17026,11,67
G,5,127,17034,17045,11,67
G,5,127,17050,17063,13,67
G,5,127,17113,17123,10,67
G,5,127,17132,17143,11,67
G,5,127,17152,17162,10,67
G,5,127,17171,17182,11,67
D#,5,127,17170,17183,13,63
D#,5,127,17191,17201,10,63
G,5,127,17190,17201,11,67
G,5,127,17208,17218,10,67
D#,5,127,17211,17222,11,63
G,5,127,17229,17239,10,67
D#,5,127,17230,17243,13,63
G#,5,127,17292,17300,8,68
E,5,127,17292,17300,8,64
E,5,127,17413,17421,8,64
G#,5,127,17413,17421,8,68
E,5,127,17476,17485,9,64
G#,5,127,17476,17485,9,68
E,5,127,17493,17503,10,64
G#,5,127,17493,17503,10,68
E,5,127,17513,17524,11,64
G#,5,127,17513,17524,11,68
E,5,127,17528,17539,11,64
G#,5,127,17528,17539,11,68
E,5,127,17595,17604,9,64
G#,5,127,17595,17604,9,68
E,5,127,17615,17626,11,64
G#,5,127,17615,17626,11,68
E,5,127,17632,17644,12,64
G#,5,127,17632,17644,12,68
G#,5,127,17650,17661,11,68
E,5,127,17650,17661,11,64
E,5,127,17671,17682,11,64
G#,5,127,17671,17682,11,68
E,5,127,17686,17697,11,64
G#,5,127,17686,17697,11,68
E,5,127,17709,17719,10,64
G#,5,127,17709,17719,10,68
D#,5,127,17773,17784,11,63
F#,5,127,17773,17784,11,66
D#,5,127,17887,17898,11,63
F#,5,127,17887,17898,11,66
D#,5,127,17950,17961,11,63
F#,5,127,17950,17961,11,66
D#,5,127,17970,17981,11,63
F#,5,127,17970,17981,11,66
D#,5,127,17990,18001,11,63
F#,5,127,17990,18001,11,66
D#,5,127,18010,18021,11,63
F#,5,127,18010,18021,11,66
D#,5,127,18130,18141,11,63
F#,5,127,18130,18141,11,66
D#,5,127,18150,18163,13,63
F#,5,127,18150,18163,13,66
D#,5,127,18168,18179,11,63
F#,5,127,18168,18179,11,66
D#,5,127,18190,18201,11,63
F#,5,127,18190,18201,11,66
G,5,127,18251,18262,11,67
D#,5,127,18370,18381,11,63
G,5,127,18370,18381,11,67
D#,5,127,18390,18403,13,63
G,5,127,18390,18403,13,67
D#,5,127,18408,18419,11,63
G,5,127,18408,18419,11,67
D#,5,127,18430,18441,11,63
G,5,127,18430,18441,11,67
G,5,127,18493,18503,10,67
G,5,127,18551,18562,11,67
G,5,127,18571,18582,11,67
G,5,127,18591,18601,10,67
G,5,127,18611,18621,10,67
G,5,127,18630,18643,13,67
G,5,127,18650,18661,11,67
G,5,127,18671,18681,10,67
G,5,127,18690,18703,13,67
G,5,127,18710,18721,11,67
G,5,127,18731,18740,9,67
G,5,127,18850,18861,11,67
G,5,127,18916,18925,9,67
G,5,127,18935,18946,11,67
G,5,127,18954,18965,11,67
G,5,127,18970,18983,13,67
G,5,127,19033,19043,10,67
G,5,127,19052,19063,11,67
G,5,127,19072,19082,10,67
G,5,127,19091,19102,11,67
D#,5,127,19090,19103,13,63
D#,5,127,19111,19121,10,63
G,5,127,19110,19121,11,67
G,5,127,19128,19138,10,67
D#,5,127,19131,19142,11,63
G,5,127,19149,19159,10,67
D#,5,127,19150,19163,13,63
G#,5,127,19212,19220,8,68
E,5,127,19212,19220,8,64
E,5,127,19333,19341,8,64
G#,5,127,19333,19341,8,68
E,5,127,19393,19401,8,64
G#,5,127,19396,19405,9,68
E,5,127,19412,19422,10,64
G#,5,127,19413,19423,10,68
E,5,127,19431,19442,11,64
G#,5,127,19433,19444,11,68
G#,5,127,19448,19459,11,68
E,5,127,19450,19461,11,64
E,5,127,19513,19522,9,64
G#,5,127,19515,19524,9,68
E,5,127,19533,19543,10,64
G#,5,127,19535,19546,11,68
E,5,127,19551,19562,11,64
G#,5,127,19552,19564,12,68
G#,5,127,19570,19581,11,68
E,5,127,19570,19581,11,64
E,5,127,19591,19602,11,64
G#,5,127,19591,19602,11,68
G#,5,127,19606,19617,11,68
E,5,127,19608,19619,11,64
G#,5,127,19629,19639,10,68
E,5,127,19630,19640,10,64
D#,5,127,19693,19704,11,63
F#,5,127,19693,19704,11,66
D#,5,127,19807,19818,11,63
F#,5,127,19807,19818,11,66
D#,5,127,19870,19881,11,63
F#,5,127,19870,19881,11,66
D#,5,127,19890,19901,11,63
F#,5,127,19890,19901,11,66
D#,5,127,19910,19921,11,63
F#,5,127,19910,19921,11,66
D#,5,127,19930,19941,11,63
F#,5,127,19930,19941,11,66
D#,5,127,20050,20061,11,63
F#,5,127,20050,20061,11,66
D#,5,127,20070,20083,13,63
F#,5,127,20070,20083,13,66
D#,5,127,20088,20099,11,63
F#,5,127,20088,20099,11,66
D#,5,127,20110,20121,11,63
F#,5,127,20110,20121,11,66
G,5,127,20171,20182,11,67
D#,5,127,20290,20301,11,63
F#,5,127,20290,20301,11,66
D#,5,127,20310,20323,13,63
F#,5,127,20310,20323,13,66
D#,5,127,20328,20339,11,63
F#,5,127,20328,20339,11,66
D#,5,127,20350,20361,11,63
F#,5,127,20350,20361,11,66
G,5,127,20413,20423,10,67
G,5,127,20471,20482,11,67
G,5,127,20491,20502,11,67
G,5,127,20511,20521,10,67
G,5,127,20531,20541,10,67
G,5,127,20550,20563,13,67
G,5,127,20570,20581,11,67
G,5,127,20591,20604,13,67
D,5,127,20711,20720,9,62
A#,4,127,20710,20722,12,58
A#,4,127,20730,20743,13,58
D,5,127,20730,20743,13,62
A#,4,127,20750,20763,13,58
D,5,127,20750,20763,13,62
B,4,127,20770,20783,13,59
D#,5,127,20770,20783,13,63
B,4,127,20790,20802,12,59
D#,5,127,20790,20802,12,63
D#,5,127,20809,20822,13,63
B,4,127,20810,20823,13,59
F,5,127,20830,20841,11,65
C#,5,127,20830,20842,12,61
F,5,127,20848,20861,13,65
C#,5,127,20850,20863,13,61
F,5,127,20868,20879,11,65
C#,5,127,20870,20881,11,61
D,5,127,21847,21885,38,62
D,5,127,22093,22129,36,62
D,5,127,22334,22364,30,62
B,5,77,22811,22832,21,71
G#,5,88,22812,22834,22,68
C,6,77,22830,22853,23,72
G,5,63,22834,22859,25,67
E,5,77,22854,22872,18,64
D,6,69,22849,22874,25,74
F,6,59,22871,22887,16,77
C,5,88,22873,22890,17,60
B,4,74,22893,22908,15,59
E,6,59,22890,22908,18,76
C,5,63,22908,22929,21,60
F,6,63,22909,22932,23,77
C,6,77,22930,22948,18,72
E,5,77,22930,22949,19,64
D#,5,69,22948,22964,16,63
B,5,74,22949,22974,25,71
E,5,69,22965,22987,22,64
C,6,77,22969,22993,24,72
E,6,59,22990,23004,14,76
G#,5,88,22988,23008,20,68
G,5,69,23006,23027,21,67
D#,6,55,23009,23029,20,75
G#,5,88,23025,23043,18,68
E,6,74,23029,23045,16,76
A,5,99,23051,23069,18,69
F,6,77,23051,23071,20,77
E,6,77,23070,23090,20,76
G#,5,69,23070,23093,23,68
F,6,74,23088,23110,22,77
A,5,74,23089,23114,25,69
B,5,77,23111,23128,17,71
G#,6,74,23111,23131,20,80
G,6,74,23130,23150,20,79
A,5,69,23128,23151,23,69
B,5,77,23147,23167,20,71
G#,6,69,23150,23169,19,80
B,6,88,23169,23189,20,83
B,4,99,23172,23195,23,59
A#,6,69,23189,23210,21,82
C,5,77,23191,23211,20,60
B,6,88,23207,23224,17,83
E,5,74,23210,23226,16,64
B,5,99,23230,23252,22,71
F,5,74,23229,23252,23,65
G#,5,77,23248,23267,19,68
C,6,77,23248,23268,20,72
B,5,77,23267,23287,20,71
E,6,74,23268,23288,20,76
A,4,108,23527,23559,32,57
F,5,119,23529,23560,31,65
A,4,119,23771,23802,31,57
F,5,119,23772,23809,37,65
A,4,127,24007,24039,32,57
F,5,127,24008,24042,34,65
G#,5,55,24730,24751,21,68
C,6,61,24749,24767,18,72
C#,6,55,24769,24789,20,73
F,6,55,24790,24816,26,77
C#,6,55,24810,24829,19,73
C,6,55,24829,24850,21,72
G#,5,55,24850,24868,18,68
C,6,61,24870,24892,22,72
C#,6,55,24887,24910,23,73
F,6,55,24910,24931,21,77
C#,6,55,24928,24949,21,73
C,6,55,24947,24966,19,72
G#,5,63,24968,24987,19,68
C,6,61,24987,25008,21,72
C#,6,55,25007,25028,21,73
F,6,55,25028,25048,20,77
C#,6,55,25047,25065,18,73
C,6,55,25068,25092,24,72
G#,5,55,25090,25111,21,68
C,6,55,25108,25133,25,72
C#,6,55,25127,25146,19,73
F,6,55,25148,25174,26,77
C#,6,55,25167,25191,24,73
C,6,55,25187,25207,20,72
G#,5,55,25210,25231,21,68
G#,7,64,24983,25236,253,92
A,5,61,25229,25247,18,69
C#,6,55,25249,25269,20,73
F,6,55,25270,25296,26,77
C#,6,55,25290,25309,19,73
A,5,55,25309,25330,21,69
G#,5,55,25330,25348,18,68
A,5,61,25350,25372,22,69
C#,6,55,25367,25390,23,73
F,6,55,25390,25411,21,77
C#,6,55,25408,25429,21,73
F,7,64,25215,25444,229,89
A,5,55,25427,25446,19,69
G#,5,63,25448,25467,19,68
A,5,61,25467,25488,21,69
C#,6,55,25487,25508,21,73
F,6,55,25508,25528,20,77
C#,6,55,25527,25545,18,73
A,5,55,25548,25572,24,69
G#,5,55,25570,25591,21,68
A,5,55,25588,25613,25,69
C#,6,55,25607,25626,19,73
F,6,55,25628,25654,26,77
C#,6,55,25647,25671,24,73
G,7,64,25442,25674,232,91
A,5,55,25667,25687,20,69
F,6,55,25689,25717,28,77
C#,6,55,25709,25730,21,73
A,5,55,25728,25745,17,69
C#,6,55,25750,25778,28,73
A,5,61,25770,25790,20,69
F,5,55,25790,25815,25,65
C#,6,55,25811,25839,28,73
A,5,55,25831,25849,18,69
F,5,55,25851,25874,23,65
A,5,68,25873,25900,27,69
F,5,55,25900,25928,28,65
C#,6,55,25929,25957,28,73
B,5,55,26007,26084,77,71
E,5,55,26097,26184,87,64
C,6,74,26173,26249,76,72
B,5,55,26252,26340,88,71
E,5,55,26345,26437,92,64
C,6,69,26410,26482,72,72
B,5,59,26488,26573,85,71
E,5,55,26579,26650,71,64
C,5,55,26551,26667,116,60
C,6,77,26648,26731,83,72
B,5,59,26701,26765,64,71
A,5,63,26766,26838,72,69
E,5,63,26825,26901,76,64
C,5,56,26790,26905,115,60
C,6,69,26889,26975,86,72
B,5,55,26952,27010,58,71
A,5,55,27010,27088,78,69
C,5,63,27009,27139,130,60
E,5,63,27073,27145,72,64
E,7,64,25689,27174,1485,88
C,6,74,27133,27209,76,72
B,5,59,27192,27246,54,71
A,5,63,27247,27326,79,69
C,5,69,27255,27380,125,60
E,5,69,27308,27387,79,64
C,6,77,27370,27450,80,72
B,5,55,27428,27483,55,71
A,5,55,27486,27562,76,69
E,5,74,27545,27615,70,64
C,5,63,27493,27616,123,60
C,6,77,27607,27683,76,72
B,5,59,27668,27732,64,71
A,5,55,27725,27810,85,69
C,5,55,27731,27857,126,60
E,5,63,27788,27862,74,64
C,6,77,27848,27921,73,72
B,5,59,27908,27966,58,71
A,5,63,27965,28044,79,69
E,5,63,28027,28093,66,64
C,5,55,27970,28099,129,60
C,6,69,28088,28163,75,72
B,5,55,28148,28209,61,71
A,5,55,28205,28279,74,69
C,5,55,28196,28336,140,60
E,5,59,28266,28337,71,64
C,6,69,28327,28405,78,72
B,5,59,28388,28449,61,71
A,5,55,28448,28524,76,69
C,5,55,28441,28562,121,60
E,5,59,28509,28577,68,64
C,6,74,28569,28644,75,72
B,5,63,28628,28686,58,71
A,5,59,28685,28761,76,69
E,5,63,28745,28817,72,64
C,6,69,28807,28893,86,72
B,5,59,28867,28925,58,71
C,5,63,28681,28925,244,60
A,5,55,28926,29001,75,69
E,5,61,29050,29051,1,64
D,5,85,28920,29055,135,62
C,6,74,29048,29113,65,72
E,5,55,28986,29113,127,64
B,5,59,29107,29175,68,71
A,5,55,29165,29245,80,69
E,5,74,29225,29298,73,64
C,6,69,29286,29361,75,72
B,5,63,29346,29404,58,71
E,4,77,29170,29411,241,52
A,5,55,29405,29476,71,69
G,4,77,29411,29531,120,55
E,5,69,29462,29540,78,64
D,6,69,29528,29603,75,74
A#,5,59,29586,29665,79,70
A,5,55,29645,29723,78,69
F#,5,55,29708,29765,57,66
D,6,74,29768,29836,68,74
A#,5,63,29828,29889,61,70
A,5,63,29888,29954,66,69
F#,5,55,29946,30009,63,66
D,6,69,30008,30080,72,74
A#,5,55,30068,30139,71,70
A,5,69,30128,30188,60,69
F#,5,59,30187,30258,71,66
D,6,63,30248,30326,78,74
A#,5,55,30308,30390,82,70
A,5,59,30368,30432,64,69
F#,5,59,30427,30517,90,66
D,6,55,30488,30563,75,74
A#,5,55,30548,30624,76,70
A,5,55,30609,30670,61,69
F#,5,63,30668,30741,73,66
D,6,69,30728,30809,81,74
A#,5,59,30788,30845,57,70
A,5,55,30849,30914,65,69
F#,5,59,30908,30956,48,66
D,6,55,30970,31042,72,74
A#,5,55,31032,31118,86,70
A,5,69,31092,31167,75,69
D,5,59,31152,31230,78,62
D,6,59,31212,31292,80,74
A#,5,63,31272,31345,73,70
A,5,63,31332,31388,56,69
D,5,59,31388,31463,75,62
D,6,74,31449,31525,76,74
A#,5,63,31511,31575,64,70
A,5,63,31568,31650,82,69
D,5,55,31627,31703,76,62
D,6,63,31688,31775,87,74
A#,5,55,31746,31822,76,70
A,5,59,31807,31877,70,69
A,4,77,29535,31878,2343,57
D,5,55,31868,31909,41,62
F,6,59,31928,31994,66,77
A#,5,63,31988,32046,58,70
A,4,55,31940,32087,147,57
F#,5,55,32053,32098,45,66
F,5,59,32101,32172,71,65
F,6,63,32167,32233,66,77
A#,5,63,32227,32286,59,70
A,4,69,32173,32315,142,57
F#,5,55,32283,32343,60,66
F,5,69,32340,32408,68,65
F,6,77,32403,32474,71,77
A#,5,69,32460,32525,65,70
A,4,63,32413,32552,139,57
F#,5,77,32518,32575,57,66
F,5,111,32574,32642,68,65
F,6,88,32640,32716,76,77
A#,5,74,32698,32765,67,70
A,4,77,32655,32790,135,57
F#,5,74,32760,32830,70,66
F,5,77,32826,32870,44,65
D,6,74,32886,32950,64,74
A#,5,69,32942,33023,81,70
A,4,81,32897,33037,140,57
A,5,69,33006,33078,72,69
D,5,69,33066,33139,73,62
D,6,69,33133,33204,71,74
A#,5,63,33190,33260,70,70
A,4,74,33135,33265,130,57
A,5,74,33244,33319,75,69
D,5,69,33304,33378,74,62
D,6,77,33367,33437,70,74
A#,5,74,33421,33490,69,70
A,4,77,33374,33499,125,57
A,5,63,33475,33554,79,69
D,5,55,33540,33612,72,62
D,6,77,33600,33678,78,74
A#,5,69,33659,33729,70,70
A,4,96,33615,33751,136,57
A,5,63,33715,33785,70,69
D,5,69,33777,33830,53,62
B,5,77,33847,33915,68,71
G,5,63,33905,33973,68,67
A,4,63,33852,33999,147,57
F#,5,74,33965,34037,72,66
B,4,69,34027,34088,61,59
B,5,77,34086,34149,63,71
G,5,74,34141,34206,65,67
A,4,68,34089,34237,148,57
F#,5,55,34198,34274,76,66
B,4,74,34258,34319,61,59
D,5,54,34358,34385,27,62
C#,5,73,34388,34415,27,61
B,5,88,34321,34424,103,71
A#,4,73,34418,34445,27,58
A,4,91,34448,34463,15,57
A#,4,73,34478,34505,27,58
C#,5,73,34508,34535,27,61
D,5,74,34538,34565,27,62
A,4,92,34568,34571,3,57
A,4,55,34325,34571,246,57
A#,4,74,34598,34625,27,58
C#,5,74,34628,34655,27,61
D,5,74,34658,34685,27,62
D,5,54,34718,34745,27,62
C#,5,75,34748,34775,27,61
A#,4,75,34778,34805,27,58
A,4,93,34808,34835,27,57
A#,4,75,34838,34865,27,58
C#,5,75,34868,34895,27,61
D,5,75,34898,34925,27,62
E,5,94,34928,34955,27,64
F#,5,76,34958,34985,27,66
G,5,76,34988,35015,27,67
A,5,76,35018,35045,27,69
D,5,57,35138,35165,27,62
D,5,96,35168,35195,27,62
E,5,77,35198,35225,27,64
F#,5,77,35228,35255,27,66
G,5,57,35258,35285,27,67
G,5,96,35288,35315,27,67
A,5,78,35318,35345,27,69
A#,5,78,35348,35375,27,70
C,6,78,35378,35405,27,72
C#,6,58,35438,35465,27,73
C,6,79,35468,35495,27,72
A#,5,79,35498,35525,27,70
D,5,99,35528,35555,27,62
A,5,59,35618,35645,27,69
C#,6,99,35648,35675,27,73
C,6,80,35678,35705,27,72
A#,5,81,35708,35735,27,70
D,5,81,35738,35765,27,62
D,5,60,35858,35885,27,62
D,5,101,35888,35915,27,62
E,5,83,35918,35945,27,64
F#,5,83,35948,35975,27,66
G,5,83,35978,36005,27,67
A,5,102,36008,36035,27,69
A#,5,83,36038,36065,27,70
C,6,83,36068,36095,27,72
C#,6,83,36098,36125,27,73
C#,6,62,36158,36185,27,73
C,6,83,36188,36215,27,72
A#,5,104,36218,36245,27,70
C#,6,62,36278,36305,27,73
C,6,85,36308,36335,27,72
A#,5,85,36338,36365,27,70
D,5,105,36368,36395,27,62
D,5,62,36458,36485,27,62
G,5,106,36488,36515,27,67
A,5,86,36518,36545,27,69
A#,5,86,36548,36575,27,70
C,6,86,36578,36605,27,72
G,5,107,36668,36695,27,67
A,5,87,36698,36725,27,69
A#,5,118,36728,36755,27,70
C,6,87,36758,36785,27,72
C#,6,87,36788,36815,27,73
D#,6,87,36818,36845,27,75
A#,5,119,36845,36872,27,70
A,5,119,36878,36905,27,69
G,5,105,36908,36935,27,67
F,5,106,36938,36965,27,65
A#,5,106,36968,36995,27,70
A,5,106,36998,37025,27,69
G,5,106,37028,37055,27,67
F,5,106,37058,37085,27,65
A#,5,106,37088,37115,27,70
A,5,106,37118,37145,27,69
G,5,106,37148,37175,27,67
F,5,106,37178,37205,27,65
D#,6,106,37208,37235,27,75
D,6,106,37238,37265,27,74
C,6,106,37268,37295,27,72
A#,5,106,37298,37325,27,70
A#,5,108,37328,37355,27,70
A,5,108,37358,37385,27,69
G,5,108,37388,37415,27,67
F,5,108,37418,37445,27,65
A#,5,108,37448,37475,27,70
A,5,108,37478,37505,27,69
G,5,108,37508,37535,27,67
F,5,108,37538,37565,27,65
A#,5,108,37568,37595,27,70
A,5,108,37598,37625,27,69
G,5,108,37628,37655,27,67
F,5,108,37658,37685,27,65
D#,6,109,37688,37715,27,75
D,6,109,37718,37745,27,74
C,6,109,37748,37775,27,72
A#,5,109,37778,37805,27,70
A#,5,109,37808,37835,27,70
A,5,109,37838,37865,27,69
G,5,109,37868,37895,27,67
F,5,109,37898,37925,27,65
A#,5,109,37928,37955,27,70
A,5,109,37958,37985,27,69
G,5,109,37988,38015,27,67
F,5,109,38018,38045,27,65
A#,5,109,38048,38075,27,70
A,5,110,38078,38105,27,69
G,5,110,38108,38135,27,67
F,5,110,38138,38165,27,65
D#,6,110,38168,38195,27,75
D,6,110,38198,38225,27,74
C,6,110,38228,38255,27,72
A#,5,110,38258,38285,27,70
A#,5,110,38288,38315,27,70
A,5,110,38318,38345,27,69
G,5,110,38348,38375,27,67
F,5,110,38378,38405,27,65
A#,5,110,38408,38435,27,70
A,5,111,38438,38465,27,69
G,5,111,38468,38495,27,67
F,5,111,38498,38525,27,65
A#,5,111,38528,38555,27,70
A,5,111,38558,38585,27,69
G,5,111,38588,38615,27,67
F,5,111,38618,38645,27,65
D#,6,111,38648,38675,27,75
D,6,88,38678,38705,27,74
C,6,88,38708,38735,27,72
A#,5,88,38738,38765,27,70
A,4,88,38770,38797,27,57
A#,4,89,38798,38825,27,58
B,4,89,38833,38860,27,59
C#,5,91,38863,38890,27,61
B,4,91,38888,38915,27,59
A#,4,91,38918,38945,27,58
G#,4,91,38948,38975,27,56
F#,4,91,38978,39005,27,54
B,4,91,39008,39035,27,59
C#,5,93,39038,39065,27,61
D#,5,93,39068,39095,27,63
F#,5,93,39098,39125,27,66
E,5,93,39128,39155,27,64
D#,5,93,39158,39185,27,63
C#,5,93,39188,39215,27,61
B,4,95,39218,39245,27,59
C#,5,95,39258,39285,27,61
D#,5,95,39283,39310,27,63
B,6,70,39253,39313,60,83
E,5,95,39313,39340,27,64
C#,7,70,39332,39353,21,85
D#,7,70,39350,39365,15,87
G#,5,95,39343,39370,27,68
E,7,70,39358,39376,18,88
F#,7,72,39372,39389,17,90
F#,5,97,39373,39400,27,66
D#,5,97,39403,39430,27,63
C#,5,97,39433,39460,27,61
D#,5,97,39463,39490,27,63
E,5,97,39493,39520,27,64
A#,5,97,39523,39550,27,70
C#,6,99,39553,39580,27,73
B,5,99,39583,39610,27,71
A#,5,99,39613,39640,27,70
G#,5,99,39643,39670,27,68
F#,5,99,39673,39700,27,66
E,5,99,39703,39730,27,64
D#,5,101,39733,39760,27,63
B,5,101,39733,39760,27,71
A#,5,101,39758,39785,27,70
F#,5,101,39763,39790,27,66
G#,5,101,39788,39815,27,68
E,5,101,39793,39820,27,64
F#,5,101,39818,39845,27,66
D#,5,101,39823,39850,27,63
E,6,101,39845,39858,13,76
F#,6,101,39851,39867,16,78
B,5,101,39848,39875,27,71
C#,5,101,39853,39880,27,61
A#,5,101,39878,39905,27,70
B,4,101,39883,39910,27,59
G#,5,104,39908,39935,27,68
A#,4,104,39913,39940,27,58
F#,5,102,39938,39965,27,66
G#,4,104,39943,39970,27,56
B,5,104,39968,39995,27,71
D#,5,104,39973,40000,27,63
C#,5,104,39998,40025,27,61
A#,5,85,39998,40025,27,70
B,4,104,40028,40055,27,59
G#,5,85,40028,40055,27,68
A#,4,104,40058,40085,27,58
F#,5,85,40058,40085,27,66
E,6,106,40088,40115,27,76
G#,5,106,40093,40120,27,68
F#,5,106,40118,40145,27,66
D#,6,87,40118,40145,27,75
E,5,106,40148,40175,27,64
C#,6,87,40148,40175,27,73
B,5,87,40178,40205,27,71
F#,5,106,40183,40210,27,66
D#,5,106,40203,40230,27,63
B,5,106,40208,40235,27,71
C#,5,106,40238,40265,27,61
A#,5,87,40238,40265,27,70
B,4,108,40268,40295,27,59
G#,5,89,40268,40295,27,68
F#,6,108,40314,40325,11,78
F#,5,89,40298,40325,27,66
A#,4,108,40298,40325,27,58
G#,6,108,40321,40332,11,80
A#,6,108,40326,40339,13,82
B,6,108,40334,40352,18,83
B,5,108,40328,40355,27,71
D#,5,108,40333,40360,27,63
C#,5,108,40358,40385,27,61
A#,5,89,40358,40385,27,70
B,4,108,40388,40415,27,59
G#,5,89,40388,40415,27,68
A#,4,108,40418,40445,27,58
F#,5,89,40418,40445,27,66
D#,5,110,40448,40475,27,63
B,5,110,40448,40475,27,71
C#,5,110,40478,40505,27,61
A#,5,91,40478,40505,27,70
B,4,110,40508,40535,27,59
G#,5,91,40508,40535,27,68
F#,6,110,40538,40549,11,78
G#,6,110,40547,40562,15,80
F#,5,91,40538,40565,27,66
A#,4,110,40538,40565,27,58
A#,6,110,40561,40574,13,82
B,6,110,40573,40589,16,83
G#,5,110,40568,40595,27,68
E,6,110,40568,40595,27,76
F#,5,110,40598,40625,27,66
D#,6,91,40598,40625,27,75
E,5,127,40628,40655,27,64
C#,6,106,40628,40655,27,73
B,5,106,40658,40685,27,71
D#,5,127,40663,40690,27,63
D#,5,123,40693,40726,33,63
C#,5,117,40720,40755,35,61
B,4,111,40751,40777,26,59
A#,4,111,40782,40812,30,58
D#,5,123,40814,40846,32,63
C#,5,118,40843,40878,35,61
B,4,112,40875,40904,29,59
A#,4,112,40905,40936,31,58
D#,6,120,40932,40964,32,75
C#,6,119,40961,41002,41,73
B,5,113,40992,41018,26,71
A#,5,113,41023,41055,32,70
D#,7,118,41058,41089,31,87
C#,7,118,41087,41127,40,85
B,6,114,41117,41149,32,83
A#,6,114,41142,41175,33,82
D#,7,116,41175,41206,31,87
C#,7,121,41206,41236,30,85
B,6,125,41232,41260,28,83
A#,6,125,41261,41292,31,82
G#,6,125,41297,41327,30,80
F#,6,127,41326,41355,29,78
E,6,127,41355,41381,26,76
D#,6,127,41385,41410,25,75
C#,6,127,41415,41443,28,73
B,5,127,41445,41471,26,71
A#,5,127,41457,41484,27,70
G#,5,127,41480,41511,31,68
F#,5,127,41500,41526,26,66
E,5,127,41521,41546,25,64
D#,5,127,41540,41565,25,63
C#,5,127,41556,41582,26,61
B,4,127,41575,41595,20,59
A#,4,127,41593,41619,26,58
G#,4,127,41610,41631,21,56
F#,4,127,41631,41654,23,54
F,5,108,41651,41668,17,65
A#,5,109,41671,41690,19,70
F,6,109,41690,41700,10,77
F,6,102,41710,41731,21,77
A#,5,102,41730,41745,15,70
F,5,102,41750,41764,14,65
F,5,102,41770,41785,15,65
A#,5,102,41790,41807,17,70
F,6,111,41810,41823,13,77
F,6,112,41830,41851,21,77
A#,5,112,41850,41866,16,70
F,5,112,41870,41881,11,65
F,5,112,41890,41906,16,65
F,4,127,41658,41908,250,53
A#,5,112,41910,41928,18,70
F,6,112,41930,41941,11,77
F,6,112,41950,41970,20,77
A#,5,112,41970,41986,16,70
F,5,113,41990,42003,13,65
F,5,113,42010,42030,20,65
A#,5,113,42030,42048,18,70
F,6,113,42050,42060,10,77
F,6,114,42070,42094,24,77
A#,5,114,42090,42107,17,70
F,5,114,42106,42116,10,65
F,5,114,42135,42154,19,65
A#,5,114,42150,42171,21,70
D#,6,116,42170,42181,11,75
D#,6,116,42190,42212,22,75
A#,5,116,42210,42224,14,70
F,5,116,42226,42236,10,65
F,5,116,42250,42268,18,65
A#,5,116,42265,42281,16,70
D#,6,116,42286,42296,10,75
D#,6,117,42313,42333,20,75
A#,5,117,42330,42346,16,70
F,5,117,42348,42359,11,65
F,5,117,42370,42388,18,65
A#,5,118,42390,42405,15,70
D#,6,118,42410,42420,10,75
D#,6,118,42430,42450,20,75
A#,5,118,42450,42466,16,70
F,5,118,42471,42481,10,65
F,5,119,42493,42516,23,65
A#,5,119,42505,42520,15,70
D#,6,119,42528,42539,11,75
D#,6,119,42550,42573,23,75
A#,5,119,42570,42589,19,70
F,5,119,42583,42593,10,65
D#,5,119,42610,42641,31,63
A#,5,120,42630,42645,15,70
D#,6,120,42650,42660,10,75
D#,6,120,42670,42692,22,75
A#,5,120,42690,42710,20,70
D#,5,121,42710,42719,9,63
D#,5,121,42730,42747,17,63
G#,5,121,42750,42771,21,68
D#,6,121,42770,42779,9,75
D#,6,122,42790,42810,20,75
G#,5,122,42810,42830,20,68
D#,5,123,42830,42841,11,63
D#,5,123,42850,42870,20,63
C,6,87,42847,42870,23,72
F,5,123,42870,42888,18,65
D,6,91,42871,42891,20,74
G,5,122,42890,42895,5,67
D#,6,97,42892,42910,18,75
F,6,101,42912,42928,16,77
G#,5,121,42910,42932,22,68
G,6,104,42930,42948,18,79
A#,5,120,42930,42950,20,70
C,6,120,42950,42964,14,72
A,6,108,42949,42967,18,81
C#,6,120,42970,42989,19,73
A#,6,111,42971,42990,19,82
C,7,117,42992,43010,18,84
D#,6,116,42990,43010,20,75
F,6,114,43010,43021,11,77
D,7,121,43011,43029,18,86
D#,7,125,43030,43045,15,87
G,6,114,43030,43051,21,79
F,7,127,43048,43064,16,89
G#,6,110,43051,43066,15,80
G,7,127,43068,43079,11,91
A,6,85,43070,43097,27,81
A,7,122,43093,43828,735,93
D,6,106,43575,44045,470,74
G,5,95,43575,44045,470,67
A,5,95,43580,44050,470,69
G,6,115,44055,44525,470,79
C,6,100,44055,44525,470,72
D,6,100,44065,44535,470,74
A,6,123,44931,44961,30,81
B,6,123,44950,44985,35,83
C,7,123,44970,45005,35,84
F,6,103,44535,45010,475,77
G,6,104,44535,45010,475,79
C#,7,123,44991,45026,35,85
A,6,123,45010,45087,77,81
D,7,123,45010,45087,77,86
D,6,123,45011,45088,77,74
D,4,124,45131,45144,13,50
D,4,124,45171,45184,13,50
D,3,124,45171,45186,15,38
D,3,124,45211,45225,14,38
D,4,124,45211,45227,16,50
D,3,124,45251,45295,44,38
D,4,124,45251,45297,46,50
C,7,114,44535,45405,870,84
D,5,114,480,630,150,62
A#,5,114,480,675,195,70
A#,3,114,480,682,202,46
A#,2,99,2111,2115,4,34
F,3,99,2130,2132,2,41
A#,2,99,2130,2134,4,34
A#,2,99,2149,2293,144,34
F,3,99,2149,2295,146,41
A#,4,107,2342,2350,8,58
A#,2,99,2342,2350,8,34
F,3,99,2340,2350,10,41
D,4,99,2340,2351,11,50
F,3,99,2360,2368,8,41
A#,2,99,2360,2368,8,34
A#,4,107,2360,2368,8,58
D,4,99,2360,2370,10,50
F,3,99,2376,2384,8,41
A#,4,107,2377,2387,10,58
A#,2,99,2377,2387,10,34
D,4,99,2376,2397,21,50
F,3,99,2403,2425,22,41
A#,4,107,2403,2426,23,58
A#,2,99,2403,2426,23,34
D,4,99,2404,2428,24,50
G#,4,99,2460,2480,20,56
F,3,99,2460,2483,23,41
A#,4,107,2461,2484,23,58
G#,4,99,2581,2612,31,56
F,2,99,2580,2618,38,29
F,4,99,2581,2620,39,53
A#,4,99,2701,2725,24,58
G#,4,99,2700,2736,36,56
F,2,99,2700,2736,36,29
G#,4,99,2764,2780,16,56
D#,5,107,2764,2780,16,63
A#,4,107,2763,2784,21,58
F,2,99,2764,2790,26,29
G#,4,99,2821,2829,8,56
D#,5,107,2821,2829,8,63
A#,4,107,2820,2830,10,58
F,2,99,2818,2831,13,29
G#,4,99,2841,2849,8,56
D#,5,107,2841,2849,8,63
F,2,99,2841,2850,9,29
A#,4,107,2840,2850,10,58
D#,5,107,2860,2870,10,63
A#,4,107,2859,2872,13,58
F,2,99,2860,2872,12,29
G#,4,99,2860,2879,19,56
D,4,99,2881,2897,16,50
A#,4,107,2881,2897,16,58
A#,2,99,2881,2898,17,34
F,4,107,2881,2899,18,53
A#,3,99,2881,2899,18,46
A#,4,107,2921,2936,15,58
D,4,99,2921,2936,15,50
A#,2,99,2921,2939,18,34
F,4,107,2921,2939,18,53
A#,3,99,2921,2939,18,46
A#,3,99,2961,2981,20,46
F,4,107,2961,2981,20,53
D,4,99,2961,2981,20,50
A#,4,107,2961,2981,20,58
A#,2,99,2961,2982,21,34
G#,4,99,3061,3092,31,56
A#,4,99,3060,3096,36,58
D#,4,99,3061,3097,36,51
F,2,99,3060,3098,38,29
A#,4,99,3181,3205,24,58
D#,4,99,3181,3214,33,51
G#,4,99,3180,3216,36,56
F,2,99,3180,3216,36,29
G#,4,99,3244,3260,16,56
D#,5,107,3244,3260,16,63
D#,4,99,3243,3264,21,51
A#,4,107,3243,3264,21,58
F,2,99,3244,3270,26,29
G#,4,99,3301,3309,8,56
D#,5,107,3301,3309,8,63
A#,4,107,3300,3310,10,58
D#,4,99,3300,3310,10,51
F,2,99,3298,3311,13,29
G#,4,99,3321,3329,8,56
D#,5,107,3321,3329,8,63
D#,4,99,3320,3330,10,51
A#,4,107,3320,3330,10,58
F,2,99,3321,3330,9,29
D#,5,107,3340,3350,10,63
G#,4,99,3340,3350,10,56
D#,4,99,3339,3352,13,51
A#,4,107,3339,3352,13,58
F,2,99,3340,3352,12,29
D#,4,99,3361,3377,16,51
A#,4,107,3361,3377,16,58
A#,2,99,3361,3378,17,34
F,4,107,3361,3379,18,53
A#,3,99,3361,3379,18,46
A#,4,107,3401,3416,15,58
D,4,99,3401,3416,15,50
A#,2,99,3401,3419,18,34
F,4,107,3401,3419,18,53
A#,3,99,3401,3419,18,46
A#,3,99,3441,3461,20,46
F,4,107,3441,3461,20,53
D,4,99,3441,3461,20,50
A#,4,107,3441,3461,20,58
A#,2,99,3441,3462,21,34
F,3,105,3603,3629,26,41
F,3,105,3776,3789,13,41
F,3,105,3796,3807,11,41
F,3,90,3813,3825,12,41
F,3,105,3838,3868,30,41
F,3,95,3896,3922,26,41
A#,2,95,3958,4063,105,34
A#,3,95,3958,4063,105,46
A,2,95,4266,4272,6,33
A,3,95,4266,4272,6,45
A,3,95,4197,4335,138,45
A,2,95,4197,4335,138,33
A#,3,95,4319,4337,18,46
A#,2,95,4319,4337,18,34
A#,2,95,4358,4376,18,34
A#,3,95,4358,4376,18,46
A,2,95,4391,4413,22,33
A,3,95,4391,4413,22,45
G,2,95,4560,4641,81,31
G,3,95,4560,4641,81,43
D#,4,95,4643,4664,21,51
D#,3,95,4681,4701,20,39
D#,4,95,4681,4701,20,51
D,3,95,4723,4742,19,38
D,4,95,4723,4742,19,50
C,4,95,4763,4782,19,48
A#,2,95,4807,4827,20,34
A#,3,95,4807,4827,20,46
A,2,95,4845,4863,18,33
A,3,95,4845,4863,18,45
G,2,95,4883,4904,21,31
G,3,95,4883,4904,21,43
F,2,95,4927,5012,85,29
F,3,95,4927,5012,85,41
G,2,95,5041,5067,26,31
G,3,95,5041,5067,26,43
A,2,95,5096,5122,26,33
A,3,95,5096,5122,26,45
A#,2,95,5154,5175,21,34
A#,3,95,5154,5175,21,46
A,2,95,5195,5211,16,33
A,3,95,5195,5211,16,45
G,2,95,5233,5255,22,31
G,3,95,5233,5255,22,43
F,2,95,5277,5305,28,29
F,3,95,5277,5305,28,41
A#,2,95,5339,5373,34,34
A#,3,95,5339,5373,34,46
G#,4,95,5399,5419,20,56
G,4,95,5435,5452,17,55
F,4,95,5397,5484,87,53
F,3,95,5398,5491,93,41
G#,4,95,5476,5492,16,56
F,3,95,5512,5530,18,41
F,2,95,5511,5531,20,29
F,2,95,5547,5566,19,29
F,3,95,5550,5568,18,41
F,2,95,5585,5605,20,29
F,3,95,5587,5609,22,41
F,3,95,5633,5736,103,41
F,2,95,5631,5736,105,29
F,4,95,5514,5774,260,53
F,2,87,5760,5800,40,29
F,5,92,5751,5834,83,65
F,5,92,5845,5881,36,65
G,5,92,5881,6046,165,67
F,2,89,5988,6156,168,29
D#,6,92,6103,6170,67,75
G,5,92,6046,6211,165,67
D,6,92,6168,6219,51,74
C,6,92,6222,6287,65,72
A#,5,91,6284,6344,60,70
A#,5,89,6350,6398,48,70
F,2,89,6223,6404,181,29
C,6,89,6387,6422,35,72
D,6,89,6423,6469,46,74
C,6,91,6471,6556,85,72
G,5,92,6560,6595,35,67
F,2,89,6473,6643,170,29
A,5,92,6596,6708,112,69
F,5,92,6714,6784,70,65
F,5,92,6803,6844,41,65
F,2,89,6711,6869,158,29
G,5,92,6835,7003,168,67
G,5,92,7013,7040,27,67
D#,6,69,7038,7066,28,75
F,2,89,6946,7124,178,29
D#,6,92,7070,7125,55,75
D,6,92,7126,7181,55,74
C,6,92,7182,7243,61,72
A#,5,91,7245,7285,40,70
F,6,81,7272,7292,20,77
F,2,89,7190,7304,114,29
F,6,92,7298,7400,102,77
C,6,82,7401,7421,20,72
F,2,89,7436,7629,193,29
C,6,92,7426,7755,329,72
F,3,89,7670,7781,111,41
F,5,92,7765,7801,36,65
G,5,92,7796,7963,167,67
D#,3,89,7791,8014,223,39
G,5,92,7966,8027,61,67
D#,6,92,8023,8090,67,75
D,6,92,8088,8139,51,74
C,5,114,8153,8204,51,60
C,6,92,8142,8207,65,72
A#,5,91,8204,8264,60,70
C,3,114,8032,8267,235,36
D,5,114,8207,8275,68,62
A#,5,89,8270,8318,48,70
C,6,89,8307,8342,35,72
D,6,89,8343,8389,46,74
C,4,114,8266,8392,126,48
C,6,91,8391,8476,85,72
G,5,92,8480,8508,28,67
D#,5,114,8271,8607,336,63
F,4,114,8391,8618,227,53
A,5,92,8516,8628,112,69
F,3,114,8638,8702,64,41
F,4,114,8642,8703,61,53
F,4,114,8730,8756,26,53
F,3,114,8730,8756,26,41
C,3,114,8758,8834,76,36
C,4,114,8763,8836,73,48
D,3,114,8850,8869,19,38
D,4,114,8851,8876,25,50
D#,4,114,8881,8947,66,51
D#,3,114,8880,8949,69,39
F,3,114,8975,8991,16,41
F,4,114,8972,8995,23,53
F#,4,114,9001,9072,71,54
F#,3,114,9003,9078,75,42
G#,3,114,9100,9113,13,44
G#,4,114,9100,9116,16,56
A#,3,114,9127,9195,68,46
A#,4,114,9128,9199,71,58
F,4,127,9240,9432,192,53
F,4,98,9450,9477,27,53
F,4,124,9480,9507,27,53
F,4,98,9510,9537,27,53
F,4,98,9540,9567,27,53
F,4,98,9570,9597,27,53
F,4,124,9600,9627,27,53
F,4,98,9690,9717,27,53
F,4,124,9720,9747,27,53
F,4,98,9810,9837,27,53
F,4,124,9840,9867,27,53
F,4,98,9870,9897,27,53
F,4,98,9900,9927,27,53
F,4,98,9930,9957,27,53
F,4,124,9960,9987,27,53
F,4,98,10050,10077,27,53
F,4,127,10080,10107,27,53
F,4,110,10170,10197,27,53
F,4,127,10200,10227,27,53
F,4,110,10230,10257,27,53
F,4,110,10260,10287,27,53
F,4,110,10290,10317,27,53
F,4,127,10320,10347,27,53
F,4,110,10410,10437,27,53
F,4,127,10440,10467,27,53
F,4,110,10530,10557,27,53
F,4,127,10560,10587,27,53
F,4,110,10590,10617,27,53
F,4,110,10620,10647,27,53
F,4,110,10650,10677,27,53
F,4,127,10680,10707,27,53
F,4,110,10770,10797,27,53
F,4,127,10800,10827,27,53
F,4,110,10890,10917,27,53
C#,4,127,10920,10947,27,49
C#,4,110,10950,10977,27,49
C#,4,110,10980,11007,27,49
C#,4,110,11010,11037,27,49
F,4,127,11040,11067,27,53
F,4,110,11130,11157,27,53
F,4,127,11160,11187,27,53
F,4,110,11250,11277,27,53
C#,4,127,11280,11307,27,49
C#,4,110,11310,11337,27,49
C#,4,110,11340,11367,27,49
C#,4,110,11370,11397,27,49
F,4,127,11400,11427,27,53
F,4,110,11490,11517,27,53
F,4,127,11520,11547,27,53
F,4,110,11610,11637,27,53
C#,4,127,11640,11667,27,49
C#,4,110,11670,11697,27,49
C#,4,110,11700,11727,27,49
C#,4,110,11730,11757,27,49
F,4,127,11760,11787,27,53
F,4,110,11790,11817,27,53
F,4,110,11820,11847,27,53
F,4,110,11850,11877,27,53
C,4,127,11880,11907,27,48
C,4,110,11910,11937,27,48
C,4,110,11940,11967,27,48
C,4,110,11970,11997,27,48
G,4,110,12090,12117,27,55
G,4,127,12120,12147,27,55
G,4,110,12210,12237,27,55
G,4,127,12240,12267,27,55
G,4,110,12330,12357,27,55
G,4,127,12360,12387,27,55
G,4,110,12390,12417,27,55
G,4,110,12420,12447,27,55
G,4,110,12450,12477,27,55
G,4,127,12480,12507,27,55
G,4,110,12570,12597,27,55
G,4,127,12600,12627,27,55
G,4,110,12690,12717,27,55
G,4,127,12720,12747,27,55
G,4,110,12750,12777,27,55
G,4,110,12780,12807,27,55
G,4,110,12810,12837,27,55
G,4,127,12840,12867,27,55
G,4,110,12930,12957,27,55
G,4,127,12960,12987,27,55
G,4,110,13050,13077,27,55
G,4,127,13080,13107,27,55
G,4,110,13110,13137,27,55
G,4,110,13140,13167,27,55
G,4,110,13170,13197,27,55
G,4,127,13200,13227,27,55
G,4,110,13290,13317,27,55
G,4,127,13320,13347,27,55
G,4,110,13410,13437,27,55
D#,4,127,13440,13467,27,51
D#,4,110,13470,13497,27,51
D#,4,110,13500,13527,27,51
D#,4,110,13530,13557,27,51
G,4,127,13560,13587,27,55
G,4,110,13650,13677,27,55
G,4,127,13680,13707,27,55
D#,4,127,13800,13827,27,51
D#,4,110,13830,13857,27,51
D#,4,110,13860,13887,27,51
D#,4,110,13890,13917,27,51
G,3,127,13931,13990,59,43
G,2,127,14050,14060,10,31
G,3,127,14050,14060,10,43
G,3,127,14108,14118,10,43
G,2,127,14108,14118,10,31
G,2,127,14128,14138,10,31
G,3,127,14128,14138,10,43
G,3,127,14147,14155,8,43
G,2,127,14147,14155,8,31
G,2,127,14170,14188,18,31
G,3,127,14170,14188,18,43
G,3,127,14230,14241,11,43
G,2,127,14230,14241,11,31
G,2,127,14250,14260,10,31
G,3,127,14250,14260,10,43
G,3,127,14270,14280,10,43
G,2,127,14270,14280,10,31
D#,3,127,14289,14299,10,39
A#,4,127,14291,14304,13,58
D#,2,127,14308,14319,11,27
D#,3,127,14308,14319,11,39
A#,4,127,14311,14321,10,58
D#,2,127,14327,14337,10,27
D#,3,127,14327,14337,10,39
A#,4,127,14332,14342,10,58
A#,4,127,14351,14362,11,58
D#,2,127,14348,14362,14,27
D#,3,127,14348,14362,14,39
G,2,127,14411,14422,11,31
G,3,127,14411,14422,11,43
G,3,127,14531,14539,8,43
G,2,127,14531,14539,8,31
G,2,127,14591,14601,10,31
G,3,127,14591,14601,10,43
G,3,127,14611,14620,9,43
G,2,127,14611,14620,9,31
G,2,127,14631,14642,11,31
G,3,127,14631,14642,11,43
G,3,127,14651,14661,10,43
G,2,127,14651,14661,10,31
G,2,127,14715,14726,11,31
G,3,127,14715,14726,11,43
G,3,127,14735,14745,10,43
G,2,127,14735,14745,10,31
G,2,127,14753,14765,12,31
G,3,127,14753,14765,12,43
D#,2,127,14773,14783,10,27
D#,3,127,14773,14783,10,39
A#,4,127,14771,14783,12,58
A#,4,127,14791,14801,10,58
D#,2,127,14791,14804,13,27
D#,3,127,14791,14804,13,39
D#,3,127,14810,14821,11,39
D#,2,127,14810,14821,11,27
A#,4,127,14811,14822,11,58
D#,2,127,14830,14842,12,27
D#,3,127,14830,14842,12,39
A#,4,127,14830,14844,14,58
G,3,127,15011,15022,11,43
G,2,127,15011,15022,11,31
G,2,127,15073,15083,10,31
G,3,127,15073,15083,10,43
G,3,127,15093,15103,10,43
G,2,127,15093,15103,10,31
G,2,127,15112,15123,11,31
G,3,127,15112,15123,11,43
G,3,127,15131,15141,10,43
G,2,127,15131,15141,10,31
G,2,127,15191,15202,11,31
G,3,127,15191,15202,11,43
G,3,127,15211,15222,11,43
G,2,127,15211,15222,11,31
G,2,127,15230,15242,12,31
G,3,127,15230,15242,12,43
D#,2,127,15251,15261,10,27
D#,3,127,15251,15261,10,39
D#,3,127,15269,15283,14,39
D#,2,127,15269,15283,14,27
D#,2,127,15289,15300,11,27
D#,3,127,15289,15300,11,39
D#,2,127,15310,15323,13,27
D#,3,127,15310,15323,13,39
G,3,127,15373,15385,12,43
G,2,127,15373,15385,12,31
G,2,127,15490,15501,11,31
G,3,127,15490,15501,11,43
G,3,127,15550,15561,11,43
G,2,127,15550,15561,11,31
G,2,127,15570,15581,11,31
G,3,127,15570,15581,11,43
G,3,127,15590,15601,11,43
G,2,127,15590,15601,11,31
G,2,127,15610,15621,11,31
G,3,127,15610,15621,11,43
G,3,127,15668,15679,11,43
G,2,127,15668,15679,11,31
G,2,127,15688,15699,11,31
G,3,127,15688,15699,11,43
G,3,127,15710,15721,11,43
G,2,127,15710,15721,11,31
D#,2,127,15730,15741,11,27
D#,3,127,15730,15741,11,39
D#,2,127,15750,15763,13,27
D#,3,127,15750,15763,13,39
D#,2,127,15768,15779,11,27
D#,3,127,15768,15779,11,39
D#,2,127,15790,15801,11,27
D#,3,127,15790,15801,11,39
G,3,127,15852,15863,11,43
G,2,127,15852,15863,11,31
G,2,127,15973,15984,11,31
G,3,127,15973,15984,11,43
G,3,127,16033,16043,10,43
G,2,127,16033,16043,10,31
G,2,127,16052,16063,11,31
G,3,127,16052,16063,11,43
G,3,127,16072,16084,12,43
G,2,127,16072,16084,12,31
G,2,127,16091,16102,11,31
G,3,127,16091,16102,11,43
G,3,127,16153,16163,10,43
G,2,127,16153,16163,10,31
G,2,127,16172,16182,10,31
G,3,127,16172,16182,10,43
G,3,127,16192,16204,12,43
G,2,127,16192,16204,12,31
D#,2,127,16211,16221,10,27
D#,3,127,16211,16221,10,39
A#,4,127,16211,16222,11,58
A#,4,127,16230,16241,11,58
D#,2,127,16231,16242,11,27
D#,3,127,16231,16242,11,39
D#,2,127,16251,16262,11,27
D#,3,127,16251,16262,11,39
A#,4,127,16251,16264,13,58
D#,2,127,16272,16285,13,27
D#,3,127,16272,16285,13,39
A#,4,127,16270,16285,15,58
D#,4,127,16328,16341,13,51
D#,3,127,16328,16344,16,39
C,4,127,16450,16464,14,48
C,3,127,16450,16466,16,36
C,4,127,16511,16525,14,48
C,3,127,16511,16527,16,36
C,4,127,16531,16544,13,48
C,3,127,16531,16546,15,36
C,4,127,16551,16564,13,48
C,3,127,16551,16566,15,36
G,3,127,16570,16580,10,43
G,2,127,16570,16580,10,31
G,2,127,16651,16662,11,31
G,3,127,16651,16662,11,43
G,2,127,16670,16683,13,31
G,3,127,16670,16683,13,43
G,2,127,16691,16702,11,31
G,3,127,16691,16702,11,43
D,4,127,16693,16703,10,50
G,2,127,16710,16723,13,31
G,3,127,16710,16723,13,43
D,4,127,16713,16726,13,50
G,2,127,16730,16742,12,31
G,3,127,16730,16742,12,43
D,4,127,16733,16744,11,50
G,2,127,16750,16763,13,31
G,3,127,16750,16763,13,43
D,4,127,16752,16765,13,50
G,2,127,16810,16821,11,31
G,3,127,16810,16821,11,43
G,3,127,16931,16942,11,43
G,2,127,16931,16942,11,31
G,2,127,16993,17003,10,31
G,3,127,16993,17003,10,43
G,3,127,17013,17023,10,43
G,2,127,17013,17023,10,31
G,2,127,17032,17043,11,31
G,3,127,17032,17043,11,43
G,3,127,17051,17061,10,43
G,2,127,17051,17061,10,31
G,2,127,17111,17122,11,31
G,3,127,17111,17122,11,43
G,3,127,17131,17142,11,43
G,2,127,17131,17142,11,31
G,2,127,17150,17162,12,31
G,3,127,17150,17162,12,43
D#,2,127,17171,17181,10,27
D#,3,127,17171,17181,10,39
D#,3,127,17189,17203,14,39
D#,2,127,17189,17203,14,27
D#,2,127,17209,17220,11,27
D#,3,127,17209,17220,11,39
D#,2,127,17230,17243,13,27
D#,3,127,17230,17243,13,39
C#,4,127,17289,17301,12,49
C#,3,127,17293,17305,12,37
C#,4,127,17407,17418,11,49
C#,3,127,17410,17421,11,37
C#,3,127,17470,17481,11,37
C#,4,127,17470,17481,11,49
C#,3,127,17490,17501,11,37
C#,4,127,17490,17501,11,49
C#,3,127,17510,17521,11,37
C#,4,127,17510,17521,11,49
C#,3,127,17530,17541,11,37
C#,4,127,17530,17541,11,49
C#,4,127,17588,17599,11,49
C#,3,127,17588,17599,11,37
C#,3,127,17608,17619,11,37
C#,4,127,17608,17619,11,49
C#,3,127,17630,17641,11,37
C#,4,127,17630,17641,11,49
C#,3,127,17650,17661,11,37
C#,4,127,17650,17661,11,49
C#,3,127,17670,17683,13,37
C#,4,127,17670,17683,13,49
C#,3,127,17688,17699,11,37
C#,4,127,17688,17699,11,49
C#,3,127,17710,17721,11,37
C#,4,127,17710,17721,11,49
D#,3,127,17771,17781,10,39
D#,4,127,17769,17781,12,51
D#,3,127,17887,17898,11,39
D#,4,127,17887,17898,11,51
D#,4,127,17950,17961,11,51
D#,3,127,17950,17961,11,39
D#,3,127,17970,17981,11,39
D#,4,127,17970,17981,11,51
D#,4,127,17989,18000,11,51
D#,3,127,17990,18001,11,39
D,4,127,18010,18035,25,50
D,3,127,18010,18041,31,38
C,3,127,18130,18141,11,36
C,4,127,18130,18141,11,48
C,4,127,18150,18163,13,48
C,3,127,18150,18163,13,36
C,3,127,18168,18179,11,36
C,4,127,18168,18179,11,48
C,4,127,18190,18201,11,48
C,3,127,18190,18201,11,36
G,2,127,18251,18262,11,31
G,3,127,18251,18262,11,43
D#,4,127,18370,18381,11,51
D#,3,127,18370,18381,11,39
D#,3,127,18390,18403,13,39
D#,4,127,18390,18403,13,51
D#,4,127,18408,18419,11,51
D#,3,127,18408,18419,11,39
D#,4,127,18430,18441,11,51
D#,3,127,18431,18442,11,39
G,3,127,18493,18503,10,43
G,2,127,18493,18503,10,31
G,2,127,18551,18562,11,31
G,3,127,18551,18562,11,43
G,3,127,18571,18582,11,43
G,2,127,18571,18582,11,31
G,2,127,18591,18603,12,31
G,3,127,18591,18603,12,43
G,3,127,18611,18621,10,43
G,2,127,18611,18621,10,31
G,2,127,18630,18643,13,31
G,3,127,18630,18643,13,43
G,3,127,18650,18661,11,43
G,2,127,18650,18661,11,31
G,2,127,18671,18681,10,31
G,3,127,18671,18681,10,43
G,3,127,18690,18703,13,43
G,2,127,18690,18703,13,31
G,2,127,18710,18721,11,31
G,3,127,18710,18721,11,43
D#,4,127,18730,18741,11,51
D#,3,127,18730,18741,11,39
D#,3,127,18851,18862,11,39
D#,4,127,18851,18862,11,51
D#,4,127,18913,18923,10,51
D#,3,127,18913,18923,10,39
D#,3,127,18933,18943,10,39
D#,4,127,18933,18943,10,51
D#,4,127,18952,18963,11,51
D#,3,127,18952,18963,11,39
G,2,127,18971,18981,10,31
G,3,127,18971,18981,10,43
G,3,127,19031,19042,11,43
G,2,127,19031,19042,11,31
G,2,127,19051,19062,11,31
G,3,127,19051,19062,11,43
G,3,127,19070,19082,12,43
G,2,127,19070,19082,12,31
D#,2,127,19091,19101,10,27
D#,3,127,19091,19101,10,39
D#,3,127,19109,19123,14,39
D#,2,127,19109,19123,14,27
D#,2,127,19129,19140,11,27
D#,3,127,19129,19140,11,39
D#,2,127,19150,19163,13,27
D#,3,127,19150,19163,13,39
C#,4,127,19209,19221,12,49
C#,3,127,19213,19225,12,37
C#,4,127,19327,19338,11,49
C#,3,127,19330,19341,11,37
C#,3,127,19390,19401,11,37
C#,4,127,19390,19401,11,49
C#,3,127,19410,19421,11,37
C#,4,127,19410,19421,11,49
C#,3,127,19430,19441,11,37
C#,4,127,19430,19441,11,49
C#,3,127,19450,19461,11,37
C#,4,127,19450,19461,11,49
C#,4,127,19508,19519,11,49
C#,3,127,19508,19519,11,37
C#,3,127,19528,19539,11,37
C#,4,127,19528,19539,11,49
C#,3,127,19550,19561,11,37
C#,4,127,19550,19561,11,49
C#,3,127,19570,19581,11,37
C#,4,127,19570,19581,11,49
C#,3,127,19590,19603,13,37
C#,4,127,19590,19603,13,49
C#,3,127,19608,19619,11,37
C#,4,127,19608,19619,11,49
C#,4,127,19630,19641,11,49
C#,3,127,19630,19641,11,37
D#,3,127,19691,19701,10,39
D#,4,127,19689,19701,12,51
D#,3,127,19807,19818,11,39
D#,4,127,19807,19818,11,51
D#,4,127,19870,19881,11,51
D#,3,127,19870,19881,11,39
D#,3,127,19890,19901,11,39
D#,4,127,19890,19901,11,51
D#,4,127,19910,19921,11,51
D#,3,127,19910,19921,11,39
D#,3,127,19930,19941,11,39
D#,4,127,19930,19941,11,51
C,4,127,20050,20061,11,48
C,3,127,20050,20061,11,36
C,3,127,20070,20083,13,36
C,4,127,20070,20083,13,48
C,4,127,20088,20099,11,48
C,3,127,20088,20099,11,36
C,3,127,20110,20121,11,36
C,4,127,20110,20121,11,48
G,3,127,20171,20182,11,43
G,2,127,20171,20182,11,31
D#,3,127,20290,20301,11,39
D#,4,127,20290,20301,11,51
D#,4,127,20310,20323,13,51
D#,3,127,20310,20323,13,39
D#,3,127,20328,20339,11,39
D#,4,127,20328,20339,11,51
D#,4,127,20350,20361,11,51
D#,3,127,20350,20361,11,39
G,2,127,20413,20423,10,31
G,3,127,20413,20423,10,43
G,3,127,20471,20482,11,43
G,2,127,20471,20482,11,31
G,2,127,20491,20502,11,31
G,3,127,20491,20502,11,43
G,3,127,20511,20523,12,43
G,2,127,20511,20523,12,31
G,2,127,20531,20541,10,31
G,3,127,20531,20541,10,43
G,3,127,20550,20563,13,43
G,2,127,20550,20563,13,31
G,2,127,20570,20581,11,31
G,3,127,20570,20581,11,43
G,3,127,20591,20604,13,43
G,2,127,20591,20604,13,31
C#,3,74,24732,26122,1390,37
D,3,55,26111,26164,53,38
D#,3,57,26152,26184,32,39
A,4,63,27848,28031,183,57
A,4,55,28088,28274,186,57
A,4,55,28332,28495,163,57
A,4,55,28574,28739,165,57
C,4,84,28566,28922,356,48
A,4,69,28813,28985,172,57
B,3,84,28917,29056,139,47
A,4,63,29052,29197,145,57
A,3,84,29055,29426,371,45
A,4,59,29286,29464,178,57
G,3,88,29417,29537,120,43
A,4,59,29530,29710,180,57
A,4,55,29773,29941,168,57
A,4,55,30014,30169,155,57
A,4,55,30255,30423,168,57
F#,3,84,29533,30493,960,42
A,4,55,30495,30671,176,57
D,3,88,30491,30741,250,38
A,4,55,30735,30861,126,57
G#,3,84,30735,30980,245,44
A,4,63,30983,31111,128,57
A,4,72,31216,31330,114,57
A,4,55,31452,31570,118,57
A,4,55,31688,31816,128,57
F#,3,76,30978,31912,934,42
A#,4,55,31931,32886,955,58
D,3,108,31911,32891,980,38
A,4,72,32880,33835,955,57
F#,3,88,32885,33841,956,42
D,4,83,34360,34387,27,50
C#,4,106,34390,34417,27,49
A#,3,106,34420,34447,27,46
A,3,106,34450,34477,27,45
A#,3,106,34480,34507,27,46
C#,4,106,34510,34537,27,49
D,4,107,34540,34567,27,50
A,3,107,34570,34597,27,45
A#,3,107,34600,34627,27,46
C#,4,107,34630,34657,27,49
D,4,107,34660,34687,27,50
D,4,85,34720,34747,27,50
C#,4,109,34750,34777,27,49
B,4,55,33836,34789,953,59
D#,3,76,33835,34806,971,39
A#,3,109,34780,34807,27,46
A,3,109,34810,34837,27,45
F#,2,123,34808,34854,46,30
A#,3,109,34840,34867,27,46
C#,4,109,34870,34897,27,49
D,4,109,34900,34927,27,50
E,4,110,34930,34957,27,52
E,2,124,34928,34969,41,28
F#,4,110,34960,34987,27,54
G,4,110,34990,35017,27,55
A,4,110,35020,35047,27,57
D,4,88,35140,35167,27,50
D,4,113,35170,35197,27,50
E,4,113,35200,35227,27,52
F#,4,113,35230,35257,27,54
G,4,88,35260,35287,27,55
G,4,113,35290,35317,27,55
F#,2,126,35288,35327,39,30
A,4,114,35320,35347,27,57
A#,4,114,35350,35377,27,58
E,2,127,35348,35384,36,28
C,5,114,35380,35407,27,60
C#,5,89,35440,35467,27,61
C,5,116,35470,35497,27,60
A#,4,116,35500,35527,27,58
D,4,116,35530,35557,27,50
F#,2,127,35528,35569,41,30
A,4,91,35620,35647,27,57
C#,5,116,35650,35677,27,61
E,2,127,35648,35693,45,28
C,5,116,35680,35707,27,60
A#,4,116,35710,35737,27,58
D,4,116,35740,35767,27,50
D,4,93,35860,35887,27,50
D,4,117,35890,35917,27,50
E,4,117,35920,35947,27,52
F#,4,117,35950,35977,27,54
A,2,127,35948,35991,43,33
G,4,117,35980,36007,27,55
A,4,117,36010,36037,27,57
F#,2,127,36008,36044,36,30
A#,4,117,36040,36067,27,58
C,5,117,36070,36097,27,60
E,2,127,36068,36107,39,28
C#,5,117,36100,36127,27,61
C#,5,95,36160,36187,27,61
C,5,118,36190,36217,27,60
A#,4,118,36220,36247,27,58
F#,2,127,36248,36304,56,30
C#,5,96,36280,36307,27,61
C,5,118,36310,36337,27,60
A#,4,118,36340,36367,27,58
D,4,118,36370,36397,27,50
E,2,127,36368,36412,44,28
D,4,97,36460,36487,27,50
G,4,118,36490,36517,27,55
A,4,118,36520,36547,27,57
A#,4,118,36550,36577,27,58
A#,2,127,36548,36587,39,34
C,5,119,36580,36607,27,60
A,2,127,36608,36648,40,33
G,4,119,36670,36697,27,55
G,2,127,36668,36700,32,31
A,4,119,36700,36727,27,57
A#,4,119,36730,36757,27,58
F#,2,127,36728,36767,39,30
C,5,119,36760,36787,27,60
C#,5,119,36790,36817,27,61
E,2,127,36788,36829,41,28
D#,5,119,36820,36847,27,63
A#,2,127,36850,37193,343,34
D#,3,112,37210,37275,65,39
A#,2,112,37330,37685,355,34
D#,3,112,37690,37767,77,39
G,2,112,37810,38168,358,31
F,3,112,38170,38244,74,41
G,2,112,38290,38660,370,31
F,3,112,38650,38711,61,41
D,4,88,38775,38905,130,50
F,2,89,38775,38905,130,29
D#,4,91,38890,39245,355,51
F#,2,91,38890,39245,355,30
E,4,95,39255,39490,235,52
G,2,95,39255,39490,235,31
F#,2,97,39490,39615,125,30
D#,4,97,39490,39615,125,51
G,2,99,39610,39740,130,31
E,4,99,39610,39740,130,52
F#,3,101,39736,39864,128,42
D#,4,92,39741,39869,128,51
E,4,86,39860,39993,133,52
G,3,101,39860,39993,133,43
D#,4,71,39968,40099,131,51
F#,3,97,39973,40104,131,42
G,3,106,40086,40209,123,43
E,4,106,40081,40231,150,52
F#,3,106,40214,40335,121,42
D#,4,106,40199,40358,159,51
E,4,108,40324,40450,126,52
G,3,108,40334,40460,126,43
D#,4,110,40441,40578,137,51
F#,3,110,40451,40588,137,42
E,4,110,40560,40676,116,52
G,3,110,40570,40686,116,43
B,3,90,40690,40827,137,47
D#,4,95,40818,40948,130,51
F#,4,99,40940,41080,140,54
G#,4,104,41057,41185,128,56
A#,4,110,41178,41406,228,58
A#,5,92,41411,41442,31,70
G#,5,95,41435,41462,27,68
F#,5,96,41455,41474,19,66
E,5,98,41471,41486,15,64
D#,5,98,41491,41511,20,63
C#,5,98,41511,41529,18,61
B,4,98,41531,41550,19,59
A#,4,98,41551,41576,25,58
G#,4,98,41571,41597,26,56
C#,5,109,41410,41611,201,61
F#,4,98,41591,41611,20,54
E,4,98,41610,41632,22,52
D#,5,112,41530,41650,120,63
D#,4,98,41630,41653,23,51
E,3,95,40690,41660,970,40
D,5,114,41645,41770,125,62
D,4,98,41651,41882,231,50
A#,4,103,41772,42020,248,58
A#,2,61,41655,42110,455,34
D,5,104,42012,42132,120,62
F,4,110,41661,42235,574,53
C,5,105,42130,42276,146,60
A#,3,110,41650,42605,955,46
G#,5,79,42608,43084,476,68
G,5,95,42373,43085,712,67
A#,2,96,42605,43090,485,34
C,5,106,42491,43094,603,60
F,5,105,42247,43100,853,65
D,3,88,43103,45003,1900,38
D,3,106,45125,45154,29,38
D,3,106,45165,45192,27,38
D,3,106,45206,45232,26,38
D,3,106,45246,45307,61,38
G,2,127,20731,20742,11,31
G,3,127,20731,20742,11,43
G,2,127,20750,20763,13,31
G,3,127,20750,20763,13,43
G,2,127,20771,20782,11,31
G,3,127,20771,20782,11,43
D,4,127,20773,20783,10,50
G,2,127,20790,20803,13,31
G,3,127,20790,20803,13,43
D,4,127,20793,20806,13,50
G,2,127,20810,20822,12,31
G,3,127,20810,20822,12,43
D,4,127,20813,20824,11,50
G,2,127,20830,20843,13,31
G,3,127,20830,20843,13,43
D,4,127,20832,20845,13,50
G,4,106,20955,20962,7,55
D#,4,127,20957,20964,7,51
G,4,92,20975,20981,6,55
C,3,127,20895,20981,86,36
D#,4,106,20977,20982,5,51
G,4,83,20993,21003,10,55
D#,4,106,20991,21006,15,51
G#,4,127,21013,21022,9,56
B,3,119,21013,21025,12,47
G#,4,106,21033,21040,7,56
B,3,106,21036,21046,10,47
B,3,106,21054,21063,9,47
G#,4,92,21052,21065,13,56
F,4,106,21073,21083,10,53
D,4,119,21075,21085,10,50
F,4,83,21093,21103,10,53
D,4,92,21096,21104,8,50
F,4,106,21112,21121,9,53
D,4,89,21114,21127,13,50
G,4,106,21193,21202,9,55
D#,5,127,21197,21205,8,63
C,3,127,21142,21212,70,36
G,4,127,21211,21221,10,55
D#,5,106,21217,21223,6,63
G,4,119,21231,21241,10,55
D#,5,106,21235,21244,9,63
D#,4,119,21253,21261,8,51
D,5,106,21255,21264,9,62
D#,4,127,21273,21281,8,51
D,5,106,21275,21283,8,62
D#,4,127,21291,21299,8,51
D,5,92,21293,21305,12,62
F#,4,127,21315,21324,9,54
B,4,92,21314,21324,10,59
F#,4,92,21335,21343,8,54
B,4,106,21335,21345,10,59
F#,4,106,21351,21360,9,54
B,4,92,21355,21364,9,59
B,4,127,21432,21440,8,59
G,5,127,21432,21440,8,67
B,4,127,21452,21460,8,59
G,5,90,21453,21461,8,67
B,4,90,21470,21478,8,59
G,5,82,21470,21481,11,67
C,3,83,21371,21490,119,36
F#,5,127,21493,21503,10,66
C,5,126,21496,21504,8,60
C,5,101,21510,21520,10,60
F#,5,127,21514,21522,8,66
C,5,104,21529,21541,12,60
F#,5,116,21532,21542,10,66
F#,4,119,21552,21561,9,54
D,5,97,21555,21565,10,62
F#,4,90,21572,21580,8,54
D,5,90,21577,21586,9,62
F#,4,127,21590,21599,9,54
D,5,76,21596,21606,10,62
F,5,127,21610,21620,10,65
A,4,119,21612,21621,9,57
D,3,84,21488,21621,133,38
F,5,121,21629,21638,9,65
A,4,97,21630,21640,10,57
F,5,97,21649,21656,7,65
A,4,104,21650,21663,13,57
D#,5,127,21670,21677,7,63
G,4,116,21671,21680,9,55
D#,5,97,21688,21695,7,63
G,4,101,21690,21698,8,55
D#,5,104,21706,21717,11,63
G,4,127,21710,21719,9,55
D#,3,89,21603,21724,121,39
B,4,121,21728,21738,10,59
D#,4,127,21731,21739,8,51
B,4,114,21748,21758,10,59
D#,4,127,21750,21759,9,51
B,4,76,21768,21777,9,59
D#,4,119,21769,21778,9,51
G#,4,86,21786,21797,11,56
B,3,121,21791,21799,8,47
G#,4,104,21810,21816,6,56
B,3,127,21811,21820,9,47
G#,4,114,21826,21834,8,56
B,3,127,21830,21840,10,47
F,3,92,21724,21844,120,41
D,4,127,21848,21897,49,50
D,3,127,21851,21905,54,38
A,4,106,21915,21922,7,57
F,4,127,21917,21924,7,53
A,3,119,21856,21926,70,45
A,4,92,21935,21941,6,57
F,4,106,21937,21942,5,53
A,4,83,21953,21963,10,57
F,4,106,21951,21966,15,53
A#,4,127,21973,21982,9,58
C#,4,119,21973,21985,12,49
A#,4,106,21993,22000,7,58
C#,4,106,21996,22006,10,49
C#,4,106,22014,22023,9,49
A#,4,92,22012,22025,13,58
G,4,106,22033,22043,10,55
E,4,119,22035,22045,10,52
G,4,83,22053,22063,10,55
E,4,92,22056,22064,8,52
G,4,106,22072,22081,9,55
E,4,89,22074,22087,13,52
D,4,127,22093,22135,42,50
D,3,127,22092,22139,47,38
A,4,106,22153,22162,9,57
F,5,127,22157,22165,8,65
A,3,127,22101,22167,66,45
A,4,127,22171,22181,10,57
F,5,106,22177,22183,6,65
A,4,119,22191,22201,10,57
F,5,106,22195,22204,9,65
F,4,119,22213,22221,8,53
E,5,106,22215,22224,9,64
F,4,127,22233,22241,8,53
E,5,106,22235,22243,8,64
F,4,127,22251,22259,8,53
E,5,92,22253,22265,12,64
G#,4,127,22275,22284,9,56
C#,5,92,22274,22284,10,61
G#,4,92,22295,22303,8,56
C#,5,106,22295,22305,10,61
G#,4,106,22311,22320,9,56
C#,5,92,22315,22324,9,61
D,4,127,22331,22377,46,50
D,3,127,22331,22380,49,38
C#,5,127,22392,22400,8,61
A,5,127,22392,22400,8,69
C#,5,127,22412,22420,8,61
A,5,90,22413,22421,8,69
C#,5,90,22430,22438,8,61
A,5,82,22430,22441,11,69
G#,5,127,22453,22463,10,68
D,5,126,22456,22464,8,62
D,5,101,22470,22480,10,62
G#,5,127,22474,22482,8,68
D,5,104,22489,22501,12,62
G#,5,116,22492,22502,10,68
G#,4,119,22512,22521,9,56
E,5,97,22515,22525,10,64
G#,4,90,22532,22540,8,56
E,5,90,22537,22546,9,64
G#,4,127,22550,22559,9,56
E,5,76,22556,22566,10,64
G,5,127,22570,22580,10,67
B,4,119,22572,22581,9,59
B,3,104,22456,22583,127,47
G,5,121,22589,22598,9,67
B,4,97,22590,22600,10,59
G,5,97,22609,22616,7,67
B,4,104,22610,22623,13,59
F,5,127,22630,22637,7,65
A,4,116,22631,22640,9,57
F,5,97,22648,22655,7,65
A,4,101,22650,22658,8,57
F,5,104,22666,22677,11,65
A,4,127,22670,22679,9,57
C#,5,121,22688,22698,10,61
F,4,127,22691,22699,8,53
C,4,94,22576,22710,134,48
C#,5,114,22708,22718,10,61
F,4,127,22710,22719,9,53
C#,5,76,22728,22737,9,61
F,4,119,22729,22738,9,53
A#,4,86,22746,22757,11,58
C#,4,121,22751,22759,8,49
A#,4,87,22770,22776,6,58
C#,4,109,22771,22780,9,49
A#,4,95,22788,22796,8,58
C#,4,119,22792,22802,10,49
C#,4,90,22699,22804,105,49
E,4,88,22811,22812,1,52
E,4,88,22811,22836,25,52
B,3,77,22830,22848,18,47
F,4,77,22830,22853,23,53
G,4,69,22849,22870,21,55
F,3,74,22850,22877,27,41
E,3,99,22871,22892,21,40
G#,4,55,22869,22894,25,56
G,4,74,22890,22909,19,55
D#,3,77,22890,22910,20,39
E,3,77,22910,22931,21,40
G#,4,74,22909,22934,25,56
F,4,88,22931,22947,16,53
G#,3,88,22931,22956,25,44
E,4,74,22949,22973,24,52
G,3,77,22953,22975,22,43
F,4,69,22969,22990,21,53
G#,3,77,22970,22990,20,44
C,5,77,22989,23009,20,60
B,3,77,22990,23010,20,47
B,4,74,23009,23028,19,59
A#,3,99,23011,23030,19,46
B,3,88,23030,23046,16,47
C,5,77,23029,23047,18,60
E,4,88,23052,23073,21,52
C,5,88,23053,23076,23,60
B,4,69,23071,23091,20,59
C,4,74,23072,23091,19,48
B,3,74,23090,23115,25,47
A,4,74,23091,23127,36,57
G#,4,69,23116,23134,18,56
F,4,88,23111,23134,23,53
B,4,74,23135,23154,19,59
E,4,63,23131,23158,27,52
E,5,88,23153,23164,11,64
C,4,88,23151,23166,15,48
E,5,88,23175,23192,17,64
F,3,74,23171,23198,27,41
G#,3,69,23191,23212,21,44
C,5,74,23195,23215,20,60
B,4,77,23212,23232,20,59
B,3,74,23211,23232,21,47
C,4,74,23232,23250,18,48
G#,4,74,23234,23258,24,56
B,3,77,23251,23272,21,47
E,5,77,23255,23273,18,64
G#,5,77,23271,23282,11,68
C,4,77,23271,23291,20,48
F,4,127,23532,23558,26,53
C#,5,119,23532,23560,28,61
D,3,127,23534,23562,28,38
C#,4,108,23534,23562,28,49
D,3,127,23776,23797,21,38
F,4,127,23772,23799,27,53
C#,5,119,23772,23800,28,61
C#,4,119,23774,23802,28,49
F,4,127,24013,24033,20,53
C#,5,119,24013,24035,22,61
D,3,127,24015,24040,25,38
C#,4,119,24015,24043,28,49
C#,2,127,24020,24096,76,25
A#,3,119,480,818,338,46
A#,2,72,480,818,338,34
F,3,87,1840,1873,33,41
F,3,87,1903,1931,28,41
F,3,87,1963,1994,31,41
A#,3,69,2121,2131,10,46
A#,3,71,2140,2149,9,46
A#,3,71,2160,2310,150,46
A#,3,63,2342,2350,8,46
A#,3,71,2360,2368,8,46
A#,3,71,2377,2387,10,46
A#,3,71,2403,2426,23,46
F,3,71,2461,2484,23,41
F,2,61,3573,3579,6,29
F,2,53,3581,3587,6,29
F,2,61,3590,3595,5,29
F,2,70,3600,3660,60,29
F,2,56,3780,3790,10,29
F,2,61,3795,3803,8,29
F,2,63,3815,3823,8,29
F,2,55,3840,3861,21,29
F,2,52,3900,3923,23,29
A#,2,73,3958,4063,105,34
A,2,71,4076,4173,97,33
A,2,65,4266,4272,6,33
A,2,71,4197,4335,138,33
A#,2,55,4319,4337,18,34
A#,2,56,4358,4376,18,34
A,2,65,4391,4413,22,33
G,2,73,4438,4546,108,31
G,2,71,4560,4641,81,31
F,4,65,5397,5484,87,53
F,3,65,5398,5491,93,41
F,3,71,5512,5530,18,41
F,2,71,5511,5531,20,29
F,2,73,5547,5566,19,29
F,3,62,5550,5568,18,41
F,2,71,5585,5605,20,29
F,3,62,5587,5609,22,41
F,3,71,5633,5736,103,41
F,2,73,5631,5736,105,29
F,3,118,9240,9259,19,41
F,3,62,9330,9353,23,41
F,3,111,9360,9380,20,41
F,3,62,9450,9469,19,41
F,3,105,9480,9498,18,41
F,3,72,9510,9529,19,41
F,3,99,9540,9556,16,41
F,3,69,9570,9591,21,41
F,3,105,9600,9620,20,41
F,3,68,9690,9712,22,41
F,3,113,9720,9741,21,41
F,3,73,9810,9830,20,41
F,3,108,9840,9859,19,41
F,3,68,9870,9890,20,41
F,3,104,9900,9915,15,41
F,3,68,9930,9951,21,41
F,3,106,9960,9980,20,41
F,3,72,10050,10070,20,41
F,3,111,10080,10101,21,41
F,3,65,10170,10191,21,41
F,3,106,10200,10220,20,41
F,3,71,10230,10246,16,41
F,3,102,10260,10279,19,41
F,3,71,10290,10308,18,41
F,3,105,10320,10343,23,41
F,3,78,10410,10432,22,41
F,3,111,10440,10461,21,41
F,3,73,10530,10549,19,41
F,3,105,10560,10579,19,41
F,3,73,10590,10612,22,41
F,3,94,10620,10635,15,41
F,3,77,10650,10673,23,41
F,3,107,10680,10703,23,41
F,3,73,10770,10792,22,41
F,3,107,10800,10822,22,41
F,3,68,10890,10911,21,41
F,3,105,10920,10940,20,41
F,3,71,10950,10960,10,41
F,3,102,10980,10999,19,41
F,3,68,11010,11029,19,41
F,3,111,11040,11065,25,41
F,3,73,11130,11154,24,41
F,3,112,11160,11183,23,41
F,3,65,11250,11269,19,41
F,3,106,11280,11301,21,41
F,3,78,11310,11329,19,41
F,3,107,11340,11356,16,41
F,3,78,11370,11396,26,41
F,3,106,11400,11423,23,41
F,3,73,11490,11510,20,41
F,3,107,11520,11541,21,41
F,3,79,11610,11633,23,41
F,3,112,11640,11659,19,41
F,3,82,11670,11686,16,41
F,3,106,11700,11718,18,41
F,3,95,11730,11753,23,41
F,3,87,11760,11776,16,41
F,3,76,11790,11810,20,41
F,3,86,11820,11838,18,41
F,3,77,11850,11868,18,41
C,3,88,11880,11896,16,36
C,3,82,11910,11927,17,36
C,3,95,11940,11955,15,36
C,3,86,11970,11990,20,36
G,3,119,11995,12032,37,43
G,3,87,12090,12103,13,43
G,3,108,12120,12155,35,43
G,3,87,12210,12223,13,43
G,3,116,12240,12270,30,43
G,3,88,12330,12345,15,43
G,3,112,12360,12380,20,43
G,3,88,12390,12396,6,43
G,3,107,12420,12435,15,43
G,3,96,12450,12468,18,43
G,3,116,12480,12507,27,43
G,3,94,12570,12580,10,43
G,3,112,12600,12621,21,43
G,3,87,12690,12706,16,43
G,3,112,12720,12737,17,43
G,3,86,12750,12766,16,43
G,3,105,12780,12788,8,43
G,3,89,12810,12833,23,43
G,3,116,12840,12861,21,43
G,3,89,12930,12948,18,43
G,3,112,12960,12977,17,43
G,3,80,13050,13063,13,43
G,3,112,13080,13095,15,43
G,3,80,13110,13124,14,43
G,3,107,13140,13151,11,43
G,3,87,13170,13191,21,43
G,3,115,13200,13226,26,43
G,3,78,13290,13308,18,43
G,3,106,13320,13348,28,43
G,3,83,13410,13430,20,43
G,3,108,13440,13460,20,43
G,3,85,13470,13477,7,43
G,3,108,13500,13516,16,43
G,3,86,13530,13551,21,43
G,3,117,13560,13595,35,43
G,3,88,13650,13670,20,43
G,3,106,13680,13707,27,43
G,3,88,13770,13790,20,43
G,3,108,13800,13818,18,43
G,3,95,13830,13846,16,43
G,3,115,13860,13875,15,43
G,3,96,13890,13908,18,43
G,3,112,13920,13944,24,43
D#,3,119,14286,14298,12,39
D#,3,119,14306,14318,12,39
D#,3,119,14328,14343,15,39
D#,3,119,14347,14359,12,39
D#,3,119,14770,14783,13,39
D#,3,119,14790,14802,12,39
D#,3,119,14812,14827,15,39
D#,3,119,14833,14845,12,39
D#,3,119,15246,15260,14,39
D#,3,119,15271,15281,10,39
D#,3,119,15292,15304,12,39
D#,3,119,15311,15321,10,39
D#,3,119,15727,15740,13,39
D#,3,119,15748,15761,13,39
D#,3,119,15771,15783,12,39
D#,3,119,15791,15800,9,39
D#,3,119,16208,16221,13,39
D#,3,119,16228,16239,11,39
D#,3,119,16251,16263,12,39
D#,3,119,16273,16285,12,39
D#,3,119,16690,16703,13,39
D#,3,119,16713,16723,10,39
D#,3,119,16737,16747,10,39
D#,3,119,16755,16767,12,39
G,3,119,17176,17190,14,43
G,3,119,17201,17211,10,43
G,3,119,17222,17234,12,43
G,3,119,17241,17251,10,43
C#,4,119,17294,17323,29,49
C#,4,119,17650,17663,13,49
C#,4,119,17670,17683,13,49
C#,4,119,17693,17705,12,49
C#,4,119,17713,17722,9,49
F#,3,119,18131,18145,14,42
F#,3,119,18156,18166,10,42
F#,3,119,18177,18189,12,42
F#,3,119,18196,18206,10,42
G,3,119,18617,18630,13,43
G,3,119,18638,18651,13,43
G,3,119,18661,18673,12,43
G,3,119,18681,18694,13,43
G,3,119,18701,18714,13,43
G,3,119,18724,18736,12,43
D#,4,119,18733,18761,28,51
G,3,119,19096,19110,14,43
G,3,119,19121,19131,10,43
G,3,119,19142,19154,12,43
G,3,119,19161,19171,10,43
C#,4,119,19214,19243,29,49
C#,4,119,19572,19585,13,49
C#,4,119,19593,19606,13,49
C#,4,119,19616,19628,12,49
C#,4,119,19636,19645,9,49
F#,3,119,20051,20065,14,42
F#,3,119,20076,20086,10,42
F#,3,119,20097,20109,12,42
F#,3,119,20116,20126,10,42
G,3,119,20534,20547,13,43
G,3,119,20554,20567,13,43
G,3,119,20586,20598,12,43
G,3,119,20606,20615,9,43
D,4,119,20656,20659,3,50
D,4,119,20652,20659,7,50
D#,3,119,20770,20783,13,39
D#,3,119,20793,20803,10,39
D#,3,119,20817,20827,10,39
D#,3,119,20835,20847,12,39
B,3,119,20896,21014,118,47
D,4,118,21853,21903,50,50
D,4,119,22099,22144,45,50
D,4,119,22335,22379,44,50
E,4,119,23291,23336,45,52
A#,3,119,23352,23396,44,46
E,4,119,23413,23451,38,52
A#,3,119,23475,23513,38,46
E,4,119,23532,23568,36,52
A#,3,99,23592,23632,40,46
E,4,119,23654,23691,37,52
A#,3,119,23713,23755,42,46
E,4,119,23771,23816,45,52
A#,3,119,23832,23876,44,46
E,4,119,23893,23931,38,52
A#,3,119,23955,23993,38,46
E,4,119,24012,24048,36,52
A#,3,99,24072,24112,40,46
E,4,119,24134,24171,37,52
A#,3,119,24193,24235,42,46
E,4,119,24252,24287,35,52
A#,3,119,24311,24351,40,46
E,4,119,24371,24407,36,52
A#,3,119,24431,24471,40,46
E,4,119,24492,24529,37,52
A#,3,119,24550,24589,39,46
E,4,119,24612,24649,37,52
A#,3,119,24670,24703,33,46
A,3,79,29893,29918,25,45
A,3,96,29953,29978,25,45
A,3,102,30011,30037,26,45
A,3,73,30134,30159,25,45
A,3,76,30256,30278,22,45
A,3,73,31809,31833,24,45
A,3,79,31867,31890,23,45
A,3,85,31930,31961,31,45
A,3,85,32052,32078,26,45
A,3,71,32174,32209,35,45
A,3,85,33730,33755,25,45
A,3,76,33789,33811,22,45
A,3,102,33848,33874,26,45
A,3,90,33971,33997,26,45
A,3,96,34095,34132,37,45
F#,3,85,34450,34473,23,42
E,3,84,34510,34551,41,40
F#,3,96,34810,34830,20,42
E,3,94,34930,34965,35,40
F#,3,96,35290,35315,25,42
E,3,88,35350,35388,38,40
F#,3,97,35530,35555,25,42
E,3,92,35650,35674,24,40
A,3,88,35950,35975,25,45
F#,3,99,36010,36030,20,42
E,3,99,36070,36093,23,40
F#,3,95,36250,36270,20,42
E,3,94,36370,36393,23,40
A#,3,95,36550,36570,20,46
A,3,95,36610,36630,20,45
A#,3,104,36850,36864,14,46
D#,4,93,37210,37220,10,51
D#,4,82,37240,37258,18,51
D#,4,82,37270,37279,9,51
A#,3,108,37330,37349,19,46
D#,4,95,37690,37705,15,51
D#,4,82,37720,37730,10,51
D#,4,95,37750,37764,14,51
G,3,108,37810,37832,22,43
F,4,87,38170,38181,11,53
F,4,92,38200,38220,20,53
F,4,97,38230,38243,13,53
G,3,109,38290,38312,22,43
F,4,89,38650,38661,11,53
F,4,83,38680,38700,20,53
F,4,86,38710,38723,13,53
B,3,99,38770,38784,14,47
E,4,87,39130,39140,10,52
E,4,78,39160,39178,18,52
E,4,78,39190,39199,9,52
B,3,101,39250,39269,19,47
E,4,87,39610,39625,15,52
E,4,75,39640,39650,10,52
E,4,87,39670,39684,14,52
G#,3,99,39730,39752,22,44
F#,4,79,40090,40101,11,54
F#,4,84,40120,40140,20,54
F#,4,87,40150,40163,13,54
G#,3,99,40210,40232,22,44
F#,4,79,40570,40581,11,54
F#,4,84,40600,40620,20,54
F#,4,87,40630,40643,13,54
D,4,111,43086,43097,11,50
D,4,113,43571,43589,18,50
A,3,113,43631,43649,18,45
D,4,113,43691,43712,21,50
A,3,113,43751,43769,18,45
D,4,113,43811,43832,21,50
A,3,113,43871,43891,20,45
D,4,113,43931,43951,20,50
A,3,113,43991,44008,17,45
D,4,113,44051,44071,20,50
A,3,113,44111,44128,17,45
D,4,113,44171,44189,18,50
A,3,113,44231,44248,17,45
D,4,113,44291,44306,15,50
A,3,113,44351,44366,15,45
D,4,113,44411,44431,20,50
A,3,113,44471,44488,17,45
D,4,113,44531,44552,21,50
A,3,113,44591,44612,21,45
D,4,113,44651,44674,23,50
A,3,113,44711,44736,25,45
D,4,113,44771,44791,20,50
A,3,113,44831,44852,21,45
D,4,113,44891,44912,21,50
A,3,113,44950,44993,43,45
D,4,105,45171,45172,1,50
D,4,105,45170,45172,2,50
D,4,105,45211,45226,15,50
D,4,105,45251,45288,37,50
B,4,95,480,1379,899,59
A,4,95,480,1379,899,57
D,3,50,2121,2132,11,38
D,3,55,2138,2146,8,38
D,3,53,2160,2312,152,38
D,3,50,2340,2350,10,38
D,3,53,2355,2363,8,38
D,3,55,2375,2383,8,38
D,3,58,2400,2421,21,38
D,3,53,2460,2483,23,38
D,3,53,2553,2559,6,38
D,3,48,2561,2567,6,38
D,3,53,2570,2575,5,38
D,3,61,2580,2640,60,38
D,3,53,2673,2679,6,38
D,3,48,2681,2687,6,38
D,3,53,2690,2695,5,38
D,3,61,2700,2730,30,38
D,3,43,2735,2740,5,38
D,3,48,2743,2749,6,38
D,3,49,2752,2757,5,38
D,3,55,2761,2771,10,38
D,3,55,2800,2811,11,38
D,3,58,2816,2824,8,38
D,3,58,2831,2845,14,38
D,3,61,2879,2893,14,38
D,3,58,2921,2934,13,38
D,3,58,2957,2973,16,38
D,3,53,3033,3039,6,38
D,3,48,3041,3047,6,38
D,3,53,3050,3055,5,38
D,3,61,3060,3120,60,38
D,3,53,3153,3159,6,38
D,3,48,3161,3167,6,38
D,3,53,3170,3175,5,38
D,3,61,3180,3210,30,38
D,3,43,3215,3220,5,38
D,3,48,3223,3229,6,38
D,3,49,3232,3237,5,38
D,3,55,3241,3251,10,38
D,3,55,3280,3291,11,38
D,3,58,3296,3304,8,38
D,3,58,3311,3325,14,38
D,3,61,3359,3373,14,38
D,3,58,3401,3414,13,38
D,3,58,3437,3453,16,38
D,3,57,3573,3579,6,38
D,3,50,3581,3587,6,38
D,3,57,3590,3595,5,38
D,3,63,3600,3660,60,38
D,3,53,3780,3790,10,38
D,3,57,3795,3803,8,38
D,3,60,3815,3823,8,38
D,3,52,3840,3861,21,38
D,3,49,3900,3923,23,38
D,3,49,3933,3939,6,38
D,3,43,3941,3947,6,38
D,3,49,3950,3955,5,38
D,3,54,3960,4020,60,38
D,3,49,4053,4059,6,38
D,3,43,4061,4067,6,38
D,3,49,4070,4075,5,38
D,3,54,4080,4110,30,38
D,3,49,4173,4179,6,38
D,3,43,4181,4187,6,38
D,3,49,4190,4195,5,38
D,3,54,4200,4260,60,38
D,3,49,4293,4299,6,38
D,3,43,4301,4307,6,38
D,3,49,4310,4315,5,38
D,3,54,4320,4350,30,38
D,3,49,4413,4419,6,38
D,3,43,4421,4427,6,38
D,3,49,4430,4435,5,38
D,3,54,4440,4500,60,38
D,3,49,4533,4539,6,38
D,3,43,4541,4547,6,38
D,3,49,4550,4555,5,38
D,3,54,4560,4590,30,38
D,3,49,4653,4659,6,38
D,3,43,4661,4667,6,38
D,3,49,4670,4675,5,38
D,3,54,4680,4740,60,38
D,3,49,4773,4779,6,38
D,3,43,4781,4787,6,38
D,3,49,4790,4795,5,38
D,3,54,4800,4830,30,38
D,3,49,4893,4899,6,38
D,3,43,4901,4907,6,38
D,3,49,4910,4915,5,38
D,3,54,4920,4980,60,38
D,3,49,5013,5019,6,38
D,3,43,5021,5027,6,38
D,3,49,5030,5035,5,38
D,3,54,5040,5070,30,38
D,3,49,5133,5139,6,38
D,3,43,5141,5147,6,38
D,3,49,5150,5155,5,38
D,3,54,5160,5220,60,38
D,3,49,5253,5259,6,38
D,3,43,5261,5267,6,38
D,3,49,5270,5275,5,38
D,3,54,5280,5310,30,38
D,3,37,5375,5380,5,38
D,3,43,5383,5389,6,38
D,3,44,5392,5397,5,38
D,3,50,5401,5411,10,38
D,3,54,5519,5533,14,38
D,3,52,5561,5574,13,38
D,3,52,5597,5613,16,38
D,3,76,5640,5645,5,38
D,3,50,5647,5653,6,38
D,3,52,5656,5662,6,38
D,3,45,5665,5675,10,38
D,3,63,8520,8534,14,38
D,3,61,8561,8574,13,38
D,3,61,8597,8613,16,38
D,3,76,8640,8646,6,38
D,3,50,8648,8654,6,38
D,3,52,8656,8661,5,38
D,3,45,8665,8675,10,38
D,3,76,8723,8739,16,38
D,3,66,8758,8811,53,38
D,3,94,9240,9256,16,38
D,3,68,9330,9342,12,38
A,4,82,9248,9363,115,57
D,3,85,9360,9376,16,38
D,3,51,9450,9462,12,38
D,3,92,9480,9493,13,38
D,3,67,9510,9528,18,38
D,3,84,9540,9550,10,38
D,3,49,9570,9588,18,38
D,3,92,9600,9618,18,38
D,3,75,9690,9706,16,38
D,3,92,9720,9736,16,38
D,3,55,9810,9823,13,38
D,3,92,9840,9855,15,38
D,3,67,9870,9886,16,38
D,3,95,9900,9915,15,38
D,3,68,9930,9950,20,38
D,3,100,9960,9978,18,38
D,3,73,10050,10068,18,38
D,3,83,10080,10098,18,38
D,3,52,10170,10188,18,38
D,3,89,10200,10215,15,38
D,3,58,10230,10246,16,38
D,3,88,10260,10273,13,38
D,3,64,10290,10311,21,38
D,3,88,10320,10336,16,38
D,3,59,10410,10428,18,38
D,3,94,10440,10456,16,38
D,3,57,10530,10548,18,38
D,3,90,10560,10578,18,38
D,3,51,10590,10606,16,38
D,3,85,10620,10633,13,38
D,3,62,10650,10670,20,38
D,3,87,10680,10699,19,38
D,3,66,10770,10786,16,38
D,3,89,10800,10815,15,38
D,3,60,10890,10908,18,38
D,3,89,10920,10936,16,38
D,3,55,10950,10967,17,38
D,3,85,10980,10993,13,38
D,3,57,11010,11028,18,38
D,3,88,11040,11060,20,38
D,3,66,11130,11148,18,38
D,3,89,11160,11179,19,38
D,3,60,11250,11268,18,38
D,3,85,11280,11297,17,38
D,3,61,11310,11329,19,38
D,3,88,11340,11356,16,38
D,3,68,11370,11391,21,38
D,3,89,11400,11422,22,38
D,3,72,11490,11509,19,38
D,3,89,11520,11541,21,38
D,3,61,11610,11629,19,38
D,3,87,11640,11656,16,38
D,3,69,11670,11689,19,38
D,3,86,11700,11715,15,38
D,3,75,11730,11748,18,38
D,3,75,11760,11773,13,38
D,3,45,11790,11806,16,38
D,3,74,11820,11838,18,38
D,3,59,11850,11867,17,38
D,3,80,11880,11897,17,38
D,3,52,11910,11927,17,38
D,3,87,11940,11956,16,38
D,3,66,11970,11990,20,38
A,4,97,12000,12055,55,57
D,3,66,12090,12107,17,38
D,3,90,12120,12143,23,38
D,3,66,12210,12227,17,38
D,3,88,12240,12258,18,38
D,3,58,12330,12347,17,38
D,3,85,12360,12376,16,38
D,3,55,12390,12407,17,38
D,3,86,12420,12436,16,38
D,3,60,12450,12470,20,38
D,3,86,12480,12501,21,38
D,3,74,12570,12587,17,38
D,3,86,12600,12621,21,38
D,3,58,12690,12708,18,38
D,3,89,12720,12738,18,38
D,3,61,12750,12770,20,38
D,3,80,12780,12794,14,38
D,3,68,12810,12830,20,38
D,3,90,12840,12861,21,38
D,3,61,12930,12950,20,38
D,3,89,12960,12978,18,38
D,3,62,13050,13067,17,38
D,3,90,13080,13096,16,38
D,3,64,13110,13130,20,38
D,3,87,13140,13157,17,38
D,3,58,13170,13186,16,38
D,3,85,13200,13227,27,38
D,3,58,13290,13308,18,38
D,3,89,13320,13340,20,38
D,3,61,13410,13427,17,38
D,3,88,13440,13458,18,38
D,3,73,13470,13481,11,38
D,3,88,13500,13515,15,38
D,3,63,13530,13540,10,38
D,3,96,13560,13583,23,38
D,3,70,13650,13671,21,38
D,3,103,13680,13704,24,38
D,3,84,13770,13788,18,38
D,3,110,13800,13816,16,38
D,3,83,13830,13848,18,38
D,3,113,13860,13875,15,38
D,3,86,13890,13913,23,38
D,3,98,13931,13941,10,38
D,3,125,13941,13942,1,38
D,3,127,13920,13942,22,38
A,4,127,13932,13964,32,57
D,3,92,13998,14009,11,38
D,3,92,14017,14028,11,38
D,3,91,14038,14051,13,38
D,3,90,14052,14063,11,38
D,3,77,14113,14121,8,38
D,3,62,14133,14142,9,38
D,3,87,14153,14163,10,38
D,3,86,14171,14182,11,38
D,3,74,14232,14242,10,38
D,3,72,14251,14264,13,38
D,3,78,14272,14284,12,38
A,4,20,14286,14297,11,57
D#,4,21,14286,14298,12,51
D,3,73,14291,14303,12,38
D,3,81,14312,14324,12,38
D,3,80,14331,14344,13,38
A,4,2,14349,14359,10,57
D#,4,2,14347,14360,13,51
D,3,79,14353,14364,11,38
D,3,79,14413,14424,11,38
D,3,79,14529,14542,13,38
D,3,79,14591,14602,11,38
D,3,51,14611,14621,10,38
D,3,79,14631,14642,11,38
D,3,79,14650,14663,13,38
D,3,71,14712,14722,10,38
D,3,75,14732,14745,13,38
D,3,79,14751,14764,13,38
A,4,7,14770,14780,10,57
D,3,79,14771,14782,11,38
D#,4,7,14770,14783,13,51
D,3,79,14792,14803,11,38
D,3,77,14812,14824,12,38
A,4,2,14833,14836,3,57
A,4,2,14830,14837,7,57
D,3,79,14832,14843,11,38
D,3,79,14892,14902,10,38
D#,4,79,14901,14911,10,51
C,4,79,14900,14911,11,48
D,3,105,15011,15022,11,38
D,3,105,15071,15081,10,38
D,3,105,15088,15100,12,38
D,3,105,15110,15119,9,38
D,3,105,15130,15145,15,38
D,3,105,15191,15202,11,38
D,3,105,15212,15224,12,38
D,3,105,15232,15244,12,38
D,3,105,15251,15262,11,38
D,3,105,15270,15283,13,38
D,3,105,15290,15303,13,38
D,3,105,15311,15323,12,38
D,3,105,15373,15386,13,38
D,3,105,15493,15505,12,38
D,3,95,15553,15563,10,38
D,3,105,15572,15583,11,38
D,3,105,15592,15604,12,38
D,3,95,15610,15620,10,38
D,3,105,15671,15682,11,38
D,3,105,15690,15703,13,38
D,3,105,15710,15722,12,38
D,3,105,15730,15741,11,38
D,3,105,15750,15764,14,38
D,3,105,15770,15781,11,38
D,3,105,15791,15802,11,38
D,3,105,15851,15861,10,38
D,3,105,15971,15982,11,38
D,3,105,16032,16043,11,38
D,3,81,16052,16063,11,38
D,3,105,16071,16082,11,38
D,3,105,16091,16102,11,38
D,3,105,16155,16165,10,38
D,3,100,16174,16185,11,38
D,3,105,16192,16205,13,38
D,3,105,16212,16224,12,38
D,3,105,16231,16244,13,38
D,3,105,16251,16263,12,38
D,3,105,16273,16284,11,38
D,3,105,16332,16343,11,38
D,3,105,16451,16462,11,38
D,3,105,16511,16522,11,38
D,3,100,16531,16544,13,38
D,3,105,16551,16564,13,38
D,3,105,16571,16584,13,38
D,3,105,16632,16643,11,38
D,3,100,16653,16666,13,38
D,3,105,16672,16684,12,38
D,3,105,16691,16702,11,38
D,3,105,16711,16724,13,38
D,3,105,16731,16742,11,38
D,3,105,16751,16761,10,38
D,3,105,16768,16779,11,38
D,3,105,16790,16799,9,38
D,3,105,16812,16822,10,38
D,3,105,16931,16942,11,38
D,3,105,16991,17001,10,38
D,3,105,17008,17020,12,38
D,3,105,17030,17039,9,38
D,3,105,17050,17065,15,38
D,3,105,17111,17122,11,38
D,3,105,17132,17144,12,38
D,3,105,17152,17164,12,38
D,3,105,17171,17182,11,38
D,3,105,17190,17203,13,38
D,3,105,17210,17223,13,38
D,3,105,17231,17243,12,38
D,3,105,17293,17306,13,38
D,3,105,17413,17425,12,38
D,3,95,17473,17483,10,38
D,3,105,17492,17503,11,38
D,3,105,17512,17524,12,38
D,3,95,17530,17540,10,38
D,3,105,17591,17602,11,38
D,3,105,17610,17623,13,38
D,3,105,17630,17642,12,38
D,3,105,17650,17661,11,38
D,3,105,17670,17684,14,38
D,3,105,17690,17701,11,38
D,3,105,17711,17722,11,38
D,3,105,17772,17782,10,38
D,3,105,17891,17902,11,38
D,3,105,17951,17961,10,38
D,3,105,17968,17980,12,38
D,3,105,17990,17999,9,38
D,3,105,18010,18025,15,38
D,3,105,18071,18082,11,38
D,3,105,18092,18104,12,38
D,3,105,18112,18124,12,38
D,3,105,18131,18142,11,38
D,3,105,18150,18163,13,38
D,3,105,18170,18183,13,38
D,3,105,18191,18203,12,38
D,3,105,18253,18266,13,38
D,3,105,18373,18385,12,38
D,3,95,18433,18443,10,38
D,3,105,18452,18463,11,38
D,3,105,18472,18484,12,38
D,3,95,18490,18500,10,38
D,3,105,18551,18562,11,38
D,3,105,18570,18583,13,38
D,3,105,18590,18602,12,38
D,3,105,18610,18621,11,38
D,3,105,18630,18644,14,38
D,3,105,18650,18661,11,38
D,3,105,18671,18681,10,38
D,3,105,18688,18699,11,38
D,3,105,18709,18718,9,38
D,3,105,18732,18742,10,38
D,3,105,18851,18862,11,38
D,3,105,18911,18921,10,38
D,3,105,18928,18940,12,38
D,3,105,18950,18959,9,38
D,3,105,18970,18985,15,38
D,3,105,19031,19042,11,38
D,3,105,19052,19064,12,38
D,3,105,19072,19084,12,38
D,3,105,19091,19102,11,38
D,3,105,19110,19123,13,38
D,3,105,19130,19143,13,38
D,3,105,19151,19163,12,38
D,3,105,19213,19226,13,38
D,3,105,19333,19345,12,38
D,3,95,19393,19403,10,38
D,3,105,19412,19423,11,38
D,3,105,19432,19444,12,38
D,3,95,19450,19460,10,38
D,3,105,19511,19522,11,38
D,3,105,19530,19543,13,38
D,3,105,19550,19562,12,38
D,3,105,19570,19581,11,38
D,3,105,19590,19604,14,38
D,3,105,19610,19621,11,38
D,3,105,19631,19642,11,38
D,3,105,19692,19702,10,38
D,3,105,19811,19822,11,38
D,3,105,19871,19881,10,38
D,3,105,19888,19900,12,38
D,3,105,19910,19919,9,38
D,3,105,19930,19945,15,38
D,3,105,19991,20002,11,38
D,3,105,20012,20024,12,38
D,3,105,20032,20044,12,38
D,3,105,20051,20062,11,38
D,3,105,20070,20083,13,38
D,3,105,20090,20103,13,38
D,3,105,20111,20123,12,38
D,3,105,20173,20186,13,38
C#,4,67,20183,20216,33,49
D,3,105,20293,20305,12,38
D,3,95,20353,20363,10,38
D,3,105,20372,20383,11,38
D,3,105,20392,20404,12,38
D,3,95,20410,20420,10,38
A,4,67,20411,20437,26,57
D,3,105,20471,20482,11,38
D,3,105,20490,20503,13,38
D,3,105,20510,20522,12,38
D,3,105,20530,20542,12,38
A,4,67,20531,20551,20,57
D,3,105,20550,20564,14,38
D,3,105,20570,20582,12,38
D,3,105,20591,20602,11,38
D,3,105,20712,20723,11,38
D,3,100,20733,20746,13,38
D,3,105,20752,20764,12,38
D,3,105,20771,20782,11,38
D,3,105,20791,20804,13,38
D,3,105,20811,20822,11,38
D,3,105,20831,20841,10,38
D,3,105,20848,20859,11,38
D,3,105,20870,20879,9,38
A,4,116,20890,20895,5,57
A,4,127,20885,20896,11,57
A#,3,74,20880,21000,120,46
A,4,127,23300,23310,10,57
A,4,127,23533,23544,11,57
A,4,127,23772,23782,10,57
A,4,127,24012,24028,16,57
A,4,90,24261,24265,4,57
A,4,127,24254,24267,13,57
A,4,81,24375,24378,3,57
A,4,127,24372,24378,6,57
A,4,69,24438,24441,3,57
A,4,127,24431,24446,15,57
A,4,81,24553,24554,1,57
A,4,127,24553,24563,10,57
A,4,76,24673,24674,1,57
A,4,127,24671,24674,3,57
D,3,66,29655,29667,12,38
D,3,66,29695,29703,8,38
D,3,56,29732,29742,10,38
D,3,84,29775,29798,23,38
D,3,56,29901,29911,10,38
D,3,40,29941,29950,9,38
D,3,58,29970,29980,10,38
B,4,58,30015,30023,8,59
D,3,61,30021,30031,10,38
D,3,43,30864,30877,13,38
D,3,8,30898,30906,8,38
D,3,48,30915,30926,11,38
D,3,54,30945,30955,10,38
D,3,106,30972,30988,16,38
D,3,49,31096,31111,15,38
D,3,49,31138,31146,8,38
D,3,67,31172,31188,16,38
D,3,98,31215,31260,45,38
D,3,58,31640,31648,8,38
D,3,57,31658,31666,8,38
D,3,77,31677,31685,8,38
D,3,99,31698,31749,51,38
D,3,72,31821,31837,16,38
D,3,71,31881,31894,13,38
D,3,98,31940,31989,49,38
D,3,52,32060,32069,9,38
D,3,79,32112,32133,21,38
D,3,89,32173,32185,12,38
D,3,49,32298,32306,8,38
D,3,50,32324,32332,8,38
D,3,45,32350,32363,13,38
D,3,68,32380,32388,8,38
D,3,89,32410,32424,14,38
D,3,48,32778,32787,9,38
D,3,47,32806,32814,8,38
D,3,55,32832,32846,14,38
D,3,74,32862,32874,12,38
D,3,55,32895,32910,15,38
B,4,69,32902,32914,12,59
D,3,54,33384,33392,8,38
D,3,33,33413,33421,8,38
D,3,42,33446,33455,9,38
D,3,50,33475,33497,22,38
D,3,97,33506,33526,20,38
D,3,68,33570,33581,11,38
D,3,55,33597,33606,9,38
D,3,97,33627,33654,27,38
D,3,80,33750,33764,14,38
D,3,89,33861,33877,16,38
D,3,3,33928,33936,8,38
D,3,79,33950,33966,16,38
D,3,105,33981,33997,16,38
D,3,86,34040,34060,20,38
D,3,79,34103,34119,16,38
D,3,80,34213,34228,15,38
D,3,76,34241,34253,12,38
D,3,74,34270,34286,16,38
D,3,80,34301,34311,10,38
A,4,127,36733,36753,20,57
B,4,77,38773,38789,16,59
D,3,101,40576,40591,15,38
D,3,112,40603,40618,15,38
D,3,123,40632,40647,15,38
D,3,127,40662,40677,15,38
B,4,117,43093,43176,83,59
D,3,80,43257,43260,3,38
D,3,87,43263,43266,3,38
D,3,98,43271,43274,3,38
D,3,107,43278,43281,3,38
D,3,116,43283,43286,3,38
D,3,123,43289,43292,3,38
A,4,127,43093,43298,205,57
D,3,127,43296,43299,3,38
D,3,127,43301,43304,3,38
D,3,127,43309,43312,3,38
D,3,127,43315,43318,3,38
D,3,127,43321,43324,3,38
D,3,127,43326,43329,3,38
D,3,127,43333,43336,3,38
B,4,127,43333,43416,83,59
A,4,127,43335,43418,83,57
D,3,127,43572,43585,13,38
D,3,127,43650,43658,8,38
D,3,127,43665,43673,8,38
D,3,127,43676,43684,8,38
D,3,127,43695,43702,7,38
D,3,127,43888,43896,8,38
D,3,127,43905,43914,9,38
D,3,127,43915,43923,8,38
D,3,127,43930,43950,20,38
D,3,127,43970,43985,15,38
D,3,127,44010,44030,20,38
D,3,127,44050,44063,13,38
D,3,127,44170,44212,42,38
D,3,127,44290,44301,11,38
D,3,127,44330,44347,17,38
D,3,127,44370,44391,21,38
D,3,127,44410,44436,26,38
D,3,127,44450,44460,10,38
D,3,127,44490,44507,17,38
D,3,127,44530,44551,21,38
D,3,127,44608,44616,8,38
D,3,127,44623,44632,9,38
D,3,127,44638,44646,8,38
D,3,127,44650,44711,61,38
D,3,127,44770,44785,15,38
D,3,127,44810,44828,18,38
D,3,127,44850,44872,22,38
D,3,127,44890,44913,23,38
D,3,127,44930,44945,15,38
D,3,127,44970,45002,32,38
D,3,127,45010,45030,20,38
A,4,125,45013,45095,82,57
D,3,127,45130,45140,10,38
D,3,127,45170,45181,11,38
D,3,127,45210,45223,13,38
D,3,127,45250,45303,53,38